/*******************************************************************************
 * Size: 28 px
 * Bpp: 4
 * Opts: --bpp 4 --size 28 --no-compress --no-prefilter --font fontes/SpaceGrotesk-Medium.ttf -r 0x20-0x7F,0xA0-0xFF,0x2022 --font managed_components/lvgl__lvgl/scripts/built_in_font/FontAwesome5-Solid+Brands+Regular.woff -r 61441,61448,61451,61452,61452,61453,61457,61459,61461,61465,61468,61473,61478,61479,61480,61502,61507,61512,61515,61516,61517,61521,61522,61523,61524,61543,61544,61550,61552,61553,61556,61559,61560,61561,61563,61587,61589,61636,61637,61639,61641,61664,61671,61674,61683,61724,61732,61787,61931,62016,62017,62018,62019,62020,62087,62099,62212,62189,62810,63426,63650 --format lvgl --force-fast-kern-format -o main/fonte_28.c
 ******************************************************************************/

#ifdef LV_LVGL_H_INCLUDE_SIMPLE
#include "lvgl.h"
#else
#include "lvgl.h"
#endif

#ifndef FONTE_28
#define FONTE_28 1
#endif

#if FONTE_28

/*-----------------
 *    BITMAPS
 *----------------*/

/*Store the image of the glyphs*/
static LV_ATTRIBUTE_LARGE_CONST const uint8_t glyph_bitmap[] = {
    /* U+0020 " " */

    /* U+0021 "!" */
    0xa, 0xff, 0x50, 0xa, 0xff, 0x50, 0xa, 0xff,
    0x50, 0xa, 0xff, 0x50, 0xa, 0xff, 0x50, 0xa,
    0xff, 0x50, 0xa, 0xff, 0x50, 0xa, 0xff, 0x50,
    0xa, 0xff, 0x50, 0xa, 0xff, 0x50, 0xa, 0xff,
    0x50, 0xa, 0xff, 0x50, 0xa, 0xff, 0x50, 0x5,
    0x88, 0x20, 0x1, 0x65, 0x0, 0x1e, 0xff, 0xb0,
    0x6f, 0xff, 0xf1, 0x4f, 0xff, 0xf0, 0x8, 0xed,
    0x40,

    /* U+0022 "\"" */
    0x9, 0xfe, 0x50, 0x3c, 0xfb, 0x14, 0xff, 0xff,
    0xc, 0xff, 0xf8, 0x5f, 0xff, 0xf1, 0xdf, 0xff,
    0x90, 0xcf, 0xff, 0x15, 0xff, 0xf9, 0x0, 0x2d,
    0xf0, 0x0, 0x7f, 0x80, 0xdf, 0xfc, 0x5, 0xff,
    0xf4, 0x8, 0x97, 0x0, 0x39, 0x83, 0x0,

    /* U+0023 "#" */
    0x0, 0x8, 0xff, 0x10, 0x5, 0xff, 0x40, 0x0,
    0x0, 0x8, 0xff, 0x10, 0x5, 0xff, 0x40, 0x0,
    0x0, 0x8, 0xff, 0x10, 0x5, 0xff, 0x40, 0x0,
    0x0, 0x8, 0xff, 0x10, 0x5, 0xff, 0x40, 0x0,
    0x0, 0x8, 0xff, 0x10, 0x5, 0xff, 0x40, 0x0,
    0xdf, 0xff, 0xff, 0xff, 0xff, 0xff, 0xff, 0xf8,
    0xdf, 0xff, 0xff, 0xff, 0xff, 0xff, 0xff, 0xf8,
    0x56, 0x6b, 0xff, 0x76, 0x6a, 0xff, 0x96, 0x63,
    0x0, 0x8, 0xff, 0x10, 0x5, 0xff, 0x40, 0x0,
    0x0, 0x8, 0xff, 0x10, 0x5, 0xff, 0x40, 0x0,
    0x0, 0x8, 0xff, 0x10, 0x5, 0xff, 0x40, 0x0,
    0xdf, 0xff, 0xff, 0xff, 0xff, 0xff, 0xff, 0xf8,
    0xdf, 0xff, 0xff, 0xff, 0xff, 0xff, 0xff, 0xf8,
    0x67, 0x7c, 0xff, 0x87, 0x7a, 0xff, 0x97, 0x74,
    0x0, 0x8, 0xff, 0x10, 0x5, 0xff, 0x40, 0x0,
    0x0, 0x8, 0xff, 0x10, 0x5, 0xff, 0x40, 0x0,
    0x0, 0x8, 0xff, 0x10, 0x5, 0xff, 0x40, 0x0,
    0x0, 0x8, 0xff, 0x10, 0x5, 0xff, 0x40, 0x0,
    0x0, 0x8, 0xff, 0x10, 0x5, 0xff, 0x40, 0x0,

    /* U+0024 "$" */
    0x0, 0x0, 0x0, 0x7b, 0xb0, 0x0, 0x0, 0x0,
    0x0, 0x0, 0xb, 0xff, 0x10, 0x0, 0x0, 0x0,
    0x0, 0x0, 0xbf, 0xf1, 0x0, 0x0, 0x0, 0x0,
    0x17, 0xbf, 0xff, 0xb6, 0x0, 0x0, 0x0, 0x6f,
    0xff, 0xff, 0xff, 0xfe, 0x50, 0x0, 0x5f, 0xff,
    0xff, 0xff, 0xff, 0xff, 0x50, 0xe, 0xff, 0x90,
    0xbf, 0xf2, 0xaf, 0xfe, 0x3, 0xff, 0xd0, 0xb,
    0xff, 0x10, 0xdf, 0xf5, 0x5f, 0xfa, 0x0, 0xbf,
    0xf1, 0x8, 0xff, 0x73, 0xff, 0xd0, 0xb, 0xff,
    0x10, 0x7f, 0xf8, 0xe, 0xff, 0xb2, 0xbf, 0xf1,
    0x1, 0x33, 0x10, 0x6f, 0xff, 0xff, 0xff, 0x10,
    0x0, 0x0, 0x0, 0x6f, 0xff, 0xff, 0xff, 0xb4,
    0x0, 0x0, 0x0, 0x17, 0xcf, 0xff, 0xff, 0xfc,
    0x20, 0x0, 0x0, 0x0, 0xbf, 0xfe, 0xff, 0xfe,
    0x13, 0x33, 0x0, 0xb, 0xff, 0x14, 0xef, 0xf9,
    0xdf, 0xf2, 0x0, 0xbf, 0xf1, 0x4, 0xff, 0xdc,
    0xff, 0x40, 0xb, 0xff, 0x10, 0x1f, 0xfe, 0x9f,
    0xfa, 0x0, 0xbf, 0xf1, 0x4, 0xff, 0xc3, 0xff,
    0xf7, 0xb, 0xff, 0x12, 0xdf, 0xf8, 0x9, 0xff,
    0xfd, 0xef, 0xfb, 0xff, 0xfe, 0x10, 0x9, 0xff,
    0xff, 0xff, 0xff, 0xfd, 0x20, 0x0, 0x3, 0xaf,
    0xff, 0xff, 0xc7, 0x0, 0x0, 0x0, 0x0, 0xb,
    0xff, 0x10, 0x0, 0x0, 0x0, 0x0, 0x0, 0xbf,
    0xf1, 0x0, 0x0, 0x0, 0x0, 0x0, 0xb, 0xff,
    0x10, 0x0, 0x0,

    /* U+0025 "%" */
    0x0, 0x0, 0x0, 0x0, 0x0, 0x0, 0x0, 0x0,
    0x0, 0x0, 0x0, 0x4, 0xbe, 0xfe, 0x91, 0x0,
    0x0, 0x0, 0x1, 0xc3, 0x0, 0x5, 0xff, 0xff,
    0xff, 0xe1, 0x0, 0x0, 0x0, 0xcf, 0xf1, 0x0,
    0xef, 0xb1, 0x3, 0xef, 0x90, 0x0, 0x0, 0xaf,
    0xf5, 0x0, 0x1f, 0xf3, 0x0, 0x8, 0xfc, 0x0,
    0x0, 0x7f, 0xf8, 0x0, 0x1, 0xff, 0x40, 0x0,
    0x9f, 0xc0, 0x0, 0x4f, 0xfa, 0x0, 0x0, 0xe,
    0xfc, 0x20, 0x4f, 0xf9, 0x0, 0x2f, 0xfd, 0x0,
    0x0, 0x0, 0x5f, 0xff, 0xff, 0xfe, 0x10, 0x1d,
    0xfe, 0x20, 0x0, 0x0, 0x0, 0x3a, 0xde, 0xd8,
    0x10, 0xb, 0xff, 0x30, 0x0, 0x0, 0x0, 0x0,
    0x0, 0x0, 0x0, 0x9, 0xff, 0x60, 0x0, 0x0,
    0x0, 0x0, 0x0, 0x0, 0x0, 0x6, 0xff, 0x90,
    0x0, 0x0, 0x0, 0x0, 0x0, 0x0, 0x0, 0x3,
    0xff, 0xb0, 0x4b, 0xee, 0xb5, 0x0, 0x0, 0x0,
    0x0, 0x1, 0xef, 0xd1, 0x6f, 0xff, 0xff, 0xf8,
    0x0, 0x0, 0x0, 0x0, 0xdf, 0xf2, 0x1f, 0xfb,
    0x11, 0x9f, 0xf2, 0x0, 0x0, 0x0, 0xaf, 0xf4,
    0x4, 0xff, 0x10, 0x0, 0xef, 0x70, 0x0, 0x0,
    0x8f, 0xf7, 0x0, 0x6f, 0xf0, 0x0, 0xc, 0xf9,
    0x0, 0x0, 0x5f, 0xfa, 0x0, 0x5, 0xff, 0x10,
    0x0, 0xef, 0x70, 0x0, 0x3f, 0xfc, 0x0, 0x0,
    0x1f, 0xfa, 0x0, 0x8f, 0xf3, 0x0, 0x1e, 0xfe,
    0x10, 0x0, 0x0, 0x7f, 0xff, 0xff, 0xfa, 0x0,
    0x9, 0xff, 0x30, 0x0, 0x0, 0x0, 0x5c, 0xff,
    0xd6, 0x0, 0x0, 0x9, 0x50, 0x0, 0x0, 0x0,
    0x0, 0x0, 0x0, 0x0, 0x0,

    /* U+0026 "&" */
    0x0, 0x29, 0xdf, 0xff, 0xf3, 0x0, 0x0, 0x0,
    0x6, 0xff, 0xff, 0xff, 0xf3, 0x0, 0x0, 0x0,
    0x3f, 0xff, 0xd7, 0x55, 0x51, 0x0, 0x0, 0x0,
    0xaf, 0xfa, 0x0, 0x0, 0x0, 0x0, 0x0, 0x0,
    0xcf, 0xf3, 0x0, 0x0, 0x0, 0x0, 0x0, 0x0,
    0xcf, 0xf2, 0x0, 0x0, 0x5, 0xff, 0x80, 0x0,
    0x8f, 0xf6, 0x0, 0x0, 0x5, 0xff, 0x80, 0x0,
    0x1e, 0xff, 0x71, 0x0, 0x5, 0xff, 0x80, 0x0,
    0x1, 0x9f, 0xff, 0xff, 0xff, 0xff, 0xff, 0xf3,
    0x0, 0x4d, 0xff, 0xff, 0xff, 0xff, 0xff, 0xf3,
    0x8, 0xff, 0xd8, 0x66, 0x69, 0xff, 0xb6, 0x61,
    0x5f, 0xfa, 0x0, 0x0, 0x5, 0xff, 0x80, 0x0,
    0xcf, 0xf1, 0x0, 0x0, 0x5, 0xff, 0x80, 0x0,
    0xef, 0xe0, 0x0, 0x0, 0x5, 0xff, 0x80, 0x0,
    0xef, 0xf1, 0x0, 0x0, 0x5, 0xff, 0x80, 0x0,
    0xbf, 0xf9, 0x0, 0x0, 0x5, 0xff, 0x80, 0x0,
    0x4f, 0xff, 0xd8, 0x66, 0x69, 0xff, 0x80, 0x0,
    0x7, 0xff, 0xff, 0xff, 0xff, 0xff, 0x80, 0x0,
    0x0, 0x3a, 0xdf, 0xff, 0xff, 0xff, 0x80, 0x0,

    /* U+0027 "'" */
    0x9, 0xfe, 0x50, 0x4f, 0xff, 0xf0, 0x5f, 0xff,
    0xf1, 0xc, 0xff, 0xf1, 0x0, 0x2d, 0xf0, 0xd,
    0xff, 0xc0, 0x8, 0x97, 0x0,

    /* U+0028 "(" */
    0x0, 0x0, 0x0, 0x14, 0x54, 0x0, 0x0, 0x4c,
    0xff, 0xfa, 0x0, 0xa, 0xff, 0xff, 0xfa, 0x0,
    0x9f, 0xff, 0x94, 0x10, 0x4, 0xff, 0xf3, 0x0,
    0x0, 0xb, 0xff, 0x60, 0x0, 0x0, 0xf, 0xfe,
    0x0, 0x0, 0x0, 0x3f, 0xfa, 0x0, 0x0, 0x0,
    0x5f, 0xf7, 0x0, 0x0, 0x0, 0x6f, 0xf6, 0x0,
    0x0, 0x0, 0x7f, 0xf5, 0x0, 0x0, 0x0, 0x7f,
    0xf5, 0x0, 0x0, 0x0, 0x7f, 0xf5, 0x0, 0x0,
    0x0, 0x7f, 0xf5, 0x0, 0x0, 0x0, 0x7f, 0xf5,
    0x0, 0x0, 0x0, 0x7f, 0xf5, 0x0, 0x0, 0x0,
    0x7f, 0xf5, 0x0, 0x0, 0x0, 0x7f, 0xf5, 0x0,
    0x0, 0x0, 0x7f, 0xf5, 0x0, 0x0, 0x0, 0x6f,
    0xf6, 0x0, 0x0, 0x0, 0x5f, 0xf8, 0x0, 0x0,
    0x0, 0x2f, 0xfb, 0x0, 0x0, 0x0, 0xe, 0xff,
    0x10, 0x0, 0x0, 0x8, 0xff, 0xa0, 0x0, 0x0,
    0x1, 0xef, 0xfa, 0x10, 0x0, 0x0, 0x4f, 0xff,
    0xfb, 0x84, 0x0, 0x3, 0xdf, 0xff, 0xfa, 0x0,
    0x0, 0x4, 0x9d, 0xea,

    /* U+0029 ")" */
    0x55, 0x30, 0x0, 0x0, 0x0, 0xef, 0xff, 0xa2,
    0x0, 0x0, 0xef, 0xff, 0xff, 0x60, 0x0, 0x1,
    0x5c, 0xff, 0xf5, 0x0, 0x0, 0x0, 0x7f, 0xff,
    0x0, 0x0, 0x0, 0xa, 0xff, 0x70, 0x0, 0x0,
    0x2, 0xff, 0xc0, 0x0, 0x0, 0x0, 0xef, 0xf0,
    0x0, 0x0, 0x0, 0xbf, 0xf1, 0x0, 0x0, 0x0,
    0xaf, 0xf2, 0x0, 0x0, 0x0, 0x9f, 0xf2, 0x0,
    0x0, 0x0, 0x9f, 0xf3, 0x0, 0x0, 0x0, 0x9f,
    0xf3, 0x0, 0x0, 0x0, 0x9f, 0xf3, 0x0, 0x0,
    0x0, 0x9f, 0xf3, 0x0, 0x0, 0x0, 0x9f, 0xf3,
    0x0, 0x0, 0x0, 0x9f, 0xf3, 0x0, 0x0, 0x0,
    0x9f, 0xf3, 0x0, 0x0, 0x0, 0x9f, 0xf2, 0x0,
    0x0, 0x0, 0xaf, 0xf1, 0x0, 0x0, 0x0, 0xcf,
    0xf0, 0x0, 0x0, 0x0, 0xff, 0xd0, 0x0, 0x0,
    0x5, 0xff, 0xa0, 0x0, 0x0, 0x1e, 0xff, 0x40,
    0x0, 0x3, 0xdf, 0xfc, 0x0, 0x68, 0xcf, 0xff,
    0xe1, 0x0, 0xef, 0xff, 0xfb, 0x10, 0x0, 0xde,
    0xc8, 0x30, 0x0, 0x0,

    /* U+002A "*" */
    0x0, 0x0, 0x7, 0xf5, 0x0, 0x0, 0x0, 0x8,
    0x20, 0x7f, 0x50, 0x37, 0x0, 0x4, 0xfe, 0x26,
    0xf4, 0x4f, 0xf2, 0x0, 0x7, 0xfd, 0x5f, 0x3e,
    0xf5, 0x0, 0x0, 0x5, 0xfd, 0xfd, 0xe4, 0x0,
    0x8, 0xcc, 0xab, 0xff, 0xfa, 0xac, 0xc7, 0xbf,
    0xfd, 0xdf, 0xff, 0xde, 0xff, 0x90, 0x0, 0x2c,
    0xff, 0xfb, 0x10, 0x0, 0x0, 0x4f, 0xe5, 0xf4,
    0xfe, 0x30, 0x0, 0x4f, 0xf3, 0x6f, 0x45, 0xfe,
    0x20, 0x0, 0xb3, 0x7, 0xf5, 0x5, 0x90, 0x0,
    0x0, 0x0, 0x7f, 0x50, 0x0, 0x0, 0x0, 0x0,
    0x0, 0x10, 0x0, 0x0, 0x0,

    /* U+002B "+" */
    0x0, 0x0, 0x5, 0x88, 0x0, 0x0, 0x0, 0x0,
    0x0, 0xaf, 0xf0, 0x0, 0x0, 0x0, 0x0, 0xa,
    0xff, 0x0, 0x0, 0x0, 0x0, 0x0, 0xaf, 0xf0,
    0x0, 0x0, 0x0, 0x0, 0xa, 0xff, 0x0, 0x0,
    0x2, 0xff, 0xff, 0xff, 0xff, 0xff, 0xf8, 0x2f,
    0xff, 0xff, 0xff, 0xff, 0xff, 0x81, 0x99, 0x99,
    0xdf, 0xf9, 0x99, 0x95, 0x0, 0x0, 0xa, 0xff,
    0x0, 0x0, 0x0, 0x0, 0x0, 0xaf, 0xf0, 0x0,
    0x0, 0x0, 0x0, 0xa, 0xff, 0x0, 0x0, 0x0,
    0x0, 0x0, 0xaf, 0xf0, 0x0, 0x0,

    /* U+002C "," */
    0x0, 0x21, 0x0, 0xc, 0xff, 0x60, 0x5f, 0xff,
    0xf0, 0x5f, 0xff, 0xf1, 0x9, 0xff, 0xf1, 0x0,
    0xc, 0xf1, 0x0, 0x1e, 0xf0, 0xd, 0xff, 0xa0,
    0x8, 0x96, 0x0,

    /* U+002D "-" */
    0x89, 0x99, 0x99, 0x99, 0x3e, 0xff, 0xff, 0xff,
    0xf5, 0xef, 0xff, 0xff, 0xff, 0x50,

    /* U+002E "." */
    0x1, 0x65, 0x0, 0x1e, 0xff, 0xb0, 0x6f, 0xff,
    0xf1, 0x4f, 0xff, 0xf0, 0x8, 0xed, 0x40,

    /* U+002F "/" */
    0x0, 0x0, 0x0, 0x0, 0x2f, 0xfb, 0x0, 0x0,
    0x0, 0x0, 0x7f, 0xf6, 0x0, 0x0, 0x0, 0x0,
    0xcf, 0xf1, 0x0, 0x0, 0x0, 0x2, 0xff, 0xb0,
    0x0, 0x0, 0x0, 0x7, 0xff, 0x60, 0x0, 0x0,
    0x0, 0xc, 0xff, 0x10, 0x0, 0x0, 0x0, 0x2f,
    0xfb, 0x0, 0x0, 0x0, 0x0, 0x7f, 0xf6, 0x0,
    0x0, 0x0, 0x0, 0xcf, 0xf1, 0x0, 0x0, 0x0,
    0x1, 0xff, 0xc0, 0x0, 0x0, 0x0, 0x7, 0xff,
    0x60, 0x0, 0x0, 0x0, 0xc, 0xff, 0x10, 0x0,
    0x0, 0x0, 0x1f, 0xfc, 0x0, 0x0, 0x0, 0x0,
    0x6f, 0xf7, 0x0, 0x0, 0x0, 0x0, 0xcf, 0xf1,
    0x0, 0x0, 0x0, 0x1, 0xff, 0xc0, 0x0, 0x0,
    0x0, 0x6, 0xff, 0x70, 0x0, 0x0, 0x0, 0xc,
    0xff, 0x20, 0x0, 0x0, 0x0, 0x1f, 0xfc, 0x0,
    0x0, 0x0, 0x0, 0x6f, 0xf7, 0x0, 0x0, 0x0,
    0x0, 0xbf, 0xf2, 0x0, 0x0, 0x0, 0x1, 0xff,
    0xc0, 0x0, 0x0, 0x0, 0x6, 0xff, 0x70, 0x0,
    0x0, 0x0, 0xb, 0xff, 0x20, 0x0, 0x0, 0x0,
    0x1f, 0xfd, 0x0, 0x0, 0x0, 0x0,

    /* U+0030 "0" */
    0x0, 0x0, 0x5a, 0xef, 0xfe, 0xa5, 0x0, 0x0,
    0x0, 0x2c, 0xff, 0xff, 0xff, 0xff, 0xd2, 0x0,
    0x1, 0xef, 0xff, 0xca, 0xac, 0xff, 0xfe, 0x10,
    0xa, 0xff, 0xd3, 0x0, 0x0, 0x2d, 0xff, 0xa0,
    0xf, 0xff, 0x20, 0x0, 0x0, 0x2, 0xff, 0xf1,
    0x4f, 0xfb, 0x0, 0x0, 0x0, 0x0, 0xaf, 0xf5,
    0x6f, 0xf8, 0x0, 0x0, 0x0, 0x0, 0x7f, 0xf7,
    0x7f, 0xf7, 0x0, 0x0, 0x0, 0x0, 0x6f, 0xf8,
    0x7f, 0xf7, 0x0, 0x0, 0x0, 0x0, 0x6f, 0xf8,
    0x7f, 0xf7, 0x0, 0x0, 0x0, 0x0, 0x6f, 0xf8,
    0x7f, 0xf7, 0x0, 0x0, 0x0, 0x0, 0x6f, 0xf8,
    0x7f, 0xf7, 0x0, 0x0, 0x0, 0x0, 0x6f, 0xf8,
    0x6f, 0xf8, 0x0, 0x0, 0x0, 0x0, 0x7f, 0xf7,
    0x4f, 0xfb, 0x0, 0x0, 0x0, 0x0, 0xaf, 0xf5,
    0x1f, 0xff, 0x20, 0x0, 0x0, 0x1, 0xff, 0xf1,
    0xa, 0xff, 0xd2, 0x0, 0x0, 0x2d, 0xff, 0xb0,
    0x1, 0xef, 0xff, 0xca, 0xac, 0xff, 0xfe, 0x20,
    0x0, 0x2d, 0xff, 0xff, 0xff, 0xff, 0xd2, 0x0,
    0x0, 0x0, 0x5a, 0xef, 0xfe, 0xb5, 0x0, 0x0,

    /* U+0031 "1" */
    0x0, 0x0, 0x7f, 0xff, 0xff, 0x20, 0x0, 0x1f,
    0xff, 0xff, 0xf2, 0x0, 0x8, 0xff, 0x8c, 0xff,
    0x20, 0x1, 0xff, 0xf1, 0xcf, 0xf2, 0x0, 0x8f,
    0xf8, 0xc, 0xff, 0x20, 0x1f, 0xff, 0x10, 0xcf,
    0xf2, 0x9, 0xff, 0x70, 0xc, 0xff, 0x22, 0xff,
    0xe0, 0x0, 0xcf, 0xf2, 0x36, 0x64, 0x0, 0xc,
    0xff, 0x20, 0x0, 0x0, 0x0, 0xcf, 0xf2, 0x0,
    0x0, 0x0, 0xc, 0xff, 0x20, 0x0, 0x0, 0x0,
    0xcf, 0xf2, 0x0, 0x0, 0x0, 0xc, 0xff, 0x20,
    0x0, 0x0, 0x0, 0xcf, 0xf2, 0x0, 0x0, 0x0,
    0xc, 0xff, 0x20, 0x0, 0x0, 0x0, 0xcf, 0xf2,
    0x0, 0x0, 0x0, 0xc, 0xff, 0x20, 0x0, 0x0,
    0x0, 0xcf, 0xf2, 0x0, 0x0, 0x0, 0xc, 0xff,
    0x20,

    /* U+0032 "2" */
    0x0, 0x1, 0x7c, 0xef, 0xec, 0x71, 0x0, 0x0,
    0x5, 0xef, 0xff, 0xff, 0xff, 0xf6, 0x0, 0x4,
    0xff, 0xff, 0xba, 0xbe, 0xff, 0xf6, 0x0, 0xef,
    0xf9, 0x10, 0x0, 0x9, 0xff, 0xf1, 0x4f, 0xfc,
    0x0, 0x0, 0x0, 0xb, 0xff, 0x57, 0xff, 0x60,
    0x0, 0x0, 0x0, 0x7f, 0xf8, 0x6b, 0xb4, 0x0,
    0x0, 0x0, 0x7, 0xff, 0x70, 0x0, 0x0, 0x0,
    0x0, 0x0, 0xcf, 0xf5, 0x0, 0x0, 0x0, 0x0,
    0x0, 0x8f, 0xff, 0x0, 0x0, 0x0, 0x0, 0x5,
    0xcf, 0xff, 0x50, 0x0, 0x0, 0x5, 0xaf, 0xff,
    0xff, 0x50, 0x0, 0x0, 0x8f, 0xff, 0xff, 0xe8,
    0x10, 0x0, 0x1, 0xdf, 0xff, 0xe9, 0x40, 0x0,
    0x0, 0x0, 0xcf, 0xfc, 0x40, 0x0, 0x0, 0x0,
    0x0, 0x3f, 0xfc, 0x0, 0x0, 0x0, 0x0, 0x0,
    0x8, 0xff, 0x60, 0x0, 0x0, 0x0, 0x0, 0x0,
    0x9f, 0xfb, 0x99, 0x99, 0x99, 0x99, 0x99, 0x3a,
    0xff, 0xff, 0xff, 0xff, 0xff, 0xff, 0xf6, 0xaf,
    0xff, 0xff, 0xff, 0xff, 0xff, 0xff, 0x60,

    /* U+0033 "3" */
    0x6f, 0xff, 0xff, 0xff, 0xff, 0xff, 0xff, 0x56,
    0xff, 0xff, 0xff, 0xff, 0xff, 0xff, 0xf5, 0x39,
    0x99, 0x99, 0x99, 0x99, 0x9f, 0xff, 0x50, 0x0,
    0x0, 0x0, 0x0, 0x2b, 0xff, 0xf4, 0x0, 0x0,
    0x0, 0x1, 0x9f, 0xff, 0xd4, 0x0, 0x0, 0x0,
    0x8, 0xff, 0xfe, 0x60, 0x0, 0x0, 0x0, 0x6e,
    0xff, 0xf8, 0x0, 0x0, 0x0, 0x0, 0xc, 0xff,
    0xe4, 0x10, 0x0, 0x0, 0x0, 0x0, 0xcf, 0xff,
    0xff, 0xfa, 0x20, 0x0, 0x0, 0xc, 0xff, 0xff,
    0xff, 0xff, 0x50, 0x0, 0x0, 0x0, 0x0, 0x14,
    0xaf, 0xff, 0x20, 0x0, 0x0, 0x0, 0x0, 0x0,
    0x9f, 0xf8, 0xab, 0xb0, 0x0, 0x0, 0x0, 0x4,
    0xff, 0xac, 0xff, 0x20, 0x0, 0x0, 0x0, 0x4f,
    0xfa, 0x9f, 0xf8, 0x0, 0x0, 0x0, 0x9, 0xff,
    0x83, 0xff, 0xf7, 0x0, 0x0, 0x7, 0xff, 0xf2,
    0x9, 0xff, 0xfe, 0xba, 0xbe, 0xff, 0xf8, 0x0,
    0x8, 0xff, 0xff, 0xff, 0xff, 0xf8, 0x0, 0x0,
    0x2, 0x8c, 0xef, 0xec, 0x82, 0x0, 0x0,

    /* U+0034 "4" */
    0x0, 0x0, 0x0, 0x1, 0xef, 0xff, 0xfa, 0x0,
    0x0, 0x0, 0x0, 0x0, 0xaf, 0xfe, 0xff, 0xa0,
    0x0, 0x0, 0x0, 0x0, 0x4f, 0xfd, 0x4f, 0xfa,
    0x0, 0x0, 0x0, 0x0, 0xe, 0xff, 0x34, 0xff,
    0xa0, 0x0, 0x0, 0x0, 0x9, 0xff, 0x80, 0x4f,
    0xfa, 0x0, 0x0, 0x0, 0x3, 0xff, 0xd0, 0x4,
    0xff, 0xa0, 0x0, 0x0, 0x0, 0xdf, 0xf4, 0x0,
    0x4f, 0xfa, 0x0, 0x0, 0x0, 0x8f, 0xf9, 0x0,
    0x4, 0xff, 0xa0, 0x0, 0x0, 0x2f, 0xfe, 0x10,
    0x0, 0x4f, 0xfa, 0x0, 0x0, 0xc, 0xff, 0x50,
    0x0, 0x4, 0xff, 0xa0, 0x0, 0x7, 0xff, 0xa0,
    0x0, 0x0, 0x4f, 0xfa, 0x0, 0x1, 0xff, 0xe1,
    0x0, 0x0, 0x4, 0xff, 0xa0, 0x0, 0x3f, 0xfd,
    0x99, 0x99, 0x99, 0xaf, 0xfd, 0x99, 0x83, 0xff,
    0xff, 0xff, 0xff, 0xff, 0xff, 0xff, 0xff, 0x3f,
    0xff, 0xff, 0xff, 0xff, 0xff, 0xff, 0xff, 0xf0,
    0x0, 0x0, 0x0, 0x0, 0x4, 0xff, 0xa0, 0x0,
    0x0, 0x0, 0x0, 0x0, 0x0, 0x4f, 0xfa, 0x0,
    0x0, 0x0, 0x0, 0x0, 0x0, 0x4, 0xff, 0xa0,
    0x0, 0x0, 0x0, 0x0, 0x0, 0x0, 0x4f, 0xfa,
    0x0, 0x0,

    /* U+0035 "5" */
    0x2f, 0xff, 0xff, 0xff, 0xff, 0xff, 0xff, 0x2,
    0xff, 0xff, 0xff, 0xff, 0xff, 0xff, 0xf0, 0x2f,
    0xfe, 0x99, 0x99, 0x99, 0x99, 0x99, 0x2, 0xff,
    0xc0, 0x0, 0x0, 0x0, 0x0, 0x0, 0x2f, 0xfc,
    0x0, 0x0, 0x0, 0x0, 0x0, 0x2, 0xff, 0xc0,
    0x1, 0x46, 0x41, 0x0, 0x0, 0x2f, 0xfc, 0x9,
    0xff, 0xff, 0xfa, 0x10, 0x2, 0xff, 0xda, 0xff,
    0xff, 0xff, 0xfe, 0x10, 0x2f, 0xff, 0xfc, 0x30,
    0x15, 0xef, 0xfb, 0x2, 0xff, 0xfd, 0x0, 0x0,
    0x2, 0xff, 0xf3, 0x0, 0x0, 0x0, 0x0, 0x0,
    0x8, 0xff, 0x70, 0x0, 0x0, 0x0, 0x0, 0x0,
    0x5f, 0xf9, 0x8b, 0xb2, 0x0, 0x0, 0x0, 0x4,
    0xff, 0xaa, 0xff, 0x50, 0x0, 0x0, 0x0, 0x7f,
    0xf8, 0x7f, 0xfb, 0x0, 0x0, 0x0, 0xd, 0xff,
    0x41, 0xff, 0xf8, 0x0, 0x0, 0x1a, 0xff, 0xe0,
    0x7, 0xff, 0xfe, 0xa9, 0xbf, 0xff, 0xf4, 0x0,
    0x7, 0xff, 0xff, 0xff, 0xff, 0xe5, 0x0, 0x0,
    0x2, 0x8c, 0xef, 0xec, 0x71, 0x0, 0x0,

    /* U+0036 "6" */
    0x0, 0x0, 0x6b, 0xef, 0xfe, 0xb5, 0x0, 0x0,
    0x4, 0xef, 0xff, 0xff, 0xff, 0xfd, 0x20, 0x3,
    0xff, 0xff, 0xca, 0xac, 0xff, 0xfe, 0x10, 0xcf,
    0xfa, 0x10, 0x0, 0x2, 0xdf, 0xf8, 0x2f, 0xfd,
    0x0, 0x0, 0x0, 0x4, 0xff, 0xb5, 0xff, 0x80,
    0x0, 0x0, 0x0, 0x1, 0x11, 0x6f, 0xf7, 0x5,
    0xbe, 0xfe, 0xb5, 0x0, 0x7, 0xff, 0x8a, 0xff,
    0xff, 0xff, 0xfb, 0x10, 0x7f, 0xff, 0xfd, 0x75,
    0x6a, 0xff, 0xfb, 0x7, 0xff, 0xf9, 0x0, 0x0,
    0x3, 0xef, 0xf5, 0x7f, 0xfd, 0x0, 0x0, 0x0,
    0x6, 0xff, 0xb7, 0xff, 0x90, 0x0, 0x0, 0x0,
    0x1f, 0xfd, 0x7f, 0xf7, 0x0, 0x0, 0x0, 0x0,
    0xff, 0xf5, 0xff, 0x90, 0x0, 0x0, 0x0, 0x1f,
    0xfd, 0x3f, 0xfe, 0x10, 0x0, 0x0, 0x7, 0xff,
    0xa0, 0xdf, 0xfc, 0x10, 0x0, 0x6, 0xff, 0xf3,
    0x3, 0xff, 0xff, 0xb9, 0xad, 0xff, 0xf8, 0x0,
    0x4, 0xef, 0xff, 0xff, 0xff, 0xf8, 0x0, 0x0,
    0x0, 0x6b, 0xef, 0xed, 0x82, 0x0, 0x0,

    /* U+0037 "7" */
    0x3f, 0xff, 0xff, 0xff, 0xff, 0xff, 0xff, 0xe3,
    0xff, 0xff, 0xff, 0xff, 0xff, 0xff, 0xfe, 0x19,
    0x99, 0x99, 0x99, 0x99, 0x9a, 0xff, 0xe0, 0x0,
    0x0, 0x0, 0x0, 0x0, 0x7f, 0xfc, 0x0, 0x0,
    0x0, 0x0, 0x0, 0x1f, 0xff, 0x30, 0x0, 0x0,
    0x0, 0x0, 0xa, 0xff, 0xa0, 0x0, 0x0, 0x0,
    0x0, 0x3, 0xff, 0xf1, 0x0, 0x0, 0x0, 0x0,
    0x0, 0xcf, 0xf8, 0x0, 0x0, 0x0, 0x0, 0x0,
    0x6f, 0xfe, 0x0, 0x0, 0x0, 0x0, 0x0, 0xe,
    0xff, 0x50, 0x0, 0x0, 0x0, 0x0, 0x9, 0xff,
    0xc0, 0x0, 0x0, 0x0, 0x0, 0x2, 0xff, 0xf3,
    0x0, 0x0, 0x0, 0x0, 0x0, 0xbf, 0xf9, 0x0,
    0x0, 0x0, 0x0, 0x0, 0x5f, 0xff, 0x10, 0x0,
    0x0, 0x0, 0x0, 0xd, 0xff, 0x70, 0x0, 0x0,
    0x0, 0x0, 0x7, 0xff, 0xd0, 0x0, 0x0, 0x0,
    0x0, 0x0, 0xdf, 0xf5, 0x0, 0x0, 0x0, 0x0,
    0x0, 0xf, 0xff, 0x0, 0x0, 0x0, 0x0, 0x0,
    0x0, 0xff, 0xe0, 0x0, 0x0, 0x0, 0x0,

    /* U+0038 "8" */
    0x0, 0x4, 0x9d, 0xef, 0xed, 0xa5, 0x0, 0x0,
    0x2, 0xcf, 0xff, 0xff, 0xff, 0xff, 0xd3, 0x0,
    0xe, 0xff, 0xfd, 0xa9, 0xad, 0xff, 0xff, 0x10,
    0x6f, 0xfd, 0x30, 0x0, 0x0, 0x2c, 0xff, 0x90,
    0x9f, 0xf5, 0x0, 0x0, 0x0, 0x4, 0xff, 0xb0,
    0x8f, 0xf5, 0x0, 0x0, 0x0, 0x4, 0xff, 0xa0,
    0x3f, 0xfd, 0x30, 0x0, 0x0, 0x2c, 0xff, 0x40,
    0x5, 0xff, 0xfd, 0xa9, 0xad, 0xff, 0xf7, 0x0,
    0x0, 0xb, 0xff, 0xff, 0xff, 0xfd, 0x10, 0x0,
    0x2, 0xcf, 0xff, 0xff, 0xff, 0xff, 0xd3, 0x0,
    0x2f, 0xff, 0xa4, 0x10, 0x13, 0xaf, 0xff, 0x30,
    0xaf, 0xf7, 0x0, 0x0, 0x0, 0x6, 0xff, 0xc0,
    0xef, 0xf0, 0x0, 0x0, 0x0, 0x0, 0xff, 0xf0,
    0xff, 0xf0, 0x0, 0x0, 0x0, 0x0, 0xef, 0xf0,
    0xdf, 0xf4, 0x0, 0x0, 0x0, 0x2, 0xff, 0xe0,
    0x8f, 0xfe, 0x40, 0x0, 0x0, 0x3d, 0xff, 0x90,
    0xd, 0xff, 0xfd, 0xb9, 0xbd, 0xff, 0xfe, 0x10,
    0x1, 0xbf, 0xff, 0xff, 0xff, 0xff, 0xc2, 0x0,
    0x0, 0x4, 0x9d, 0xef, 0xed, 0x94, 0x0, 0x0,

    /* U+0039 "9" */
    0x0, 0x1, 0x7c, 0xef, 0xec, 0x71, 0x0, 0x0,
    0x7, 0xff, 0xff, 0xff, 0xff, 0xf6, 0x0, 0x8,
    0xff, 0xfe, 0xba, 0xbe, 0xff, 0xf6, 0x2, 0xff,
    0xf7, 0x0, 0x0, 0x8, 0xff, 0xf1, 0x8f, 0xf9,
    0x0, 0x0, 0x0, 0xa, 0xff, 0x7a, 0xff, 0x40,
    0x0, 0x0, 0x0, 0x5f, 0xf9, 0xaf, 0xf4, 0x0,
    0x0, 0x0, 0x4, 0xff, 0xa8, 0xff, 0x80, 0x0,
    0x0, 0x0, 0x8f, 0xfb, 0x3f, 0xff, 0x40, 0x0,
    0x0, 0x4f, 0xff, 0xb0, 0xaf, 0xff, 0xb7, 0x67,
    0xbf, 0xff, 0xfb, 0x0, 0xaf, 0xff, 0xff, 0xff,
    0xd6, 0xff, 0xb0, 0x0, 0x4a, 0xef, 0xec, 0x70,
    0x4f, 0xfb, 0x0, 0x0, 0x0, 0x0, 0x0, 0x4,
    0xff, 0xa7, 0xdd, 0x60, 0x0, 0x0, 0x0, 0x6f,
    0xf9, 0x6f, 0xfb, 0x0, 0x0, 0x0, 0xc, 0xff,
    0x62, 0xff, 0xf7, 0x0, 0x0, 0xa, 0xff, 0xf0,
    0x8, 0xff, 0xfe, 0xa9, 0xbf, 0xff, 0xf6, 0x0,
    0x8, 0xff, 0xff, 0xff, 0xff, 0xf6, 0x0, 0x0,
    0x3, 0x9d, 0xff, 0xec, 0x71, 0x0, 0x0,

    /* U+003A ":" */
    0x8, 0xed, 0x50, 0x4f, 0xff, 0xf0, 0x6f, 0xff,
    0xf1, 0x1e, 0xff, 0xb0, 0x1, 0x66, 0x0, 0x0,
    0x0, 0x0, 0x0, 0x0, 0x0, 0x0, 0x0, 0x0,
    0x0, 0x0, 0x0, 0x1, 0x65, 0x0, 0x1e, 0xff,
    0xb0, 0x6f, 0xff, 0xf1, 0x4f, 0xff, 0xf0, 0x8,
    0xed, 0x40,

    /* U+003B ";" */
    0x8, 0xed, 0x50, 0x4f, 0xff, 0xf0, 0x6f, 0xff,
    0xf1, 0x1e, 0xff, 0xb0, 0x1, 0x66, 0x0, 0x0,
    0x0, 0x0, 0x0, 0x0, 0x0, 0x0, 0x0, 0x0,
    0x0, 0x0, 0x0, 0x0, 0x11, 0x0, 0xb, 0xff,
    0x60, 0x5f, 0xff, 0xf0, 0x4f, 0xff, 0xf1, 0x8,
    0xff, 0xf1, 0x0, 0xb, 0xf1, 0x0, 0x1e, 0xf0,
    0xd, 0xff, 0xa0, 0x8, 0x96, 0x0,

    /* U+003C "<" */
    0x0, 0x0, 0x0, 0x0, 0x0, 0x5, 0x50, 0x0,
    0x0, 0x0, 0x4, 0x9f, 0xf9, 0x0, 0x0, 0x2,
    0x8e, 0xff, 0xff, 0x90, 0x1, 0x6c, 0xff, 0xff,
    0xfc, 0x71, 0x1b, 0xff, 0xff, 0xfd, 0x72, 0x0,
    0x3, 0xff, 0xfd, 0x72, 0x0, 0x0, 0x0, 0x3f,
    0xfc, 0x20, 0x0, 0x0, 0x0, 0x3, 0xff, 0xff,
    0xd7, 0x20, 0x0, 0x0, 0x6, 0xcf, 0xff, 0xff,
    0xc7, 0x20, 0x0, 0x0, 0x27, 0xdf, 0xff, 0xff,
    0xc4, 0x0, 0x0, 0x0, 0x39, 0xef, 0xff, 0x90,
    0x0, 0x0, 0x0, 0x0, 0x4a, 0xf9, 0x0, 0x0,
    0x0, 0x0, 0x0, 0x0, 0x20,

    /* U+003D "=" */
    0x2f, 0xff, 0xff, 0xff, 0xff, 0xff, 0x82, 0xff,
    0xff, 0xff, 0xff, 0xff, 0xf8, 0x19, 0x99, 0x99,
    0x99, 0x99, 0x99, 0x50, 0x0, 0x0, 0x0, 0x0,
    0x0, 0x0, 0x19, 0x99, 0x99, 0x99, 0x99, 0x99,
    0x52, 0xff, 0xff, 0xff, 0xff, 0xff, 0xf8, 0x2f,
    0xff, 0xff, 0xff, 0xff, 0xff, 0x80,

    /* U+003E ">" */
    0x27, 0x10, 0x0, 0x0, 0x0, 0x0, 0x3, 0xff,
    0xb6, 0x0, 0x0, 0x0, 0x0, 0x3f, 0xff, 0xff,
    0xa4, 0x0, 0x0, 0x0, 0x5a, 0xff, 0xff, 0xfe,
    0x93, 0x0, 0x0, 0x0, 0x5a, 0xff, 0xff, 0xfd,
    0x40, 0x0, 0x0, 0x0, 0x5b, 0xff, 0xf9, 0x0,
    0x0, 0x0, 0x0, 0x8, 0xff, 0x90, 0x0, 0x0,
    0x5, 0xaf, 0xff, 0xf9, 0x0, 0x5, 0xaf, 0xff,
    0xff, 0xe8, 0x21, 0xaf, 0xff, 0xff, 0xf9, 0x40,
    0x0, 0x3f, 0xff, 0xfb, 0x50, 0x0, 0x0, 0x3,
    0xfc, 0x61, 0x0, 0x0, 0x0, 0x0, 0x12, 0x0,
    0x0, 0x0, 0x0, 0x0, 0x0,

    /* U+003F "?" */
    0x0, 0x4, 0x9d, 0xff, 0xea, 0x50, 0x0, 0x1,
    0xbf, 0xff, 0xff, 0xff, 0xfd, 0x20, 0xc, 0xff,
    0xfc, 0x99, 0xbf, 0xff, 0xe1, 0x7f, 0xfe, 0x30,
    0x0, 0x1, 0xcf, 0xf9, 0xcf, 0xf4, 0x0, 0x0,
    0x0, 0x2f, 0xfe, 0xef, 0xf0, 0x0, 0x0, 0x0,
    0xf, 0xff, 0x66, 0x60, 0x0, 0x0, 0x0, 0x4f,
    0xfc, 0x0, 0x0, 0x0, 0x0, 0x4, 0xef, 0xf6,
    0x0, 0x0, 0x0, 0x4, 0xcf, 0xff, 0xa0, 0x0,
    0x0, 0x0, 0xbf, 0xff, 0xe6, 0x0, 0x0, 0x0,
    0x7, 0xff, 0xe7, 0x0, 0x0, 0x0, 0x0, 0xb,
    0xff, 0x50, 0x0, 0x0, 0x0, 0x0, 0xb, 0xff,
    0x40, 0x0, 0x0, 0x0, 0x0, 0x0, 0x0, 0x0,
    0x0, 0x0, 0x0, 0x0, 0x1, 0x75, 0x0, 0x0,
    0x0, 0x0, 0x0, 0x1f, 0xff, 0xb0, 0x0, 0x0,
    0x0, 0x0, 0x6f, 0xff, 0xf0, 0x0, 0x0, 0x0,
    0x0, 0x4f, 0xff, 0xe0, 0x0, 0x0, 0x0, 0x0,
    0x8, 0xfd, 0x40, 0x0, 0x0,

    /* U+0040 "@" */
    0x0, 0x0, 0x0, 0x3, 0x8b, 0xef, 0xff, 0xec,
    0x94, 0x0, 0x0, 0x0, 0x0, 0x0, 0x0, 0x5d,
    0xff, 0xff, 0xff, 0xff, 0xff, 0xfd, 0x50, 0x0,
    0x0, 0x0, 0x0, 0xbf, 0xff, 0xfe, 0xb9, 0x99,
    0xad, 0xff, 0xff, 0xb0, 0x0, 0x0, 0x0, 0xcf,
    0xff, 0x93, 0x0, 0x0, 0x0, 0x1, 0x7e, 0xff,
    0xc0, 0x0, 0x0, 0xbf, 0xfe, 0x30, 0x0, 0x0,
    0x0, 0x0, 0x0, 0x1c, 0xff, 0xa0, 0x0, 0x5f,
    0xfe, 0x10, 0x1, 0x8d, 0xfe, 0xa1, 0x3f, 0xf9,
    0x1d, 0xff, 0x40, 0xd, 0xff, 0x40, 0x2, 0xdf,
    0xff, 0xff, 0xe4, 0xff, 0x90, 0x4f, 0xfc, 0x4,
    0xff, 0xc0, 0x0, 0xdf, 0xfe, 0x97, 0xbf, 0xff,
    0xf9, 0x0, 0xcf, 0xf2, 0x8f, 0xf6, 0x0, 0x5f,
    0xfd, 0x10, 0x0, 0x5f, 0xff, 0x90, 0x8, 0xff,
    0x6c, 0xff, 0x10, 0xb, 0xff, 0x50, 0x0, 0x0,
    0xbf, 0xf9, 0x0, 0x4f, 0xf8, 0xef, 0xf0, 0x0,
    0xef, 0xf0, 0x0, 0x0, 0x6, 0xff, 0x90, 0x3,
    0xff, 0x9f, 0xfe, 0x0, 0xf, 0xfe, 0x0, 0x0,
    0x0, 0x4f, 0xf9, 0x0, 0x2f, 0xfa, 0xff, 0xd0,
    0x0, 0xff, 0xe0, 0x0, 0x0, 0x4, 0xff, 0x90,
    0x2, 0xff, 0xaf, 0xfe, 0x0, 0xe, 0xff, 0x0,
    0x0, 0x0, 0x6f, 0xf9, 0x0, 0x3f, 0xf9, 0xef,
    0xf0, 0x0, 0xbf, 0xf5, 0x0, 0x0, 0xb, 0xff,
    0x90, 0x5, 0xff, 0x8b, 0xff, 0x20, 0x5, 0xff,
    0xd1, 0x0, 0x5, 0xff, 0xf9, 0x0, 0xbf, 0xf4,
    0x8f, 0xf6, 0x0, 0xc, 0xff, 0xe9, 0x8b, 0xfd,
    0xff, 0xe8, 0xcf, 0xfe, 0x3, 0xff, 0xd0, 0x0,
    0x1d, 0xff, 0xff, 0xfe, 0x1e, 0xff, 0xff, 0xff,
    0x40, 0xd, 0xff, 0x60, 0x0, 0x7, 0xdf, 0xea,
    0x20, 0x4d, 0xff, 0xeb, 0x30, 0x0, 0x5f, 0xff,
    0x30, 0x0, 0x0, 0x0, 0x0, 0x0, 0x0, 0x0,
    0x0, 0x0, 0x0, 0xaf, 0xff, 0x50, 0x0, 0x0,
    0x0, 0x0, 0x0, 0x0, 0x0, 0x0, 0x0, 0x0,
    0xbf, 0xff, 0xb4, 0x0, 0x0, 0x0, 0x0, 0x0,
    0x0, 0x0, 0x0, 0x0, 0x0, 0x9f, 0xff, 0xff,
    0xca, 0x99, 0x99, 0x99, 0x50, 0x0, 0x0, 0x0,
    0x0, 0x0, 0x3c, 0xff, 0xff, 0xff, 0xff, 0xff,
    0xf9, 0x0, 0x0, 0x0, 0x0, 0x0, 0x0, 0x2,
    0x7b, 0xdf, 0xff, 0xff, 0xff, 0x90, 0x0, 0x0,
    0x0,

    /* U+0041 "A" */
    0x0, 0x0, 0x0, 0xff, 0xff, 0xfa, 0x0, 0x0,
    0x0, 0x0, 0x0, 0x4, 0xff, 0xff, 0xfe, 0x0,
    0x0, 0x0, 0x0, 0x0, 0x8, 0xff, 0x7b, 0xff,
    0x30, 0x0, 0x0, 0x0, 0x0, 0xd, 0xff, 0x27,
    0xff, 0x80, 0x0, 0x0, 0x0, 0x0, 0x2f, 0xfe,
    0x2, 0xff, 0xd0, 0x0, 0x0, 0x0, 0x0, 0x6f,
    0xf9, 0x0, 0xef, 0xf2, 0x0, 0x0, 0x0, 0x0,
    0xbf, 0xf5, 0x0, 0x9f, 0xf6, 0x0, 0x0, 0x0,
    0x0, 0xff, 0xf0, 0x0, 0x5f, 0xfb, 0x0, 0x0,
    0x0, 0x4, 0xff, 0xc0, 0x0, 0x1f, 0xff, 0x0,
    0x0, 0x0, 0x9, 0xff, 0x70, 0x0, 0xc, 0xff,
    0x40, 0x0, 0x0, 0xe, 0xff, 0x30, 0x0, 0x8,
    0xff, 0x90, 0x0, 0x0, 0x3f, 0xfe, 0x0, 0x0,
    0x3, 0xff, 0xe0, 0x0, 0x0, 0x7f, 0xff, 0xff,
    0xff, 0xff, 0xff, 0xf2, 0x0, 0x0, 0xcf, 0xff,
    0xff, 0xff, 0xff, 0xff, 0xf7, 0x0, 0x1, 0xff,
    0xfc, 0xcc, 0xcc, 0xcc, 0xdf, 0xfc, 0x0, 0x5,
    0xff, 0xc0, 0x0, 0x0, 0x0, 0x1f, 0xff, 0x10,
    0xa, 0xff, 0x70, 0x0, 0x0, 0x0, 0xc, 0xff,
    0x50, 0xe, 0xff, 0x20, 0x0, 0x0, 0x0, 0x7,
    0xff, 0xa0, 0x3f, 0xfd, 0x0, 0x0, 0x0, 0x0,
    0x2, 0xff, 0xe0,

    /* U+0042 "B" */
    0xbf, 0xff, 0xff, 0xff, 0xff, 0xfe, 0xa4, 0x0,
    0xb, 0xff, 0xff, 0xff, 0xff, 0xff, 0xff, 0xfa,
    0x0, 0x7a, 0xaf, 0xff, 0xaa, 0xaa, 0xbe, 0xff,
    0xf8, 0x0, 0x0, 0xff, 0xf0, 0x0, 0x0, 0xa,
    0xff, 0xe0, 0x0, 0xf, 0xff, 0x0, 0x0, 0x0,
    0xf, 0xff, 0x10, 0x0, 0xff, 0xf0, 0x0, 0x0,
    0x0, 0xef, 0xf1, 0x0, 0xf, 0xff, 0x0, 0x0,
    0x0, 0x2f, 0xfd, 0x0, 0x0, 0xff, 0xf0, 0x0,
    0x1, 0x4d, 0xff, 0x50, 0x0, 0xf, 0xff, 0xff,
    0xff, 0xff, 0xfe, 0x50, 0x0, 0x0, 0xff, 0xff,
    0xff, 0xff, 0xff, 0x50, 0x0, 0x0, 0xf, 0xff,
    0xbb, 0xbb, 0xcf, 0xff, 0xc1, 0x0, 0x0, 0xff,
    0xf0, 0x0, 0x0, 0x1a, 0xff, 0xa0, 0x0, 0xf,
    0xff, 0x0, 0x0, 0x0, 0xf, 0xff, 0x10, 0x0,
    0xff, 0xf0, 0x0, 0x0, 0x0, 0xdf, 0xf3, 0x0,
    0xf, 0xff, 0x0, 0x0, 0x0, 0xf, 0xff, 0x20,
    0x0, 0xff, 0xf0, 0x0, 0x0, 0x9, 0xff, 0xf0,
    0x7a, 0xaf, 0xff, 0xaa, 0xaa, 0xbe, 0xff, 0xf8,
    0xb, 0xff, 0xff, 0xff, 0xff, 0xff, 0xff, 0xfa,
    0x0, 0xbf, 0xff, 0xff, 0xff, 0xff, 0xfe, 0xa4,
    0x0, 0x0,

    /* U+0043 "C" */
    0x0, 0x0, 0x49, 0xdf, 0xfe, 0xc7, 0x10, 0x0,
    0x0, 0x1b, 0xff, 0xff, 0xff, 0xff, 0xf5, 0x0,
    0x0, 0xdf, 0xff, 0xeb, 0xbc, 0xff, 0xff, 0x40,
    0x9, 0xff, 0xf6, 0x0, 0x0, 0x1b, 0xff, 0xe0,
    0xf, 0xff, 0x50, 0x0, 0x0, 0x0, 0xdf, 0xf5,
    0x4f, 0xfd, 0x0, 0x0, 0x0, 0x0, 0x7f, 0xf8,
    0x6f, 0xfa, 0x0, 0x0, 0x0, 0x0, 0x5f, 0xf9,
    0x7f, 0xf9, 0x0, 0x0, 0x0, 0x0, 0x0, 0x0,
    0x7f, 0xf9, 0x0, 0x0, 0x0, 0x0, 0x0, 0x0,
    0x7f, 0xf9, 0x0, 0x0, 0x0, 0x0, 0x0, 0x0,
    0x7f, 0xf9, 0x0, 0x0, 0x0, 0x0, 0x0, 0x0,
    0x7f, 0xf9, 0x0, 0x0, 0x0, 0x0, 0x13, 0x32,
    0x6f, 0xfa, 0x0, 0x0, 0x0, 0x0, 0x5f, 0xfa,
    0x4f, 0xfd, 0x0, 0x0, 0x0, 0x0, 0x7f, 0xf9,
    0xf, 0xff, 0x50, 0x0, 0x0, 0x0, 0xef, 0xf5,
    0x9, 0xff, 0xf6, 0x0, 0x0, 0x1b, 0xff, 0xe0,
    0x0, 0xdf, 0xff, 0xfb, 0xbc, 0xff, 0xff, 0x50,
    0x0, 0x1b, 0xff, 0xff, 0xff, 0xff, 0xf5, 0x0,
    0x0, 0x0, 0x49, 0xdf, 0xfe, 0xc7, 0x10, 0x0,

    /* U+0044 "D" */
    0xbf, 0xff, 0xff, 0xff, 0xfe, 0xc8, 0x20, 0x0,
    0xb, 0xff, 0xff, 0xff, 0xff, 0xff, 0xff, 0x80,
    0x0, 0x7a, 0xaf, 0xff, 0xaa, 0xac, 0xff, 0xff,
    0xa0, 0x0, 0x0, 0xff, 0xf0, 0x0, 0x0, 0x8f,
    0xff, 0x40, 0x0, 0xf, 0xff, 0x0, 0x0, 0x0,
    0x9f, 0xfb, 0x0, 0x0, 0xff, 0xf0, 0x0, 0x0,
    0x1, 0xff, 0xf0, 0x0, 0xf, 0xff, 0x0, 0x0,
    0x0, 0xe, 0xff, 0x20, 0x0, 0xff, 0xf0, 0x0,
    0x0, 0x0, 0xcf, 0xf3, 0x0, 0xf, 0xff, 0x0,
    0x0, 0x0, 0xc, 0xff, 0x40, 0x0, 0xff, 0xf0,
    0x0, 0x0, 0x0, 0xcf, 0xf4, 0x0, 0xf, 0xff,
    0x0, 0x0, 0x0, 0xc, 0xff, 0x40, 0x0, 0xff,
    0xf0, 0x0, 0x0, 0x0, 0xcf, 0xf3, 0x0, 0xf,
    0xff, 0x0, 0x0, 0x0, 0xe, 0xff, 0x20, 0x0,
    0xff, 0xf0, 0x0, 0x0, 0x1, 0xff, 0xf0, 0x0,
    0xf, 0xff, 0x0, 0x0, 0x0, 0x9f, 0xfc, 0x0,
    0x0, 0xff, 0xf0, 0x0, 0x1, 0x8f, 0xff, 0x50,
    0x7a, 0xaf, 0xff, 0xaa, 0xac, 0xff, 0xff, 0xa0,
    0xb, 0xff, 0xff, 0xff, 0xff, 0xff, 0xff, 0x80,
    0x0, 0xbf, 0xff, 0xff, 0xff, 0xfe, 0xc8, 0x20,
    0x0, 0x0,

    /* U+0045 "E" */
    0xff, 0xff, 0xff, 0xff, 0xff, 0xff, 0x6f, 0xff,
    0xff, 0xff, 0xff, 0xff, 0xf6, 0xff, 0xfb, 0xbb,
    0xbb, 0xbb, 0xbb, 0x4f, 0xff, 0x10, 0x0, 0x0,
    0x0, 0x0, 0xff, 0xf1, 0x0, 0x0, 0x0, 0x0,
    0xf, 0xff, 0x10, 0x0, 0x0, 0x0, 0x0, 0xff,
    0xf1, 0x0, 0x0, 0x0, 0x0, 0xf, 0xff, 0x10,
    0x0, 0x0, 0x0, 0x0, 0xff, 0xff, 0xff, 0xff,
    0xff, 0xf9, 0xf, 0xff, 0xff, 0xff, 0xff, 0xff,
    0x90, 0xff, 0xfb, 0xbb, 0xbb, 0xbb, 0xb6, 0xf,
    0xff, 0x10, 0x0, 0x0, 0x0, 0x0, 0xff, 0xf1,
    0x0, 0x0, 0x0, 0x0, 0xf, 0xff, 0x10, 0x0,
    0x0, 0x0, 0x0, 0xff, 0xf1, 0x0, 0x0, 0x0,
    0x0, 0xf, 0xff, 0x10, 0x0, 0x0, 0x0, 0x0,
    0xff, 0xfb, 0xbb, 0xbb, 0xbb, 0xbb, 0x5f, 0xff,
    0xff, 0xff, 0xff, 0xff, 0xf8, 0xff, 0xff, 0xff,
    0xff, 0xff, 0xff, 0x80,

    /* U+0046 "F" */
    0xff, 0xff, 0xff, 0xff, 0xff, 0xff, 0x2f, 0xff,
    0xff, 0xff, 0xff, 0xff, 0xf2, 0xff, 0xfb, 0xbb,
    0xbb, 0xbb, 0xbb, 0x1f, 0xff, 0x10, 0x0, 0x0,
    0x0, 0x0, 0xff, 0xf1, 0x0, 0x0, 0x0, 0x0,
    0xf, 0xff, 0x10, 0x0, 0x0, 0x0, 0x0, 0xff,
    0xf1, 0x0, 0x0, 0x0, 0x0, 0xf, 0xff, 0x10,
    0x0, 0x0, 0x0, 0x0, 0xff, 0xff, 0xff, 0xff,
    0xff, 0xf6, 0xf, 0xff, 0xff, 0xff, 0xff, 0xff,
    0x60, 0xff, 0xfb, 0xbb, 0xbb, 0xbb, 0xb4, 0xf,
    0xff, 0x10, 0x0, 0x0, 0x0, 0x0, 0xff, 0xf1,
    0x0, 0x0, 0x0, 0x0, 0xf, 0xff, 0x10, 0x0,
    0x0, 0x0, 0x0, 0xff, 0xf1, 0x0, 0x0, 0x0,
    0x0, 0xf, 0xff, 0x10, 0x0, 0x0, 0x0, 0x0,
    0xff, 0xf1, 0x0, 0x0, 0x0, 0x0, 0xf, 0xff,
    0x10, 0x0, 0x0, 0x0, 0x0, 0xff, 0xf1, 0x0,
    0x0, 0x0, 0x0, 0x0,

    /* U+0047 "G" */
    0x0, 0x0, 0x49, 0xdf, 0xfe, 0xc8, 0x10, 0x0,
    0x0, 0x1b, 0xff, 0xff, 0xff, 0xff, 0xf6, 0x0,
    0x0, 0xdf, 0xff, 0xeb, 0xbc, 0xff, 0xff, 0x60,
    0x9, 0xff, 0xf6, 0x0, 0x0, 0x1a, 0xff, 0xf1,
    0xf, 0xff, 0x50, 0x0, 0x0, 0x0, 0xcf, 0xf6,
    0x4f, 0xfd, 0x0, 0x0, 0x0, 0x0, 0x6f, 0xf9,
    0x6f, 0xfa, 0x0, 0x0, 0x0, 0x0, 0x25, 0x53,
    0x7f, 0xf9, 0x0, 0x0, 0x0, 0x0, 0x0, 0x0,
    0x7f, 0xf9, 0x0, 0x0, 0x0, 0x0, 0x0, 0x0,
    0x7f, 0xf9, 0x0, 0x9, 0xff, 0xff, 0xff, 0xfa,
    0x7f, 0xf9, 0x0, 0x9, 0xff, 0xff, 0xff, 0xfa,
    0x7f, 0xf9, 0x0, 0x5, 0x99, 0x99, 0xbf, 0xfa,
    0x5f, 0xfa, 0x0, 0x0, 0x0, 0x0, 0x6f, 0xfa,
    0x3f, 0xfd, 0x0, 0x0, 0x0, 0x0, 0x8f, 0xfa,
    0xe, 0xff, 0x50, 0x0, 0x0, 0x0, 0xef, 0xfa,
    0x8, 0xff, 0xf6, 0x0, 0x0, 0x1b, 0xff, 0xfa,
    0x0, 0xdf, 0xff, 0xeb, 0xac, 0xff, 0xdf, 0xfa,
    0x0, 0x1b, 0xff, 0xff, 0xff, 0xfc, 0x2f, 0xfa,
    0x0, 0x0, 0x4a, 0xdf, 0xfd, 0x80, 0x2f, 0xfa,

    /* U+0048 "H" */
    0xff, 0xf1, 0x0, 0x0, 0x0, 0xb, 0xff, 0x5f,
    0xff, 0x10, 0x0, 0x0, 0x0, 0xbf, 0xf5, 0xff,
    0xf1, 0x0, 0x0, 0x0, 0xb, 0xff, 0x5f, 0xff,
    0x10, 0x0, 0x0, 0x0, 0xbf, 0xf5, 0xff, 0xf1,
    0x0, 0x0, 0x0, 0xb, 0xff, 0x5f, 0xff, 0x10,
    0x0, 0x0, 0x0, 0xbf, 0xf5, 0xff, 0xf1, 0x0,
    0x0, 0x0, 0xb, 0xff, 0x5f, 0xff, 0x10, 0x0,
    0x0, 0x0, 0xbf, 0xf5, 0xff, 0xff, 0xff, 0xff,
    0xff, 0xff, 0xff, 0x5f, 0xff, 0xff, 0xff, 0xff,
    0xff, 0xff, 0xf5, 0xff, 0xfb, 0xbb, 0xbb, 0xbb,
    0xbe, 0xff, 0x5f, 0xff, 0x10, 0x0, 0x0, 0x0,
    0xbf, 0xf5, 0xff, 0xf1, 0x0, 0x0, 0x0, 0xb,
    0xff, 0x5f, 0xff, 0x10, 0x0, 0x0, 0x0, 0xbf,
    0xf5, 0xff, 0xf1, 0x0, 0x0, 0x0, 0xb, 0xff,
    0x5f, 0xff, 0x10, 0x0, 0x0, 0x0, 0xbf, 0xf5,
    0xff, 0xf1, 0x0, 0x0, 0x0, 0xb, 0xff, 0x5f,
    0xff, 0x10, 0x0, 0x0, 0x0, 0xbf, 0xf5, 0xff,
    0xf1, 0x0, 0x0, 0x0, 0xb, 0xff, 0x50,

    /* U+0049 "I" */
    0xff, 0xf1, 0xff, 0xf1, 0xff, 0xf1, 0xff, 0xf1,
    0xff, 0xf1, 0xff, 0xf1, 0xff, 0xf1, 0xff, 0xf1,
    0xff, 0xf1, 0xff, 0xf1, 0xff, 0xf1, 0xff, 0xf1,
    0xff, 0xf1, 0xff, 0xf1, 0xff, 0xf1, 0xff, 0xf1,
    0xff, 0xf1, 0xff, 0xf1, 0xff, 0xf1,

    /* U+004A "J" */
    0x0, 0x0, 0x0, 0xff, 0xff, 0xff, 0xff, 0xa0,
    0x0, 0x0, 0xf, 0xff, 0xff, 0xff, 0xfa, 0x0,
    0x0, 0x0, 0xab, 0xbd, 0xff, 0xdb, 0x70, 0x0,
    0x0, 0x0, 0x0, 0x9f, 0xf7, 0x0, 0x0, 0x0,
    0x0, 0x0, 0x9, 0xff, 0x70, 0x0, 0x0, 0x0,
    0x0, 0x0, 0x9f, 0xf7, 0x0, 0x0, 0x0, 0x0,
    0x0, 0x9, 0xff, 0x70, 0x0, 0x0, 0x0, 0x0,
    0x0, 0x9f, 0xf7, 0x0, 0x0, 0x0, 0x0, 0x0,
    0x9, 0xff, 0x70, 0x0, 0x0, 0x0, 0x0, 0x0,
    0x9f, 0xf7, 0x0, 0x0, 0x0, 0x0, 0x0, 0x9,
    0xff, 0x70, 0x9, 0x99, 0x0, 0x0, 0x0, 0x9f,
    0xf7, 0x0, 0xff, 0xf0, 0x0, 0x0, 0x9, 0xff,
    0x70, 0xf, 0xff, 0x10, 0x0, 0x0, 0xaf, 0xf6,
    0x0, 0xdf, 0xf6, 0x0, 0x0, 0xd, 0xff, 0x50,
    0x8, 0xff, 0xe4, 0x0, 0x9, 0xff, 0xf1, 0x0,
    0x1e, 0xff, 0xfe, 0xdf, 0xff, 0xf9, 0x0, 0x0,
    0x3e, 0xff, 0xff, 0xff, 0xfc, 0x0, 0x0, 0x0,
    0x17, 0xce, 0xfe, 0xb6, 0x0, 0x0, 0x0,

    /* U+004B "K" */
    0xff, 0xf1, 0x0, 0x0, 0x0, 0xaf, 0xff, 0x40,
    0xff, 0xf1, 0x0, 0x0, 0x8, 0xff, 0xf5, 0x0,
    0xff, 0xf1, 0x0, 0x0, 0x7f, 0xff, 0x60, 0x0,
    0xff, 0xf1, 0x0, 0x6, 0xff, 0xf7, 0x0, 0x0,
    0xff, 0xf1, 0x0, 0x5f, 0xff, 0x80, 0x0, 0x0,
    0xff, 0xf1, 0x4, 0xff, 0xf9, 0x0, 0x0, 0x0,
    0xff, 0xf1, 0x3f, 0xff, 0xa0, 0x0, 0x0, 0x0,
    0xff, 0xf4, 0xef, 0xfb, 0x0, 0x0, 0x0, 0x0,
    0xff, 0xff, 0xff, 0xb0, 0x0, 0x0, 0x0, 0x0,
    0xff, 0xff, 0xff, 0x20, 0x0, 0x0, 0x0, 0x0,
    0xff, 0xff, 0xff, 0xd1, 0x0, 0x0, 0x0, 0x0,
    0xff, 0xf3, 0xef, 0xfd, 0x10, 0x0, 0x0, 0x0,
    0xff, 0xf1, 0x2e, 0xff, 0xc1, 0x0, 0x0, 0x0,
    0xff, 0xf1, 0x3, 0xff, 0xfc, 0x0, 0x0, 0x0,
    0xff, 0xf1, 0x0, 0x3f, 0xff, 0xb0, 0x0, 0x0,
    0xff, 0xf1, 0x0, 0x4, 0xff, 0xfb, 0x0, 0x0,
    0xff, 0xf1, 0x0, 0x0, 0x5f, 0xff, 0xa0, 0x0,
    0xff, 0xf1, 0x0, 0x0, 0x6, 0xff, 0xfa, 0x0,
    0xff, 0xf1, 0x0, 0x0, 0x0, 0x7f, 0xff, 0x90,

    /* U+004C "L" */
    0xff, 0xf1, 0x0, 0x0, 0x0, 0x0, 0xf, 0xff,
    0x10, 0x0, 0x0, 0x0, 0x0, 0xff, 0xf1, 0x0,
    0x0, 0x0, 0x0, 0xf, 0xff, 0x10, 0x0, 0x0,
    0x0, 0x0, 0xff, 0xf1, 0x0, 0x0, 0x0, 0x0,
    0xf, 0xff, 0x10, 0x0, 0x0, 0x0, 0x0, 0xff,
    0xf1, 0x0, 0x0, 0x0, 0x0, 0xf, 0xff, 0x10,
    0x0, 0x0, 0x0, 0x0, 0xff, 0xf1, 0x0, 0x0,
    0x0, 0x0, 0xf, 0xff, 0x10, 0x0, 0x0, 0x0,
    0x0, 0xff, 0xf1, 0x0, 0x0, 0x0, 0x0, 0xf,
    0xff, 0x10, 0x0, 0x0, 0x0, 0x0, 0xff, 0xf1,
    0x0, 0x0, 0x0, 0x0, 0xf, 0xff, 0x10, 0x0,
    0x0, 0x0, 0x0, 0xff, 0xf1, 0x0, 0x0, 0x0,
    0x0, 0xf, 0xff, 0x10, 0x0, 0x0, 0x0, 0x0,
    0xff, 0xfb, 0xbb, 0xbb, 0xbb, 0xbb, 0x5f, 0xff,
    0xff, 0xff, 0xff, 0xff, 0xf8, 0xff, 0xff, 0xff,
    0xff, 0xff, 0xff, 0x80,

    /* U+004D "M" */
    0xff, 0xff, 0xfd, 0x0, 0x0, 0x0, 0x0, 0x6f,
    0xff, 0xff, 0x6f, 0xff, 0xff, 0xf1, 0x0, 0x0,
    0x0, 0xa, 0xff, 0xff, 0xf6, 0xff, 0xf8, 0xff,
    0x50, 0x0, 0x0, 0x0, 0xef, 0xe9, 0xff, 0x6f,
    0xff, 0x3f, 0xf9, 0x0, 0x0, 0x0, 0x2f, 0xfb,
    0x8f, 0xf6, 0xff, 0xf0, 0xff, 0xd0, 0x0, 0x0,
    0x6, 0xff, 0x78, 0xff, 0x6f, 0xff, 0xb, 0xff,
    0x10, 0x0, 0x0, 0xaf, 0xf2, 0x8f, 0xf6, 0xff,
    0xf0, 0x7f, 0xf5, 0x0, 0x0, 0xe, 0xfe, 0x8,
    0xff, 0x6f, 0xff, 0x3, 0xff, 0x90, 0x0, 0x2,
    0xff, 0xa0, 0x8f, 0xf6, 0xff, 0xf0, 0xf, 0xfd,
    0x0, 0x0, 0x6f, 0xf6, 0x8, 0xff, 0x6f, 0xff,
    0x0, 0xbf, 0xf1, 0x0, 0xa, 0xff, 0x20, 0x8f,
    0xf6, 0xff, 0xf0, 0x7, 0xff, 0x60, 0x0, 0xef,
    0xe0, 0x8, 0xff, 0x6f, 0xff, 0x0, 0x3f, 0xfa,
    0x0, 0x2f, 0xfa, 0x0, 0x8f, 0xf6, 0xff, 0xf0,
    0x0, 0xff, 0xe0, 0x6, 0xff, 0x60, 0x8, 0xff,
    0x6f, 0xff, 0x0, 0xb, 0xff, 0x20, 0xaf, 0xf2,
    0x0, 0x8f, 0xf6, 0xff, 0xf0, 0x0, 0x7f, 0xf6,
    0xe, 0xfe, 0x0, 0x8, 0xff, 0x6f, 0xff, 0x0,
    0x3, 0xff, 0xa2, 0xff, 0xa0, 0x0, 0x8f, 0xf6,
    0xff, 0xf0, 0x0, 0xe, 0xfe, 0x6f, 0xf6, 0x0,
    0x8, 0xff, 0x6f, 0xff, 0x0, 0x0, 0xbf, 0xff,
    0xff, 0x20, 0x0, 0x8f, 0xf6, 0xff, 0xf0, 0x0,
    0x7, 0xff, 0xff, 0xe0, 0x0, 0x8, 0xff, 0x60,

    /* U+004E "N" */
    0xff, 0xff, 0xff, 0x0, 0x0, 0x5, 0xff, 0xaf,
    0xff, 0xff, 0xf5, 0x0, 0x0, 0x5f, 0xfa, 0xff,
    0xf6, 0xff, 0xa0, 0x0, 0x5, 0xff, 0xaf, 0xff,
    0x1f, 0xff, 0x0, 0x0, 0x5f, 0xfa, 0xff, 0xf0,
    0xbf, 0xf4, 0x0, 0x5, 0xff, 0xaf, 0xff, 0x6,
    0xff, 0x90, 0x0, 0x5f, 0xfa, 0xff, 0xf0, 0x1f,
    0xfe, 0x0, 0x5, 0xff, 0xaf, 0xff, 0x0, 0xcf,
    0xf3, 0x0, 0x5f, 0xfa, 0xff, 0xf0, 0x7, 0xff,
    0x80, 0x5, 0xff, 0xaf, 0xff, 0x0, 0x2f, 0xfd,
    0x0, 0x5f, 0xfa, 0xff, 0xf0, 0x0, 0xdf, 0xf2,
    0x5, 0xff, 0xaf, 0xff, 0x0, 0x8, 0xff, 0x70,
    0x5f, 0xfa, 0xff, 0xf0, 0x0, 0x3f, 0xfc, 0x5,
    0xff, 0xaf, 0xff, 0x0, 0x0, 0xef, 0xf1, 0x5f,
    0xfa, 0xff, 0xf0, 0x0, 0x9, 0xff, 0x65, 0xff,
    0xaf, 0xff, 0x0, 0x0, 0x4f, 0xfb, 0x5f, 0xfa,
    0xff, 0xf0, 0x0, 0x0, 0xff, 0xf6, 0xff, 0xaf,
    0xff, 0x0, 0x0, 0xa, 0xff, 0xff, 0xfa, 0xff,
    0xf0, 0x0, 0x0, 0x5f, 0xff, 0xff, 0xa0,

    /* U+004F "O" */
    0x0, 0x0, 0x39, 0xde, 0xfe, 0xc8, 0x20, 0x0,
    0x0, 0x1, 0xbf, 0xff, 0xff, 0xff, 0xff, 0x90,
    0x0, 0x0, 0xdf, 0xff, 0xfb, 0xbc, 0xff, 0xff,
    0xa0, 0x0, 0x8f, 0xff, 0x60, 0x0, 0x0, 0x8f,
    0xff, 0x60, 0xf, 0xff, 0x50, 0x0, 0x0, 0x0,
    0x9f, 0xfd, 0x4, 0xff, 0xd0, 0x0, 0x0, 0x0,
    0x1, 0xff, 0xf1, 0x6f, 0xfa, 0x0, 0x0, 0x0,
    0x0, 0xd, 0xff, 0x37, 0xff, 0x90, 0x0, 0x0,
    0x0, 0x0, 0xcf, 0xf4, 0x7f, 0xf9, 0x0, 0x0,
    0x0, 0x0, 0xc, 0xff, 0x47, 0xff, 0x90, 0x0,
    0x0, 0x0, 0x0, 0xcf, 0xf4, 0x7f, 0xf9, 0x0,
    0x0, 0x0, 0x0, 0xc, 0xff, 0x47, 0xff, 0x90,
    0x0, 0x0, 0x0, 0x0, 0xcf, 0xf4, 0x6f, 0xfa,
    0x0, 0x0, 0x0, 0x0, 0xd, 0xff, 0x34, 0xff,
    0xd0, 0x0, 0x0, 0x0, 0x1, 0xff, 0xf1, 0xf,
    0xff, 0x60, 0x0, 0x0, 0x0, 0x9f, 0xfd, 0x0,
    0x8f, 0xff, 0x60, 0x0, 0x1, 0x9f, 0xff, 0x60,
    0x0, 0xdf, 0xff, 0xfc, 0xbc, 0xff, 0xff, 0xa0,
    0x0, 0x1, 0xbf, 0xff, 0xff, 0xff, 0xff, 0x90,
    0x0, 0x0, 0x0, 0x39, 0xdf, 0xfe, 0xc8, 0x20,
    0x0, 0x0,

    /* U+0050 "P" */
    0xff, 0xff, 0xff, 0xff, 0xec, 0x71, 0x0, 0xf,
    0xff, 0xff, 0xff, 0xff, 0xff, 0xe4, 0x0, 0xff,
    0xfb, 0xbb, 0xbb, 0xdf, 0xff, 0xf2, 0xf, 0xff,
    0x10, 0x0, 0x0, 0x3e, 0xff, 0x90, 0xff, 0xf1,
    0x0, 0x0, 0x0, 0x4f, 0xfe, 0xf, 0xff, 0x10,
    0x0, 0x0, 0x0, 0xff, 0xf0, 0xff, 0xf1, 0x0,
    0x0, 0x0, 0x1f, 0xff, 0xf, 0xff, 0x10, 0x0,
    0x0, 0x6, 0xff, 0xd0, 0xff, 0xf1, 0x0, 0x0,
    0x27, 0xff, 0xf7, 0xf, 0xff, 0xff, 0xff, 0xff,
    0xff, 0xfc, 0x0, 0xff, 0xff, 0xff, 0xff, 0xff,
    0xfb, 0x10, 0xf, 0xff, 0xbb, 0xbb, 0xba, 0x83,
    0x0, 0x0, 0xff, 0xf1, 0x0, 0x0, 0x0, 0x0,
    0x0, 0xf, 0xff, 0x10, 0x0, 0x0, 0x0, 0x0,
    0x0, 0xff, 0xf1, 0x0, 0x0, 0x0, 0x0, 0x0,
    0xf, 0xff, 0x10, 0x0, 0x0, 0x0, 0x0, 0x0,
    0xff, 0xf1, 0x0, 0x0, 0x0, 0x0, 0x0, 0xf,
    0xff, 0x10, 0x0, 0x0, 0x0, 0x0, 0x0, 0xff,
    0xf1, 0x0, 0x0, 0x0, 0x0, 0x0, 0x0,

    /* U+0051 "Q" */
    0x0, 0x0, 0x39, 0xde, 0xfe, 0xc8, 0x10, 0x0,
    0x0, 0x0, 0x9f, 0xff, 0xff, 0xff, 0xff, 0x70,
    0x0, 0x0, 0xbf, 0xff, 0xfc, 0xbc, 0xff, 0xff,
    0x90, 0x0, 0x7f, 0xff, 0x70, 0x0, 0x1, 0xaf,
    0xff, 0x40, 0xe, 0xff, 0x70, 0x0, 0x0, 0x0,
    0xaf, 0xfc, 0x3, 0xff, 0xe0, 0x0, 0x0, 0x0,
    0x2, 0xff, 0xf0, 0x5f, 0xfa, 0x0, 0x0, 0x0,
    0x0, 0xd, 0xff, 0x36, 0xff, 0x90, 0x0, 0x0,
    0x0, 0x0, 0xcf, 0xf4, 0x7f, 0xf9, 0x0, 0x0,
    0x0, 0x0, 0xc, 0xff, 0x47, 0xff, 0x90, 0x0,
    0x0, 0x0, 0x0, 0xcf, 0xf4, 0x7f, 0xf9, 0x0,
    0x0, 0x0, 0x0, 0xc, 0xff, 0x47, 0xff, 0x90,
    0x0, 0x0, 0x0, 0x0, 0xcf, 0xf4, 0x7f, 0xf9,
    0x0, 0x0, 0x0, 0x0, 0xc, 0xff, 0x45, 0xff,
    0xa0, 0x0, 0x0, 0x0, 0x0, 0xdf, 0xf3, 0x3f,
    0xfe, 0x0, 0x0, 0x0, 0x0, 0x1f, 0xff, 0x0,
    0xef, 0xf6, 0x0, 0x0, 0x0, 0xa, 0xff, 0xc0,
    0x7, 0xff, 0xf6, 0x0, 0x0, 0x9, 0xff, 0xf5,
    0x0, 0xc, 0xff, 0xfe, 0xba, 0xbf, 0xff, 0xfa,
    0x0, 0x0, 0xb, 0xff, 0xff, 0xff, 0xff, 0xf9,
    0x0, 0x0, 0x0, 0x4, 0xae, 0xff, 0xfd, 0x93,
    0x0, 0x0, 0x0, 0x0, 0x0, 0x1f, 0xfe, 0x0,
    0x0, 0x0, 0x0, 0x0, 0x0, 0x1, 0xff, 0xf1,
    0x0, 0x0, 0x0, 0x0, 0x0, 0x0, 0xe, 0xff,
    0xff, 0x60, 0x0, 0x0, 0x0, 0x0, 0x0, 0x6f,
    0xff, 0xf6, 0x0, 0x0, 0x0, 0x0, 0x0, 0x0,
    0x25, 0x66, 0x20, 0x0, 0x0,

    /* U+0052 "R" */
    0xff, 0xff, 0xff, 0xff, 0xfe, 0xa5, 0x0, 0xf,
    0xff, 0xff, 0xff, 0xff, 0xff, 0xfb, 0x0, 0xff,
    0xfb, 0xbb, 0xbb, 0xcf, 0xff, 0xfa, 0xf, 0xff,
    0x10, 0x0, 0x0, 0xa, 0xff, 0xf2, 0xff, 0xf1,
    0x0, 0x0, 0x0, 0xe, 0xff, 0x5f, 0xff, 0x10,
    0x0, 0x0, 0x0, 0xbf, 0xf6, 0xff, 0xf1, 0x0,
    0x0, 0x0, 0xb, 0xff, 0x3f, 0xff, 0x10, 0x0,
    0x0, 0x1, 0xff, 0xd0, 0xff, 0xf1, 0x0, 0x0,
    0x14, 0xdf, 0xf3, 0xf, 0xff, 0xff, 0xff, 0xff,
    0xff, 0xb2, 0x0, 0xff, 0xff, 0xff, 0xff, 0xff,
    0xfe, 0xa0, 0xf, 0xff, 0xbb, 0xbb, 0xbb, 0xcf,
    0xff, 0x80, 0xff, 0xf1, 0x0, 0x0, 0x0, 0x8f,
    0xfb, 0xf, 0xff, 0x10, 0x0, 0x0, 0x4, 0xff,
    0xb0, 0xff, 0xf1, 0x0, 0x0, 0x0, 0x4f, 0xfb,
    0xf, 0xff, 0x10, 0x0, 0x0, 0x4, 0xff, 0xb0,
    0xff, 0xf1, 0x0, 0x0, 0x0, 0x4f, 0xfb, 0xf,
    0xff, 0x10, 0x0, 0x0, 0x4, 0xff, 0xb0, 0xff,
    0xf1, 0x0, 0x0, 0x0, 0x4f, 0xfb, 0x0,

    /* U+0053 "S" */
    0x0, 0x3, 0x9d, 0xff, 0xec, 0x71, 0x0, 0x0,
    0xa, 0xff, 0xff, 0xff, 0xff, 0xf7, 0x0, 0xa,
    0xff, 0xfe, 0xba, 0xcf, 0xff, 0xf6, 0x2, 0xff,
    0xf7, 0x0, 0x0, 0x8, 0xff, 0xe0, 0x5f, 0xfc,
    0x0, 0x0, 0x0, 0xc, 0xff, 0x45, 0xff, 0xa0,
    0x0, 0x0, 0x0, 0x8f, 0xf7, 0x3f, 0xfe, 0x20,
    0x0, 0x0, 0x6, 0xcc, 0x60, 0xbf, 0xfe, 0x83,
    0x0, 0x0, 0x0, 0x0, 0x1, 0xbf, 0xff, 0xff,
    0xb7, 0x30, 0x0, 0x0, 0x0, 0x5b, 0xff, 0xff,
    0xff, 0xd5, 0x0, 0x0, 0x0, 0x0, 0x48, 0xcf,
    0xff, 0xfa, 0x0, 0x0, 0x0, 0x0, 0x0, 0x17,
    0xef, 0xf6, 0xdf, 0xf2, 0x0, 0x0, 0x0, 0x4,
    0xff, 0xcb, 0xff, 0x30, 0x0, 0x0, 0x0, 0x1f,
    0xfe, 0x9f, 0xf9, 0x0, 0x0, 0x0, 0x4, 0xff,
    0xc2, 0xff, 0xf8, 0x10, 0x0, 0x4, 0xef, 0xf8,
    0x8, 0xff, 0xff, 0xca, 0xbd, 0xff, 0xfd, 0x0,
    0x7, 0xff, 0xff, 0xff, 0xff, 0xfc, 0x10, 0x0,
    0x1, 0x7c, 0xef, 0xed, 0x94, 0x0, 0x0,

    /* U+0054 "T" */
    0x4f, 0xff, 0xff, 0xff, 0xff, 0xff, 0xff, 0xfc,
    0x4f, 0xff, 0xff, 0xff, 0xff, 0xff, 0xff, 0xfc,
    0x3b, 0xbb, 0xbb, 0xcf, 0xfe, 0xbb, 0xbb, 0xb8,
    0x0, 0x0, 0x0, 0x4f, 0xfc, 0x0, 0x0, 0x0,
    0x0, 0x0, 0x0, 0x4f, 0xfc, 0x0, 0x0, 0x0,
    0x0, 0x0, 0x0, 0x4f, 0xfc, 0x0, 0x0, 0x0,
    0x0, 0x0, 0x0, 0x4f, 0xfc, 0x0, 0x0, 0x0,
    0x0, 0x0, 0x0, 0x4f, 0xfc, 0x0, 0x0, 0x0,
    0x0, 0x0, 0x0, 0x4f, 0xfc, 0x0, 0x0, 0x0,
    0x0, 0x0, 0x0, 0x4f, 0xfc, 0x0, 0x0, 0x0,
    0x0, 0x0, 0x0, 0x4f, 0xfc, 0x0, 0x0, 0x0,
    0x0, 0x0, 0x0, 0x4f, 0xfc, 0x0, 0x0, 0x0,
    0x0, 0x0, 0x0, 0x4f, 0xfc, 0x0, 0x0, 0x0,
    0x0, 0x0, 0x0, 0x4f, 0xfc, 0x0, 0x0, 0x0,
    0x0, 0x0, 0x0, 0x4f, 0xfc, 0x0, 0x0, 0x0,
    0x0, 0x0, 0x0, 0x4f, 0xfc, 0x0, 0x0, 0x0,
    0x0, 0x0, 0x0, 0x4f, 0xfc, 0x0, 0x0, 0x0,
    0x0, 0x0, 0x0, 0x4f, 0xfc, 0x0, 0x0, 0x0,
    0x0, 0x0, 0x0, 0x4f, 0xfc, 0x0, 0x0, 0x0,

    /* U+0055 "U" */
    0x1f, 0xff, 0x0, 0x0, 0x0, 0x0, 0x3f, 0xfd,
    0x1f, 0xff, 0x0, 0x0, 0x0, 0x0, 0x3f, 0xfd,
    0x1f, 0xff, 0x0, 0x0, 0x0, 0x0, 0x3f, 0xfd,
    0x1f, 0xff, 0x0, 0x0, 0x0, 0x0, 0x3f, 0xfd,
    0x1f, 0xff, 0x0, 0x0, 0x0, 0x0, 0x3f, 0xfd,
    0x1f, 0xff, 0x0, 0x0, 0x0, 0x0, 0x3f, 0xfd,
    0x1f, 0xff, 0x0, 0x0, 0x0, 0x0, 0x3f, 0xfd,
    0x1f, 0xff, 0x0, 0x0, 0x0, 0x0, 0x3f, 0xfd,
    0x1f, 0xff, 0x0, 0x0, 0x0, 0x0, 0x3f, 0xfd,
    0x1f, 0xff, 0x0, 0x0, 0x0, 0x0, 0x3f, 0xfd,
    0x1f, 0xff, 0x0, 0x0, 0x0, 0x0, 0x3f, 0xfd,
    0x1f, 0xff, 0x0, 0x0, 0x0, 0x0, 0x3f, 0xfd,
    0x1f, 0xff, 0x0, 0x0, 0x0, 0x0, 0x3f, 0xfc,
    0xf, 0xff, 0x10, 0x0, 0x0, 0x0, 0x5f, 0xfb,
    0xc, 0xff, 0x80, 0x0, 0x0, 0x0, 0xcf, 0xf7,
    0x6, 0xff, 0xf7, 0x0, 0x0, 0x1a, 0xff, 0xf2,
    0x0, 0xbf, 0xff, 0xfc, 0xbc, 0xff, 0xff, 0x70,
    0x0, 0xa, 0xff, 0xff, 0xff, 0xff, 0xf7, 0x0,
    0x0, 0x0, 0x39, 0xdf, 0xfe, 0xc8, 0x10, 0x0,

    /* U+0056 "V" */
    0x4f, 0xfd, 0x0, 0x0, 0x0, 0x0, 0x9, 0xff,
    0x90, 0xff, 0xf2, 0x0, 0x0, 0x0, 0x0, 0xdf,
    0xf4, 0xa, 0xff, 0x60, 0x0, 0x0, 0x0, 0x1f,
    0xff, 0x0, 0x6f, 0xfb, 0x0, 0x0, 0x0, 0x6,
    0xff, 0xb0, 0x1, 0xff, 0xf0, 0x0, 0x0, 0x0,
    0xaf, 0xf6, 0x0, 0xd, 0xff, 0x30, 0x0, 0x0,
    0xe, 0xff, 0x20, 0x0, 0x8f, 0xf8, 0x0, 0x0,
    0x3, 0xff, 0xd0, 0x0, 0x3, 0xff, 0xc0, 0x0,
    0x0, 0x7f, 0xf9, 0x0, 0x0, 0xf, 0xff, 0x10,
    0x0, 0xc, 0xff, 0x40, 0x0, 0x0, 0xaf, 0xf5,
    0x0, 0x1, 0xff, 0xf0, 0x0, 0x0, 0x6, 0xff,
    0xa0, 0x0, 0x5f, 0xfb, 0x0, 0x0, 0x0, 0x1f,
    0xfe, 0x0, 0x9, 0xff, 0x60, 0x0, 0x0, 0x0,
    0xdf, 0xf3, 0x0, 0xef, 0xf2, 0x0, 0x0, 0x0,
    0x8, 0xff, 0x70, 0x2f, 0xfd, 0x0, 0x0, 0x0,
    0x0, 0x3f, 0xfc, 0x6, 0xff, 0x90, 0x0, 0x0,
    0x0, 0x0, 0xff, 0xf0, 0xbf, 0xf4, 0x0, 0x0,
    0x0, 0x0, 0xa, 0xff, 0x5f, 0xff, 0x0, 0x0,
    0x0, 0x0, 0x0, 0x6f, 0xff, 0xff, 0xb0, 0x0,
    0x0, 0x0, 0x0, 0x1, 0xff, 0xff, 0xf6, 0x0,
    0x0, 0x0,

    /* U+0057 "W" */
    0xf, 0xff, 0x0, 0x0, 0x5, 0xff, 0xff, 0xf2,
    0x0, 0x0, 0x3f, 0xfd, 0xd, 0xff, 0x20, 0x0,
    0x8, 0xff, 0xef, 0xf5, 0x0, 0x0, 0x5f, 0xfa,
    0xa, 0xff, 0x40, 0x0, 0xa, 0xff, 0x4f, 0xf8,
    0x0, 0x0, 0x7f, 0xf8, 0x8, 0xff, 0x60, 0x0,
    0xd, 0xfe, 0x1f, 0xfa, 0x0, 0x0, 0x9f, 0xf5,
    0x5, 0xff, 0x90, 0x0, 0xf, 0xfb, 0xe, 0xfd,
    0x0, 0x0, 0xcf, 0xf3, 0x3, 0xff, 0xb0, 0x0,
    0x3f, 0xf8, 0xb, 0xff, 0x0, 0x0, 0xef, 0xf0,
    0x1, 0xff, 0xd0, 0x0, 0x6f, 0xf5, 0x8, 0xff,
    0x30, 0x0, 0xff, 0xe0, 0x0, 0xef, 0xf0, 0x0,
    0x9f, 0xf2, 0x5, 0xff, 0x60, 0x2, 0xff, 0xb0,
    0x0, 0xcf, 0xf1, 0x0, 0xbf, 0xf0, 0x2, 0xff,
    0x90, 0x4, 0xff, 0x90, 0x0, 0x9f, 0xf4, 0x0,
    0xef, 0xc0, 0x0, 0xff, 0xc0, 0x7, 0xff, 0x70,
    0x0, 0x7f, 0xf6, 0x1, 0xff, 0xa0, 0x0, 0xdf,
    0xe0, 0x9, 0xff, 0x40, 0x0, 0x5f, 0xf8, 0x4,
    0xff, 0x70, 0x0, 0xaf, 0xf1, 0xb, 0xff, 0x20,
    0x0, 0x2f, 0xfa, 0x7, 0xff, 0x40, 0x0, 0x7f,
    0xf4, 0xd, 0xff, 0x0, 0x0, 0xf, 0xfd, 0xa,
    0xff, 0x10, 0x0, 0x4f, 0xf7, 0xf, 0xfd, 0x0,
    0x0, 0xd, 0xff, 0xc, 0xfe, 0x0, 0x0, 0x1f,
    0xfa, 0x2f, 0xfa, 0x0, 0x0, 0xb, 0xff, 0x1f,
    0xfb, 0x0, 0x0, 0xe, 0xfd, 0x4f, 0xf8, 0x0,
    0x0, 0x9, 0xff, 0x6f, 0xf9, 0x0, 0x0, 0xb,
    0xff, 0x6f, 0xf6, 0x0, 0x0, 0x6, 0xff, 0xff,
    0xf6, 0x0, 0x0, 0x9, 0xff, 0xff, 0xf3, 0x0,
    0x0, 0x4, 0xff, 0xff, 0xf3, 0x0, 0x0, 0x6,
    0xff, 0xff, 0xf1, 0x0,

    /* U+0058 "X" */
    0xd, 0xff, 0xa0, 0x0, 0x0, 0x0, 0xa, 0xff,
    0xc0, 0x3, 0xff, 0xf4, 0x0, 0x0, 0x0, 0x5f,
    0xff, 0x20, 0x0, 0x8f, 0xfd, 0x0, 0x0, 0x0,
    0xef, 0xf7, 0x0, 0x0, 0xd, 0xff, 0x80, 0x0,
    0x9, 0xff, 0xc0, 0x0, 0x0, 0x3, 0xff, 0xf2,
    0x0, 0x3f, 0xff, 0x30, 0x0, 0x0, 0x0, 0x9f,
    0xfc, 0x0, 0xdf, 0xf8, 0x0, 0x0, 0x0, 0x0,
    0xe, 0xff, 0x67, 0xff, 0xd0, 0x0, 0x0, 0x0,
    0x0, 0x4, 0xff, 0xff, 0xff, 0x30, 0x0, 0x0,
    0x0, 0x0, 0x0, 0xaf, 0xff, 0xf9, 0x0, 0x0,
    0x0, 0x0, 0x0, 0x0, 0x7f, 0xff, 0xf6, 0x0,
    0x0, 0x0, 0x0, 0x0, 0x1, 0xff, 0xff, 0xfe,
    0x10, 0x0, 0x0, 0x0, 0x0, 0xa, 0xff, 0xaa,
    0xff, 0x90, 0x0, 0x0, 0x0, 0x0, 0x4f, 0xfe,
    0x11, 0xff, 0xf3, 0x0, 0x0, 0x0, 0x0, 0xdf,
    0xf6, 0x0, 0x7f, 0xfd, 0x0, 0x0, 0x0, 0x8,
    0xff, 0xd0, 0x0, 0xd, 0xff, 0x70, 0x0, 0x0,
    0x2f, 0xff, 0x40, 0x0, 0x5, 0xff, 0xf1, 0x0,
    0x0, 0xbf, 0xfa, 0x0, 0x0, 0x0, 0xbf, 0xfa,
    0x0, 0x5, 0xff, 0xf2, 0x0, 0x0, 0x0, 0x2f,
    0xff, 0x40, 0xe, 0xff, 0x80, 0x0, 0x0, 0x0,
    0x9, 0xff, 0xd0,

    /* U+0059 "Y" */
    0x6f, 0xfe, 0x10, 0x0, 0x0, 0x0, 0xb, 0xff,
    0xa0, 0xdf, 0xf8, 0x0, 0x0, 0x0, 0x4, 0xff,
    0xf2, 0x4, 0xff, 0xf2, 0x0, 0x0, 0x0, 0xdf,
    0xf8, 0x0, 0xb, 0xff, 0xa0, 0x0, 0x0, 0x6f,
    0xfe, 0x0, 0x0, 0x2f, 0xff, 0x30, 0x0, 0xe,
    0xff, 0x60, 0x0, 0x0, 0x9f, 0xfc, 0x0, 0x8,
    0xff, 0xd0, 0x0, 0x0, 0x1, 0xef, 0xf5, 0x1,
    0xff, 0xf4, 0x0, 0x0, 0x0, 0x6, 0xff, 0xd0,
    0xaf, 0xfb, 0x0, 0x0, 0x0, 0x0, 0xd, 0xff,
    0xbf, 0xff, 0x20, 0x0, 0x0, 0x0, 0x0, 0x4f,
    0xff, 0xff, 0x90, 0x0, 0x0, 0x0, 0x0, 0x0,
    0xbf, 0xff, 0xe1, 0x0, 0x0, 0x0, 0x0, 0x0,
    0x2, 0xff, 0xf6, 0x0, 0x0, 0x0, 0x0, 0x0,
    0x0, 0xe, 0xff, 0x20, 0x0, 0x0, 0x0, 0x0,
    0x0, 0x0, 0xef, 0xf2, 0x0, 0x0, 0x0, 0x0,
    0x0, 0x0, 0xe, 0xff, 0x20, 0x0, 0x0, 0x0,
    0x0, 0x0, 0x0, 0xef, 0xf2, 0x0, 0x0, 0x0,
    0x0, 0x0, 0x0, 0xe, 0xff, 0x20, 0x0, 0x0,
    0x0, 0x0, 0x0, 0x0, 0xef, 0xf2, 0x0, 0x0,
    0x0, 0x0, 0x0, 0x0, 0xe, 0xff, 0x20, 0x0,
    0x0, 0x0,

    /* U+005A "Z" */
    0x5f, 0xff, 0xff, 0xff, 0xff, 0xff, 0xfc, 0x5f,
    0xff, 0xff, 0xff, 0xff, 0xff, 0xfc, 0x3a, 0xaa,
    0xaa, 0xaa, 0xaa, 0xcf, 0xfc, 0x0, 0x0, 0x0,
    0x0, 0x0, 0xbf, 0xfb, 0x0, 0x0, 0x0, 0x0,
    0x9, 0xff, 0xf3, 0x0, 0x0, 0x0, 0x0, 0x7f,
    0xff, 0x50, 0x0, 0x0, 0x0, 0x4, 0xff, 0xf7,
    0x0, 0x0, 0x0, 0x0, 0x3f, 0xff, 0xa0, 0x0,
    0x0, 0x0, 0x1, 0xef, 0xfc, 0x0, 0x0, 0x0,
    0x0, 0xc, 0xff, 0xd1, 0x0, 0x0, 0x0, 0x0,
    0xaf, 0xfe, 0x20, 0x0, 0x0, 0x0, 0x8, 0xff,
    0xf4, 0x0, 0x0, 0x0, 0x0, 0x6f, 0xff, 0x60,
    0x0, 0x0, 0x0, 0x4, 0xff, 0xf8, 0x0, 0x0,
    0x0, 0x0, 0x2e, 0xff, 0xa0, 0x0, 0x0, 0x0,
    0x0, 0xaf, 0xfc, 0x0, 0x0, 0x0, 0x0, 0x0,
    0xaf, 0xfd, 0xaa, 0xaa, 0xaa, 0xaa, 0xa9, 0xaf,
    0xff, 0xff, 0xff, 0xff, 0xff, 0xfe, 0xaf, 0xff,
    0xff, 0xff, 0xff, 0xff, 0xfe,

    /* U+005B "[" */
    0x2, 0x67, 0x77, 0x71, 0x4f, 0xff, 0xff, 0xf3,
    0xcf, 0xff, 0xff, 0xf3, 0xdf, 0xf1, 0x0, 0x0,
    0xef, 0xe0, 0x0, 0x0, 0xef, 0xe0, 0x0, 0x0,
    0xef, 0xe0, 0x0, 0x0, 0xef, 0xe0, 0x0, 0x0,
    0xef, 0xe0, 0x0, 0x0, 0xef, 0xe0, 0x0, 0x0,
    0xef, 0xe0, 0x0, 0x0, 0xef, 0xe0, 0x0, 0x0,
    0xef, 0xe0, 0x0, 0x0, 0xef, 0xe0, 0x0, 0x0,
    0xef, 0xe0, 0x0, 0x0, 0xef, 0xe0, 0x0, 0x0,
    0xef, 0xe0, 0x0, 0x0, 0xef, 0xe0, 0x0, 0x0,
    0xef, 0xe0, 0x0, 0x0, 0xef, 0xe0, 0x0, 0x0,
    0xef, 0xe0, 0x0, 0x0, 0xef, 0xe0, 0x0, 0x0,
    0xef, 0xe0, 0x0, 0x0, 0xef, 0xe0, 0x0, 0x0,
    0xef, 0xe0, 0x0, 0x0, 0xdf, 0xf8, 0x77, 0x71,
    0xaf, 0xff, 0xff, 0xf3, 0x1b, 0xff, 0xff, 0xf3,

    /* U+005C "\\" */
    0x1f, 0xfc, 0x0, 0x0, 0x0, 0x0, 0xc, 0xff,
    0x10, 0x0, 0x0, 0x0, 0x7, 0xff, 0x70, 0x0,
    0x0, 0x0, 0x2, 0xff, 0xc0, 0x0, 0x0, 0x0,
    0x0, 0xcf, 0xf1, 0x0, 0x0, 0x0, 0x0, 0x7f,
    0xf6, 0x0, 0x0, 0x0, 0x0, 0x2f, 0xfc, 0x0,
    0x0, 0x0, 0x0, 0xd, 0xff, 0x10, 0x0, 0x0,
    0x0, 0x7, 0xff, 0x60, 0x0, 0x0, 0x0, 0x2,
    0xff, 0xc0, 0x0, 0x0, 0x0, 0x0, 0xdf, 0xf1,
    0x0, 0x0, 0x0, 0x0, 0x7f, 0xf6, 0x0, 0x0,
    0x0, 0x0, 0x2f, 0xfb, 0x0, 0x0, 0x0, 0x0,
    0xd, 0xff, 0x10, 0x0, 0x0, 0x0, 0x8, 0xff,
    0x60, 0x0, 0x0, 0x0, 0x2, 0xff, 0xb0, 0x0,
    0x0, 0x0, 0x0, 0xdf, 0xf1, 0x0, 0x0, 0x0,
    0x0, 0x8f, 0xf6, 0x0, 0x0, 0x0, 0x0, 0x3f,
    0xfb, 0x0, 0x0, 0x0, 0x0, 0xd, 0xff, 0x10,
    0x0, 0x0, 0x0, 0x8, 0xff, 0x60, 0x0, 0x0,
    0x0, 0x3, 0xff, 0xb0, 0x0, 0x0, 0x0, 0x0,
    0xdf, 0xf0, 0x0, 0x0, 0x0, 0x0, 0x8f, 0xf5,
    0x0, 0x0, 0x0, 0x0, 0x3f, 0xfb,

    /* U+005D "]" */
    0x37, 0x77, 0x75, 0x10, 0x8f, 0xff, 0xff, 0xe1,
    0x8f, 0xff, 0xff, 0xf7, 0x0, 0x0, 0x5f, 0xf9,
    0x0, 0x0, 0x3f, 0xf9, 0x0, 0x0, 0x3f, 0xf9,
    0x0, 0x0, 0x3f, 0xf9, 0x0, 0x0, 0x3f, 0xf9,
    0x0, 0x0, 0x3f, 0xf9, 0x0, 0x0, 0x3f, 0xf9,
    0x0, 0x0, 0x3f, 0xf9, 0x0, 0x0, 0x3f, 0xf9,
    0x0, 0x0, 0x3f, 0xf9, 0x0, 0x0, 0x3f, 0xf9,
    0x0, 0x0, 0x3f, 0xf9, 0x0, 0x0, 0x3f, 0xf9,
    0x0, 0x0, 0x3f, 0xf9, 0x0, 0x0, 0x3f, 0xf9,
    0x0, 0x0, 0x3f, 0xf9, 0x0, 0x0, 0x3f, 0xf9,
    0x0, 0x0, 0x3f, 0xf9, 0x0, 0x0, 0x3f, 0xf9,
    0x0, 0x0, 0x3f, 0xf9, 0x0, 0x0, 0x3f, 0xf9,
    0x0, 0x0, 0x3f, 0xf9, 0x37, 0x77, 0xbf, 0xf9,
    0x8f, 0xff, 0xff, 0xf5, 0x8f, 0xff, 0xfe, 0x80,

    /* U+005E "^" */
    0x0, 0x0, 0xad, 0xdd, 0xd1, 0x0, 0x0, 0x0,
    0x4, 0xff, 0xff, 0xfa, 0x0, 0x0, 0x0, 0xd,
    0xff, 0x3d, 0xff, 0x30, 0x0, 0x0, 0x6f, 0xfa,
    0x4, 0xff, 0xc0, 0x0, 0x1, 0xef, 0xf2, 0x0,
    0xcf, 0xf5, 0x0, 0x8, 0xff, 0x90, 0x0, 0x4f,
    0xfe, 0x0, 0x2f, 0xff, 0x10, 0x0, 0xb, 0xff,
    0x70, 0xbf, 0xf9, 0x0, 0x0, 0x3, 0xff, 0xf1,

    /* U+005F "_" */
    0x9, 0x99, 0x99, 0x99, 0x99, 0x99, 0x99, 0x30,
    0xff, 0xff, 0xff, 0xff, 0xff, 0xff, 0xf6, 0xf,
    0xff, 0xff, 0xff, 0xff, 0xff, 0xff, 0x60,

    /* U+0060 "`" */
    0x5e, 0xec, 0x0, 0xa, 0xff, 0x60, 0x1, 0xef,
    0xe0, 0x0, 0x3f, 0xf7,

    /* U+0061 "a" */
    0x0, 0x4, 0xae, 0xff, 0xc8, 0x10, 0x0, 0x0,
    0xa, 0xff, 0xff, 0xff, 0xfe, 0x20, 0x0, 0x8,
    0xff, 0xf9, 0x67, 0xcf, 0xfd, 0x0, 0x1, 0xff,
    0xf2, 0x0, 0x0, 0xcf, 0xf4, 0x0, 0x3, 0x86,
    0x0, 0x0, 0x6, 0xff, 0x70, 0x0, 0x0, 0x2,
    0x33, 0x33, 0x7f, 0xf8, 0x0, 0x1, 0x9e, 0xff,
    0xff, 0xff, 0xff, 0x80, 0x1, 0xdf, 0xff, 0xff,
    0xff, 0xff, 0xf8, 0x0, 0x8f, 0xfb, 0x30, 0x0,
    0x5, 0xff, 0x80, 0xb, 0xff, 0x20, 0x0, 0x0,
    0x8f, 0xf8, 0x0, 0xaf, 0xf5, 0x0, 0x0, 0x3f,
    0xff, 0x80, 0x6, 0xff, 0xf9, 0x67, 0xaf, 0xdf,
    0xfd, 0x62, 0xa, 0xff, 0xff, 0xff, 0xf2, 0xbf,
    0xff, 0x70, 0x5, 0xbe, 0xfe, 0xa2, 0x2, 0xcf,
    0xf7,

    /* U+0062 "b" */
    0xef, 0xf0, 0x0, 0x0, 0x0, 0x0, 0x0, 0xe,
    0xff, 0x0, 0x0, 0x0, 0x0, 0x0, 0x0, 0xef,
    0xf0, 0x0, 0x0, 0x0, 0x0, 0x0, 0xe, 0xff,
    0x0, 0x0, 0x0, 0x0, 0x0, 0x0, 0xef, 0xf0,
    0x0, 0x0, 0x0, 0x0, 0x0, 0xe, 0xff, 0x1,
    0x8d, 0xff, 0xd7, 0x10, 0x0, 0xef, 0xf2, 0xef,
    0xff, 0xff, 0xfe, 0x30, 0xe, 0xff, 0xff, 0xd9,
    0x8a, 0xff, 0xff, 0x20, 0xef, 0xff, 0x60, 0x0,
    0x1, 0xcf, 0xfb, 0xe, 0xff, 0x90, 0x0, 0x0,
    0x1, 0xef, 0xf2, 0xef, 0xf2, 0x0, 0x0, 0x0,
    0x9, 0xff, 0x5e, 0xff, 0x0, 0x0, 0x0, 0x0,
    0x7f, 0xf7, 0xef, 0xf0, 0x0, 0x0, 0x0, 0x7,
    0xff, 0x7e, 0xff, 0x20, 0x0, 0x0, 0x0, 0x9f,
    0xf5, 0xef, 0xf8, 0x0, 0x0, 0x0, 0x1e, 0xff,
    0x2e, 0xff, 0xf6, 0x0, 0x0, 0x1c, 0xff, 0xc0,
    0xef, 0xfe, 0xfd, 0x88, 0xaf, 0xff, 0xf2, 0xe,
    0xff, 0x1d, 0xff, 0xff, 0xff, 0xe4, 0x0, 0xef,
    0xf0, 0x18, 0xdf, 0xfd, 0x81, 0x0, 0x0,

    /* U+0063 "c" */
    0x0, 0x0, 0x5b, 0xef, 0xec, 0x70, 0x0, 0x0,
    0x3, 0xdf, 0xff, 0xff, 0xff, 0xe3, 0x0, 0x2,
    0xef, 0xff, 0xb9, 0xae, 0xff, 0xe2, 0x0, 0xbf,
    0xfb, 0x10, 0x0, 0xa, 0xff, 0xb0, 0x2f, 0xfe,
    0x0, 0x0, 0x0, 0xe, 0xff, 0x16, 0xff, 0x80,
    0x0, 0x0, 0x0, 0x67, 0x40, 0x8f, 0xf5, 0x0,
    0x0, 0x0, 0x0, 0x0, 0x8, 0xff, 0x50, 0x0,
    0x0, 0x0, 0x0, 0x0, 0x6f, 0xf8, 0x0, 0x0,
    0x0, 0x5, 0x74, 0x2, 0xff, 0xe0, 0x0, 0x0,
    0x0, 0xdf, 0xf2, 0xc, 0xff, 0xb1, 0x0, 0x0,
    0xaf, 0xfb, 0x0, 0x2e, 0xff, 0xfa, 0x9a, 0xef,
    0xff, 0x20, 0x0, 0x3d, 0xff, 0xff, 0xff, 0xfe,
    0x30, 0x0, 0x0, 0x6, 0xbe, 0xfe, 0xc7, 0x0,
    0x0,

    /* U+0064 "d" */
    0x0, 0x0, 0x0, 0x0, 0x0, 0x1, 0xff, 0xd0,
    0x0, 0x0, 0x0, 0x0, 0x0, 0x1f, 0xfd, 0x0,
    0x0, 0x0, 0x0, 0x0, 0x1, 0xff, 0xd0, 0x0,
    0x0, 0x0, 0x0, 0x0, 0x1f, 0xfd, 0x0, 0x0,
    0x0, 0x0, 0x0, 0x1, 0xff, 0xd0, 0x0, 0x18,
    0xdf, 0xfd, 0x81, 0x1f, 0xfd, 0x0, 0x4e, 0xff,
    0xff, 0xff, 0xe3, 0xff, 0xd0, 0x3f, 0xff, 0xfa,
    0x89, 0xdf, 0xff, 0xfd, 0xc, 0xff, 0xb1, 0x0,
    0x0, 0x7f, 0xff, 0xd3, 0xff, 0xe0, 0x0, 0x0,
    0x0, 0xaf, 0xfd, 0x6f, 0xf8, 0x0, 0x0, 0x0,
    0x3, 0xff, 0xd8, 0xff, 0x60, 0x0, 0x0, 0x0,
    0x1f, 0xfd, 0x8f, 0xf6, 0x0, 0x0, 0x0, 0x0,
    0xff, 0xd6, 0xff, 0x80, 0x0, 0x0, 0x0, 0x3f,
    0xfd, 0x3f, 0xfe, 0x0, 0x0, 0x0, 0x9, 0xff,
    0xd0, 0xdf, 0xfb, 0x10, 0x0, 0x7, 0xff, 0xfd,
    0x3, 0xff, 0xfe, 0xa8, 0x9d, 0xfe, 0xff, 0xd0,
    0x5, 0xff, 0xff, 0xff, 0xfd, 0x1f, 0xfd, 0x0,
    0x1, 0x8d, 0xff, 0xd7, 0x0, 0xff, 0xd0,

    /* U+0065 "e" */
    0x0, 0x0, 0x6c, 0xef, 0xea, 0x50, 0x0, 0x0,
    0x3, 0xef, 0xff, 0xff, 0xff, 0xb1, 0x0, 0x2,
    0xff, 0xfd, 0x98, 0xaf, 0xff, 0xc0, 0x0, 0xcf,
    0xf5, 0x0, 0x0, 0xb, 0xff, 0x60, 0x2f, 0xfa,
    0x0, 0x0, 0x0, 0x1f, 0xfc, 0x6, 0xff, 0xff,
    0xff, 0xff, 0xff, 0xff, 0xe0, 0x8f, 0xff, 0xff,
    0xff, 0xff, 0xff, 0xff, 0x8, 0xff, 0x83, 0x33,
    0x33, 0x33, 0x33, 0x30, 0x6f, 0xf9, 0x0, 0x0,
    0x0, 0x0, 0x0, 0x2, 0xff, 0xe1, 0x0, 0x0,
    0x2, 0xe6, 0x0, 0xc, 0xff, 0xc1, 0x0, 0x1,
    0xcf, 0xf6, 0x0, 0x2f, 0xff, 0xe9, 0x89, 0xef,
    0xfc, 0x0, 0x0, 0x3e, 0xff, 0xff, 0xff, 0xfc,
    0x10, 0x0, 0x0, 0x6, 0xce, 0xfe, 0xb6, 0x0,
    0x0,

    /* U+0066 "f" */
    0x0, 0x0, 0x6, 0xdf, 0xff, 0xf0, 0x0, 0x0,
    0x2f, 0xff, 0xff, 0xf0, 0x0, 0x0, 0x5f, 0xfc,
    0x55, 0x50, 0x0, 0x0, 0x6f, 0xf8, 0x0, 0x0,
    0x0, 0x0, 0x6f, 0xf8, 0x0, 0x0, 0x4f, 0xff,
    0xff, 0xff, 0xff, 0xf7, 0x4f, 0xff, 0xff, 0xff,
    0xff, 0xf7, 0x16, 0x66, 0xaf, 0xfb, 0x66, 0x63,
    0x0, 0x0, 0x6f, 0xf8, 0x0, 0x0, 0x0, 0x0,
    0x6f, 0xf8, 0x0, 0x0, 0x0, 0x0, 0x6f, 0xf8,
    0x0, 0x0, 0x0, 0x0, 0x6f, 0xf8, 0x0, 0x0,
    0x0, 0x0, 0x6f, 0xf8, 0x0, 0x0, 0x0, 0x0,
    0x6f, 0xf8, 0x0, 0x0, 0x0, 0x0, 0x6f, 0xf8,
    0x0, 0x0, 0x0, 0x0, 0x6f, 0xf8, 0x0, 0x0,
    0x0, 0x0, 0x6f, 0xf8, 0x0, 0x0, 0x0, 0x0,
    0x6f, 0xf8, 0x0, 0x0, 0x0, 0x0, 0x6f, 0xf8,
    0x0, 0x0,

    /* U+0067 "g" */
    0x0, 0x1, 0x8d, 0xfe, 0xc4, 0x0, 0xff, 0xc0,
    0x4, 0xef, 0xff, 0xff, 0xf7, 0xf, 0xfc, 0x3,
    0xff, 0xff, 0xa8, 0x9d, 0xf4, 0xff, 0xc0, 0xcf,
    0xfb, 0x10, 0x0, 0x7, 0xff, 0xfc, 0x3f, 0xfe,
    0x0, 0x0, 0x0, 0xa, 0xff, 0xc6, 0xff, 0x80,
    0x0, 0x0, 0x0, 0x3f, 0xfc, 0x8f, 0xf6, 0x0,
    0x0, 0x0, 0x1, 0xff, 0xc8, 0xff, 0x60, 0x0,
    0x0, 0x0, 0xf, 0xfc, 0x6f, 0xf8, 0x0, 0x0,
    0x0, 0x3, 0xff, 0xc3, 0xff, 0xe0, 0x0, 0x0,
    0x0, 0x9f, 0xfc, 0xd, 0xff, 0xb1, 0x0, 0x0,
    0x7f, 0xff, 0xc0, 0x3f, 0xff, 0xea, 0x89, 0xdf,
    0xff, 0xfc, 0x0, 0x4f, 0xff, 0xff, 0xff, 0xfa,
    0xff, 0xc0, 0x0, 0x18, 0xdf, 0xfe, 0xa3, 0x1f,
    0xfc, 0x0, 0x0, 0x0, 0x0, 0x0, 0x1, 0xff,
    0xc0, 0x0, 0x0, 0x0, 0x0, 0x0, 0x1f, 0xfc,
    0x0, 0x0, 0x0, 0x0, 0x0, 0x1, 0xff, 0xc0,
    0x2, 0x77, 0x77, 0x77, 0x77, 0xaf, 0xfb, 0x0,
    0x4f, 0xff, 0xff, 0xff, 0xff, 0xff, 0x70, 0x4,
    0xff, 0xff, 0xff, 0xff, 0xfe, 0x90,

    /* U+0068 "h" */
    0xef, 0xf0, 0x0, 0x0, 0x0, 0x0, 0x0, 0xef,
    0xf0, 0x0, 0x0, 0x0, 0x0, 0x0, 0xef, 0xf0,
    0x0, 0x0, 0x0, 0x0, 0x0, 0xef, 0xf0, 0x0,
    0x0, 0x0, 0x0, 0x0, 0xef, 0xf0, 0x0, 0x0,
    0x0, 0x0, 0x0, 0xef, 0xf0, 0x19, 0xdf, 0xeb,
    0x40, 0x0, 0xef, 0xf2, 0xef, 0xff, 0xff, 0xf8,
    0x0, 0xef, 0xfe, 0xfb, 0x78, 0xcf, 0xff, 0x50,
    0xef, 0xff, 0x40, 0x0, 0x7, 0xff, 0xc0, 0xef,
    0xf8, 0x0, 0x0, 0x0, 0xef, 0xf1, 0xef, 0xf2,
    0x0, 0x0, 0x0, 0xbf, 0xf2, 0xef, 0xf0, 0x0,
    0x0, 0x0, 0xbf, 0xf3, 0xef, 0xf0, 0x0, 0x0,
    0x0, 0xbf, 0xf3, 0xef, 0xf0, 0x0, 0x0, 0x0,
    0xbf, 0xf3, 0xef, 0xf0, 0x0, 0x0, 0x0, 0xbf,
    0xf3, 0xef, 0xf0, 0x0, 0x0, 0x0, 0xbf, 0xf3,
    0xef, 0xf0, 0x0, 0x0, 0x0, 0xbf, 0xf3, 0xef,
    0xf0, 0x0, 0x0, 0x0, 0xbf, 0xf3, 0xef, 0xf0,
    0x0, 0x0, 0x0, 0xbf, 0xf3,

    /* U+0069 "i" */
    0xa, 0xfb, 0x15, 0xff, 0xf7, 0x4f, 0xff, 0x70,
    0x8d, 0x90, 0x0, 0x0, 0x0, 0xef, 0xf0, 0xe,
    0xff, 0x0, 0xef, 0xf0, 0xe, 0xff, 0x0, 0xef,
    0xf0, 0xe, 0xff, 0x0, 0xef, 0xf0, 0xe, 0xff,
    0x0, 0xef, 0xf0, 0xe, 0xff, 0x0, 0xef, 0xf0,
    0xe, 0xff, 0x0, 0xef, 0xf0, 0xe, 0xff, 0x0,

    /* U+006A "j" */
    0x0, 0x9, 0xfc, 0x10, 0x4, 0xff, 0xf8, 0x0,
    0x3f, 0xff, 0x70, 0x0, 0x7d, 0xa0, 0x0, 0x0,
    0x0, 0x0, 0x0, 0xdf, 0xf1, 0x0, 0xd, 0xff,
    0x10, 0x0, 0xdf, 0xf1, 0x0, 0xd, 0xff, 0x10,
    0x0, 0xdf, 0xf1, 0x0, 0xd, 0xff, 0x10, 0x0,
    0xdf, 0xf1, 0x0, 0xd, 0xff, 0x10, 0x0, 0xdf,
    0xf1, 0x0, 0xd, 0xff, 0x10, 0x0, 0xdf, 0xf1,
    0x0, 0xd, 0xff, 0x10, 0x0, 0xdf, 0xf1, 0x0,
    0xd, 0xff, 0x10, 0x0, 0xdf, 0xf1, 0x0, 0xd,
    0xff, 0x10, 0x0, 0xdf, 0xf1, 0x37, 0x8f, 0xff,
    0x8, 0xff, 0xff, 0xb0, 0x8f, 0xff, 0xb1, 0x0,

    /* U+006B "k" */
    0xef, 0xf0, 0x0, 0x0, 0x0, 0x0, 0xe, 0xff,
    0x0, 0x0, 0x0, 0x0, 0x0, 0xef, 0xf0, 0x0,
    0x0, 0x0, 0x0, 0xe, 0xff, 0x0, 0x0, 0x0,
    0x0, 0x0, 0xef, 0xf0, 0x0, 0x0, 0x0, 0x0,
    0xe, 0xff, 0x0, 0x0, 0x9, 0xff, 0xf4, 0xef,
    0xf0, 0x0, 0x7, 0xff, 0xf5, 0xe, 0xff, 0x0,
    0x6, 0xff, 0xf5, 0x0, 0xef, 0xf0, 0x4, 0xff,
    0xf6, 0x0, 0xe, 0xff, 0x3, 0xff, 0xf6, 0x0,
    0x0, 0xef, 0xf2, 0xef, 0xf7, 0x0, 0x0, 0xe,
    0xff, 0xff, 0xf8, 0x0, 0x0, 0x0, 0xef, 0xff,
    0xff, 0x10, 0x0, 0x0, 0xe, 0xff, 0xcf, 0xfe,
    0x20, 0x0, 0x0, 0xef, 0xf0, 0xaf, 0xfe, 0x30,
    0x0, 0xe, 0xff, 0x0, 0x9f, 0xff, 0x30, 0x0,
    0xef, 0xf0, 0x0, 0x8f, 0xff, 0x40, 0xe, 0xff,
    0x0, 0x0, 0x7f, 0xff, 0x50, 0xef, 0xf0, 0x0,
    0x0, 0x6f, 0xff, 0x60,

    /* U+006C "l" */
    0xef, 0xf0, 0xef, 0xf0, 0xef, 0xf0, 0xef, 0xf0,
    0xef, 0xf0, 0xef, 0xf0, 0xef, 0xf0, 0xef, 0xf0,
    0xef, 0xf0, 0xef, 0xf0, 0xef, 0xf0, 0xef, 0xf0,
    0xef, 0xf0, 0xef, 0xf0, 0xef, 0xf0, 0xef, 0xf0,
    0xef, 0xf0, 0xef, 0xf0, 0xef, 0xf0,

    /* U+006D "m" */
    0xef, 0xf0, 0x4c, 0xff, 0xc4, 0x0, 0x2a, 0xef,
    0xd8, 0x0, 0xef, 0xf5, 0xff, 0xff, 0xff, 0x52,
    0xef, 0xff, 0xff, 0xc0, 0xef, 0xff, 0x94, 0x4a,
    0xff, 0xed, 0xe6, 0x36, 0xef, 0xf8, 0xef, 0xf9,
    0x0, 0x0, 0xbf, 0xff, 0x10, 0x0, 0x3f, 0xfd,
    0xef, 0xf2, 0x0, 0x0, 0x7f, 0xfa, 0x0, 0x0,
    0xf, 0xff, 0xef, 0xf0, 0x0, 0x0, 0x6f, 0xf8,
    0x0, 0x0, 0xe, 0xff, 0xef, 0xf0, 0x0, 0x0,
    0x6f, 0xf8, 0x0, 0x0, 0xe, 0xff, 0xef, 0xf0,
    0x0, 0x0, 0x6f, 0xf8, 0x0, 0x0, 0xe, 0xff,
    0xef, 0xf0, 0x0, 0x0, 0x6f, 0xf8, 0x0, 0x0,
    0xe, 0xff, 0xef, 0xf0, 0x0, 0x0, 0x6f, 0xf8,
    0x0, 0x0, 0xe, 0xff, 0xef, 0xf0, 0x0, 0x0,
    0x6f, 0xf8, 0x0, 0x0, 0xe, 0xff, 0xef, 0xf0,
    0x0, 0x0, 0x6f, 0xf8, 0x0, 0x0, 0xe, 0xff,
    0xef, 0xf0, 0x0, 0x0, 0x6f, 0xf8, 0x0, 0x0,
    0xe, 0xff, 0xef, 0xf0, 0x0, 0x0, 0x6f, 0xf8,
    0x0, 0x0, 0xe, 0xff,

    /* U+006E "n" */
    0xef, 0xf0, 0x29, 0xef, 0xeb, 0x40, 0x0, 0xef,
    0xf3, 0xff, 0xff, 0xff, 0xf8, 0x0, 0xef, 0xff,
    0xe7, 0x34, 0x8f, 0xff, 0x50, 0xef, 0xfe, 0x20,
    0x0, 0x5, 0xff, 0xc0, 0xef, 0xf7, 0x0, 0x0,
    0x0, 0xef, 0xf1, 0xef, 0xf2, 0x0, 0x0, 0x0,
    0xbf, 0xf2, 0xef, 0xf0, 0x0, 0x0, 0x0, 0xbf,
    0xf3, 0xef, 0xf0, 0x0, 0x0, 0x0, 0xbf, 0xf3,
    0xef, 0xf0, 0x0, 0x0, 0x0, 0xbf, 0xf3, 0xef,
    0xf0, 0x0, 0x0, 0x0, 0xbf, 0xf3, 0xef, 0xf0,
    0x0, 0x0, 0x0, 0xbf, 0xf3, 0xef, 0xf0, 0x0,
    0x0, 0x0, 0xbf, 0xf3, 0xef, 0xf0, 0x0, 0x0,
    0x0, 0xbf, 0xf3, 0xef, 0xf0, 0x0, 0x0, 0x0,
    0xbf, 0xf3,

    /* U+006F "o" */
    0x0, 0x0, 0x5b, 0xef, 0xec, 0x71, 0x0, 0x0,
    0x3, 0xdf, 0xff, 0xff, 0xff, 0xe5, 0x0, 0x2,
    0xef, 0xff, 0xa9, 0xae, 0xff, 0xf4, 0x0, 0xbf,
    0xfb, 0x10, 0x0, 0x9, 0xff, 0xe0, 0x2f, 0xfe,
    0x0, 0x0, 0x0, 0xb, 0xff, 0x66, 0xff, 0x80,
    0x0, 0x0, 0x0, 0x5f, 0xf9, 0x8f, 0xf5, 0x0,
    0x0, 0x0, 0x2, 0xff, 0xb8, 0xff, 0x50, 0x0,
    0x0, 0x0, 0x2f, 0xfb, 0x6f, 0xf8, 0x0, 0x0,
    0x0, 0x4, 0xff, 0x92, 0xff, 0xe0, 0x0, 0x0,
    0x0, 0xbf, 0xf6, 0xc, 0xff, 0xb1, 0x0, 0x0,
    0x8f, 0xfe, 0x0, 0x2e, 0xff, 0xfa, 0x9a, 0xef,
    0xff, 0x40, 0x0, 0x3d, 0xff, 0xff, 0xff, 0xfe,
    0x50, 0x0, 0x0, 0x6, 0xbe, 0xfe, 0xc7, 0x10,
    0x0,

    /* U+0070 "p" */
    0xef, 0xf0, 0x5, 0xce, 0xfd, 0x71, 0x0, 0xe,
    0xff, 0x8, 0xff, 0xff, 0xff, 0xe4, 0x0, 0xef,
    0xf4, 0xfd, 0x98, 0xaf, 0xff, 0xf2, 0xe, 0xff,
    0xf7, 0x0, 0x0, 0x1c, 0xff, 0xb0, 0xef, 0xf9,
    0x0, 0x0, 0x0, 0x1e, 0xff, 0x2e, 0xff, 0x20,
    0x0, 0x0, 0x0, 0x9f, 0xf5, 0xef, 0xf0, 0x0,
    0x0, 0x0, 0x7, 0xff, 0x7e, 0xff, 0x0, 0x0,
    0x0, 0x0, 0x7f, 0xf7, 0xef, 0xf2, 0x0, 0x0,
    0x0, 0x9, 0xff, 0x5e, 0xff, 0x80, 0x0, 0x0,
    0x1, 0xef, 0xf2, 0xef, 0xff, 0x60, 0x0, 0x1,
    0xcf, 0xfc, 0xe, 0xff, 0xff, 0xd8, 0x8a, 0xff,
    0xff, 0x20, 0xef, 0xfe, 0xff, 0xff, 0xff, 0xfe,
    0x40, 0xe, 0xff, 0x6, 0xbe, 0xff, 0xd8, 0x10,
    0x0, 0xef, 0xf0, 0x0, 0x0, 0x0, 0x0, 0x0,
    0xe, 0xff, 0x0, 0x0, 0x0, 0x0, 0x0, 0x0,
    0xef, 0xf0, 0x0, 0x0, 0x0, 0x0, 0x0, 0xe,
    0xff, 0x0, 0x0, 0x0, 0x0, 0x0, 0x0, 0xef,
    0xf0, 0x0, 0x0, 0x0, 0x0, 0x0, 0xe, 0xff,
    0x0, 0x0, 0x0, 0x0, 0x0, 0x0,

    /* U+0071 "q" */
    0x0, 0x1, 0x8d, 0xfe, 0xc4, 0x0, 0xff, 0xd0,
    0x4, 0xef, 0xff, 0xff, 0xf7, 0xf, 0xfd, 0x3,
    0xff, 0xff, 0xa8, 0x9d, 0xf4, 0xff, 0xd0, 0xcf,
    0xfb, 0x10, 0x0, 0x7, 0xff, 0xfd, 0x3f, 0xfe,
    0x0, 0x0, 0x0, 0xa, 0xff, 0xd6, 0xff, 0x80,
    0x0, 0x0, 0x0, 0x3f, 0xfd, 0x8f, 0xf6, 0x0,
    0x0, 0x0, 0x1, 0xff, 0xd8, 0xff, 0x60, 0x0,
    0x0, 0x0, 0xf, 0xfd, 0x6f, 0xf8, 0x0, 0x0,
    0x0, 0x3, 0xff, 0xd3, 0xff, 0xe0, 0x0, 0x0,
    0x0, 0x9f, 0xfd, 0xd, 0xff, 0xb0, 0x0, 0x0,
    0x7f, 0xff, 0xd0, 0x3f, 0xff, 0xea, 0x89, 0xdf,
    0xff, 0xfd, 0x0, 0x5f, 0xff, 0xff, 0xff, 0xfe,
    0xff, 0xd0, 0x0, 0x28, 0xdf, 0xfe, 0xb6, 0x1f,
    0xfd, 0x0, 0x0, 0x0, 0x0, 0x0, 0x1, 0xff,
    0xd0, 0x0, 0x0, 0x0, 0x0, 0x0, 0x1f, 0xfd,
    0x0, 0x0, 0x0, 0x0, 0x0, 0x1, 0xff, 0xd0,
    0x0, 0x0, 0x0, 0x0, 0x0, 0x1f, 0xfd, 0x0,
    0x0, 0x0, 0x0, 0x0, 0x1, 0xff, 0xd0, 0x0,
    0x0, 0x0, 0x0, 0x0, 0x1f, 0xfd,

    /* U+0072 "r" */
    0xef, 0xf0, 0x9e, 0xff, 0xef, 0xfa, 0xff, 0xff,
    0xef, 0xff, 0xe9, 0x87, 0xef, 0xfc, 0x0, 0x0,
    0xef, 0xf3, 0x0, 0x0, 0xef, 0xf0, 0x0, 0x0,
    0xef, 0xf0, 0x0, 0x0, 0xef, 0xf0, 0x0, 0x0,
    0xef, 0xf0, 0x0, 0x0, 0xef, 0xf0, 0x0, 0x0,
    0xef, 0xf0, 0x0, 0x0, 0xef, 0xf0, 0x0, 0x0,
    0xef, 0xf0, 0x0, 0x0, 0xef, 0xf0, 0x0, 0x0,

    /* U+0073 "s" */
    0x0, 0x18, 0xdf, 0xfe, 0xa4, 0x0, 0x0, 0x3f,
    0xff, 0xff, 0xff, 0xf8, 0x0, 0xd, 0xff, 0xb6,
    0x58, 0xef, 0xf6, 0x1, 0xff, 0xc0, 0x0, 0x2,
    0xff, 0xc0, 0xf, 0xfd, 0x0, 0x0, 0x5, 0x20,
    0x0, 0xbf, 0xfd, 0x84, 0x10, 0x0, 0x0, 0x1,
    0xcf, 0xff, 0xff, 0xe9, 0x20, 0x0, 0x0, 0x48,
    0xdf, 0xff, 0xff, 0x70, 0x0, 0x10, 0x0, 0x4,
    0x8f, 0xff, 0x26, 0xdf, 0x20, 0x0, 0x0, 0x7f,
    0xf6, 0x6f, 0xfb, 0x0, 0x0, 0x8, 0xff, 0x60,
    0xef, 0xfd, 0x75, 0x5a, 0xff, 0xf1, 0x2, 0xdf,
    0xff, 0xff, 0xff, 0xf6, 0x0, 0x0, 0x6b, 0xef,
    0xfd, 0x92, 0x0,

    /* U+0074 "t" */
    0x0, 0x0, 0x7f, 0xf7, 0x0, 0x0, 0x0, 0x0,
    0x7f, 0xf7, 0x0, 0x0, 0x0, 0x0, 0x7f, 0xf7,
    0x0, 0x0, 0x0, 0x0, 0x7f, 0xf7, 0x0, 0x0,
    0x4f, 0xff, 0xff, 0xff, 0xff, 0xf9, 0x4f, 0xff,
    0xff, 0xff, 0xff, 0xf9, 0x16, 0x66, 0xaf, 0xfa,
    0x66, 0x63, 0x0, 0x0, 0x7f, 0xf7, 0x0, 0x0,
    0x0, 0x0, 0x7f, 0xf7, 0x0, 0x0, 0x0, 0x0,
    0x7f, 0xf7, 0x0, 0x0, 0x0, 0x0, 0x7f, 0xf7,
    0x0, 0x0, 0x0, 0x0, 0x7f, 0xf7, 0x0, 0x0,
    0x0, 0x0, 0x7f, 0xf7, 0x0, 0x0, 0x0, 0x0,
    0x7f, 0xf7, 0x0, 0x0, 0x0, 0x0, 0x7f, 0xf7,
    0x0, 0x0, 0x0, 0x0, 0x6f, 0xfd, 0x66, 0x60,
    0x0, 0x0, 0x2f, 0xff, 0xff, 0xf1, 0x0, 0x0,
    0x5, 0xdf, 0xff, 0xf1,

    /* U+0075 "u" */
    0xf, 0xfe, 0x0, 0x0, 0x0, 0xd, 0xff, 0x10,
    0xff, 0xe0, 0x0, 0x0, 0x0, 0xdf, 0xf1, 0xf,
    0xfe, 0x0, 0x0, 0x0, 0xd, 0xff, 0x10, 0xff,
    0xe0, 0x0, 0x0, 0x0, 0xdf, 0xf1, 0xf, 0xfe,
    0x0, 0x0, 0x0, 0xd, 0xff, 0x10, 0xff, 0xe0,
    0x0, 0x0, 0x0, 0xdf, 0xf1, 0xf, 0xfe, 0x0,
    0x0, 0x0, 0xd, 0xff, 0x10, 0xff, 0xe0, 0x0,
    0x0, 0x0, 0xdf, 0xf1, 0xf, 0xfe, 0x0, 0x0,
    0x0, 0xf, 0xff, 0x10, 0xef, 0xf1, 0x0, 0x0,
    0x5, 0xff, 0xf1, 0x9, 0xff, 0xa0, 0x0, 0x2,
    0xef, 0xff, 0x10, 0x3f, 0xff, 0xd8, 0x7a, 0xfe,
    0xef, 0xf1, 0x0, 0x6f, 0xff, 0xff, 0xff, 0x3c,
    0xff, 0x10, 0x0, 0x3a, 0xef, 0xea, 0x20, 0xcf,
    0xf1,

    /* U+0076 "v" */
    0x2f, 0xfd, 0x0, 0x0, 0x0, 0xa, 0xff, 0x60,
    0xdf, 0xf2, 0x0, 0x0, 0x0, 0xef, 0xf1, 0x8,
    0xff, 0x70, 0x0, 0x0, 0x4f, 0xfb, 0x0, 0x2f,
    0xfc, 0x0, 0x0, 0x9, 0xff, 0x60, 0x0, 0xdf,
    0xf1, 0x0, 0x0, 0xdf, 0xf1, 0x0, 0x8, 0xff,
    0x60, 0x0, 0x2f, 0xfb, 0x0, 0x0, 0x2f, 0xfb,
    0x0, 0x7, 0xff, 0x60, 0x0, 0x0, 0xdf, 0xf0,
    0x0, 0xcf, 0xf1, 0x0, 0x0, 0x8, 0xff, 0x50,
    0x1f, 0xfb, 0x0, 0x0, 0x0, 0x2f, 0xfa, 0x6,
    0xff, 0x60, 0x0, 0x0, 0x0, 0xdf, 0xe0, 0xbf,
    0xf1, 0x0, 0x0, 0x0, 0x8, 0xff, 0x5f, 0xfb,
    0x0, 0x0, 0x0, 0x0, 0x2f, 0xff, 0xff, 0x60,
    0x0, 0x0, 0x0, 0x0, 0xdf, 0xff, 0xf1, 0x0,
    0x0,

    /* U+0077 "w" */
    0xaf, 0xf3, 0x0, 0x5, 0xff, 0xff, 0x80, 0x0,
    0x1f, 0xfc, 0x7f, 0xf6, 0x0, 0x8, 0xff, 0xff,
    0xb0, 0x0, 0x3f, 0xfa, 0x4f, 0xf8, 0x0, 0xb,
    0xfb, 0x9f, 0xe0, 0x0, 0x5f, 0xf7, 0x2f, 0xfa,
    0x0, 0xe, 0xf8, 0x6f, 0xf1, 0x0, 0x8f, 0xf4,
    0xf, 0xfd, 0x0, 0x2f, 0xf5, 0x2f, 0xf5, 0x0,
    0xaf, 0xf2, 0xc, 0xff, 0x0, 0x5f, 0xf2, 0xf,
    0xf8, 0x0, 0xcf, 0xf0, 0xa, 0xff, 0x10, 0x8f,
    0xf0, 0xc, 0xfb, 0x0, 0xef, 0xc0, 0x7, 0xff,
    0x30, 0xbf, 0xc0, 0x9, 0xfe, 0x1, 0xff, 0x90,
    0x4, 0xff, 0x60, 0xef, 0x90, 0x6, 0xff, 0x13,
    0xff, 0x70, 0x1, 0xff, 0x82, 0xff, 0x50, 0x2,
    0xff, 0x45, 0xff, 0x40, 0x0, 0xff, 0xa5, 0xff,
    0x20, 0x0, 0xff, 0x78, 0xff, 0x10, 0x0, 0xcf,
    0xd8, 0xff, 0x0, 0x0, 0xcf, 0xba, 0xff, 0x0,
    0x0, 0x9f, 0xff, 0xfc, 0x0, 0x0, 0x9f, 0xff,
    0xfc, 0x0, 0x0, 0x7f, 0xff, 0xf9, 0x0, 0x0,
    0x6f, 0xff, 0xf9, 0x0,

    /* U+0078 "x" */
    0x9, 0xff, 0xc0, 0x0, 0x0, 0x3, 0xff, 0xf3,
    0x0, 0xdf, 0xf7, 0x0, 0x0, 0xd, 0xff, 0x70,
    0x0, 0x2f, 0xff, 0x20, 0x0, 0x9f, 0xfb, 0x0,
    0x0, 0x6, 0xff, 0xd0, 0x4, 0xff, 0xe1, 0x0,
    0x0, 0x0, 0xaf, 0xf8, 0xe, 0xff, 0x40, 0x0,
    0x0, 0x0, 0x1e, 0xff, 0xdf, 0xf8, 0x0, 0x0,
    0x0, 0x0, 0x3, 0xff, 0xff, 0xc0, 0x0, 0x0,
    0x0, 0x0, 0x2, 0xff, 0xff, 0xa0, 0x0, 0x0,
    0x0, 0x0, 0xc, 0xff, 0xff, 0xf6, 0x0, 0x0,
    0x0, 0x0, 0x9f, 0xfb, 0x2f, 0xff, 0x30, 0x0,
    0x0, 0x5, 0xff, 0xe1, 0x6, 0xff, 0xd1, 0x0,
    0x0, 0x2f, 0xff, 0x30, 0x0, 0xaf, 0xfb, 0x0,
    0x0, 0xdf, 0xf7, 0x0, 0x0, 0xd, 0xff, 0x70,
    0xa, 0xff, 0xb0, 0x0, 0x0, 0x3, 0xff, 0xf4,

    /* U+0079 "y" */
    0xf, 0xfe, 0x0, 0x0, 0x0, 0xd, 0xff, 0x10,
    0xff, 0xe0, 0x0, 0x0, 0x0, 0xdf, 0xf1, 0xf,
    0xfe, 0x0, 0x0, 0x0, 0xd, 0xff, 0x10, 0xff,
    0xe0, 0x0, 0x0, 0x0, 0xdf, 0xf1, 0xf, 0xfe,
    0x0, 0x0, 0x0, 0xd, 0xff, 0x10, 0xff, 0xe0,
    0x0, 0x0, 0x0, 0xdf, 0xf1, 0xf, 0xfe, 0x0,
    0x0, 0x0, 0xd, 0xff, 0x10, 0xff, 0xe0, 0x0,
    0x0, 0x0, 0xdf, 0xf1, 0xf, 0xfe, 0x0, 0x0,
    0x0, 0xf, 0xff, 0x10, 0xef, 0xf1, 0x0, 0x0,
    0x5, 0xff, 0xf1, 0xa, 0xff, 0xa0, 0x0, 0x2,
    0xef, 0xff, 0x10, 0x3f, 0xff, 0xd8, 0x7a, 0xfe,
    0xff, 0xf1, 0x0, 0x6f, 0xff, 0xff, 0xff, 0x3c,
    0xff, 0x10, 0x0, 0x3a, 0xef, 0xea, 0x20, 0xcf,
    0xf1, 0x0, 0x0, 0x0, 0x0, 0x0, 0xc, 0xff,
    0x10, 0x0, 0x0, 0x0, 0x0, 0x0, 0xcf, 0xf1,
    0x0, 0x0, 0x0, 0x0, 0x0, 0xd, 0xff, 0x10,
    0x2, 0x77, 0x77, 0x77, 0x78, 0xff, 0xf0, 0x0,
    0x4f, 0xff, 0xff, 0xff, 0xff, 0xfb, 0x0, 0x4,
    0xff, 0xff, 0xff, 0xff, 0xfb, 0x10,

    /* U+007A "z" */
    0x2f, 0xff, 0xff, 0xff, 0xff, 0xfd, 0x2, 0xff,
    0xff, 0xff, 0xff, 0xff, 0xd0, 0x16, 0x66, 0x66,
    0x66, 0x9f, 0xfd, 0x0, 0x0, 0x0, 0x0, 0x2d,
    0xff, 0xc0, 0x0, 0x0, 0x0, 0x2e, 0xff, 0xc1,
    0x0, 0x0, 0x0, 0x3e, 0xff, 0xb0, 0x0, 0x0,
    0x0, 0x4f, 0xff, 0xb0, 0x0, 0x0, 0x0, 0x4f,
    0xff, 0xa0, 0x0, 0x0, 0x0, 0x5f, 0xff, 0x90,
    0x0, 0x0, 0x0, 0x6f, 0xff, 0x80, 0x0, 0x0,
    0x0, 0x5f, 0xff, 0x70, 0x0, 0x0, 0x0, 0x7,
    0xff, 0xd6, 0x66, 0x66, 0x66, 0x60, 0x7f, 0xff,
    0xff, 0xff, 0xff, 0xff, 0x17, 0xff, 0xff, 0xff,
    0xff, 0xff, 0xf1,

    /* U+007B "{" */
    0x0, 0x0, 0x3, 0x67, 0x77, 0x70, 0x0, 0x0,
    0x6f, 0xff, 0xff, 0xf1, 0x0, 0x0, 0xef, 0xff,
    0xff, 0xf1, 0x0, 0x0, 0xff, 0xe0, 0x0, 0x0,
    0x0, 0x0, 0xff, 0xc0, 0x0, 0x0, 0x0, 0x0,
    0xff, 0xc0, 0x0, 0x0, 0x0, 0x0, 0xff, 0xc0,
    0x0, 0x0, 0x0, 0x0, 0xff, 0xc0, 0x0, 0x0,
    0x0, 0x0, 0xff, 0xc0, 0x0, 0x0, 0x0, 0x0,
    0xff, 0xc0, 0x0, 0x0, 0x0, 0x0, 0xff, 0xc0,
    0x0, 0x0, 0x0, 0x0, 0xff, 0xc0, 0x0, 0x0,
    0x0, 0x3, 0xff, 0xa0, 0x0, 0x0, 0xff, 0xff,
    0xfe, 0x30, 0x0, 0x0, 0xff, 0xff, 0xa3, 0x0,
    0x0, 0x0, 0xab, 0xbd, 0xff, 0x60, 0x0, 0x0,
    0x0, 0x1, 0xff, 0xb0, 0x0, 0x0, 0x0, 0x0,
    0xff, 0xc0, 0x0, 0x0, 0x0, 0x0, 0xff, 0xc0,
    0x0, 0x0, 0x0, 0x0, 0xff, 0xc0, 0x0, 0x0,
    0x0, 0x0, 0xff, 0xc0, 0x0, 0x0, 0x0, 0x0,
    0xff, 0xc0, 0x0, 0x0, 0x0, 0x0, 0xff, 0xc0,
    0x0, 0x0, 0x0, 0x0, 0xff, 0xc0, 0x0, 0x0,
    0x0, 0x0, 0xff, 0xc0, 0x0, 0x0, 0x0, 0x0,
    0xff, 0xf7, 0x77, 0x70, 0x0, 0x0, 0xcf, 0xff,
    0xff, 0xf1, 0x0, 0x0, 0x2c, 0xff, 0xff, 0xf1,

    /* U+007C "|" */
    0xff, 0xef, 0xfe, 0xff, 0xef, 0xfe, 0xff, 0xef,
    0xfe, 0xff, 0xef, 0xfe, 0xff, 0xef, 0xfe, 0xff,
    0xef, 0xfe, 0xff, 0xef, 0xfe, 0xff, 0xef, 0xfe,
    0xff, 0xef, 0xfe, 0xff, 0xef, 0xfe, 0xff, 0xef,
    0xfe, 0xff, 0xef, 0xfe, 0xff, 0xef, 0xfe, 0xff,
    0xef, 0xfe, 0xff, 0xe0,

    /* U+007D "}" */
    0x37, 0x77, 0x75, 0x10, 0x0, 0x0, 0x8f, 0xff,
    0xff, 0xe1, 0x0, 0x0, 0x8f, 0xff, 0xff, 0xf7,
    0x0, 0x0, 0x0, 0x0, 0x6f, 0xf9, 0x0, 0x0,
    0x0, 0x0, 0x3f, 0xf9, 0x0, 0x0, 0x0, 0x0,
    0x3f, 0xf9, 0x0, 0x0, 0x0, 0x0, 0x3f, 0xf9,
    0x0, 0x0, 0x0, 0x0, 0x3f, 0xf9, 0x0, 0x0,
    0x0, 0x0, 0x3f, 0xf9, 0x0, 0x0, 0x0, 0x0,
    0x3f, 0xf9, 0x0, 0x0, 0x0, 0x0, 0x3f, 0xf9,
    0x0, 0x0, 0x0, 0x0, 0x3f, 0xf9, 0x0, 0x0,
    0x0, 0x0, 0x1f, 0xfc, 0x0, 0x0, 0x0, 0x0,
    0x8, 0xff, 0xff, 0xf8, 0x0, 0x0, 0x0, 0x6e,
    0xff, 0xf8, 0x0, 0x0, 0xc, 0xff, 0xbb, 0xb5,
    0x0, 0x0, 0x2f, 0xfa, 0x0, 0x0, 0x0, 0x0,
    0x3f, 0xf9, 0x0, 0x0, 0x0, 0x0, 0x3f, 0xf9,
    0x0, 0x0, 0x0, 0x0, 0x3f, 0xf9, 0x0, 0x0,
    0x0, 0x0, 0x3f, 0xf9, 0x0, 0x0, 0x0, 0x0,
    0x3f, 0xf9, 0x0, 0x0, 0x0, 0x0, 0x3f, 0xf9,
    0x0, 0x0, 0x0, 0x0, 0x3f, 0xf9, 0x0, 0x0,
    0x0, 0x0, 0x3f, 0xf9, 0x0, 0x0, 0x37, 0x77,
    0xbf, 0xf9, 0x0, 0x0, 0x8f, 0xff, 0xff, 0xf5,
    0x0, 0x0, 0x8f, 0xff, 0xfe, 0x80, 0x0, 0x0,

    /* U+007E "~" */
    0x0, 0x0, 0x0, 0x0, 0x0, 0x0, 0x0, 0x0,
    0x0, 0x8, 0xff, 0xb0, 0x0, 0x2c, 0x70, 0x0,
    0x2d, 0xff, 0xff, 0xb2, 0x6f, 0xff, 0x40, 0x6f,
    0xff, 0xff, 0xff, 0xff, 0xff, 0x90, 0xe, 0xff,
    0xa1, 0x6f, 0xff, 0xff, 0x50, 0x0, 0x3f, 0x60,
    0x0, 0x6e, 0xfa, 0x10, 0x0, 0x0, 0x0, 0x0,
    0x0, 0x0, 0x0, 0x0, 0x0,

    /* U+00A0 " " */

    /* U+00A1 "¡" */
    0x8, 0xed, 0x40, 0x4f, 0xff, 0xf0, 0x6f, 0xff,
    0xf1, 0x1e, 0xff, 0xc0, 0x2, 0x76, 0x0, 0x0,
    0x0, 0x0, 0x3, 0x55, 0x10, 0xa, 0xff, 0x50,
    0xa, 0xff, 0x50, 0xa, 0xff, 0x50, 0xa, 0xff,
    0x50, 0xa, 0xff, 0x50, 0xa, 0xff, 0x50, 0xa,
    0xff, 0x50, 0xa, 0xff, 0x50, 0xa, 0xff, 0x50,
    0xa, 0xff, 0x50, 0xa, 0xff, 0x50, 0xa, 0xff,
    0x50, 0xa, 0xff, 0x50,

    /* U+00A2 "¢" */
    0x0, 0x0, 0x0, 0x1, 0x10, 0x0, 0x0, 0x0,
    0x0, 0x0, 0x9, 0xff, 0x0, 0x0, 0x0, 0x0,
    0x0, 0x0, 0x9f, 0xf0, 0x0, 0x0, 0x0, 0x0,
    0x0, 0x9, 0xff, 0x0, 0x0, 0x0, 0x0, 0x1,
    0x8d, 0xff, 0xff, 0xa3, 0x0, 0x0, 0x3, 0xef,
    0xff, 0xff, 0xff, 0xf6, 0x0, 0x2, 0xff, 0xfe,
    0xdf, 0xfb, 0xff, 0xf4, 0x0, 0xbf, 0xfb, 0x9,
    0xff, 0x7, 0xff, 0xd0, 0x1f, 0xff, 0x10, 0x9f,
    0xf0, 0xc, 0xff, 0x35, 0xff, 0x90, 0x9, 0xff,
    0x0, 0x56, 0x30, 0x6f, 0xf7, 0x0, 0x9f, 0xf0,
    0x0, 0x0, 0x6, 0xff, 0x70, 0x9, 0xff, 0x0,
    0x0, 0x0, 0x5f, 0xf9, 0x0, 0x9f, 0xf0, 0x4,
    0x73, 0x1, 0xff, 0xf0, 0x9, 0xff, 0x0, 0xbf,
    0xf3, 0xb, 0xff, 0xb0, 0x9f, 0xf0, 0x6f, 0xfd,
    0x0, 0x2f, 0xff, 0xed, 0xff, 0xbf, 0xff, 0x30,
    0x0, 0x3e, 0xff, 0xff, 0xff, 0xff, 0x60, 0x0,
    0x0, 0x18, 0xef, 0xff, 0xfa, 0x30, 0x0, 0x0,
    0x0, 0x0, 0xaf, 0xf0, 0x0, 0x0, 0x0, 0x0,
    0x0, 0x9, 0xff, 0x0, 0x0, 0x0, 0x0, 0x0,
    0x0, 0x9f, 0xf0, 0x0, 0x0, 0x0,

    /* U+00A3 "£" */
    0x0, 0x0, 0x4, 0xae, 0xff, 0xd8, 0x10, 0x0,
    0x0, 0x0, 0xaf, 0xff, 0xff, 0xff, 0xf5, 0x0,
    0x0, 0x8, 0xff, 0xfd, 0xab, 0xef, 0xff, 0x20,
    0x0, 0xf, 0xff, 0x60, 0x0, 0x1c, 0xff, 0x90,
    0x0, 0x4f, 0xfc, 0x0, 0x0, 0x2, 0xff, 0xd0,
    0x0, 0x5f, 0xf9, 0x0, 0x0, 0x0, 0xff, 0xf0,
    0x0, 0x5f, 0xf8, 0x0, 0x0, 0x0, 0xef, 0xf0,
    0x0, 0x5f, 0xf8, 0x0, 0x0, 0x0, 0x44, 0x40,
    0x15, 0x8f, 0xfa, 0x55, 0x30, 0x0, 0x0, 0x0,
    0x5f, 0xff, 0xff, 0xff, 0xa0, 0x0, 0x0, 0x0,
    0x5f, 0xff, 0xff, 0xff, 0xa0, 0x0, 0x0, 0x0,
    0x0, 0x5f, 0xf8, 0x0, 0x0, 0x0, 0x0, 0x0,
    0x0, 0x5f, 0xf8, 0x0, 0x0, 0x0, 0x0, 0x0,
    0x0, 0x5f, 0xf8, 0x0, 0x0, 0x0, 0x0, 0x0,
    0x0, 0x5f, 0xf8, 0x0, 0x0, 0x0, 0x0, 0x0,
    0x0, 0x5f, 0xf8, 0x0, 0x0, 0x0, 0x0, 0x0,
    0x49, 0xbf, 0xfc, 0x99, 0x99, 0x99, 0x99, 0x90,
    0x7f, 0xff, 0xff, 0xff, 0xff, 0xff, 0xff, 0xf1,
    0x7f, 0xff, 0xff, 0xff, 0xff, 0xff, 0xff, 0xf1,

    /* U+00A4 "¤" */
    0x1, 0x10, 0x0, 0x0, 0x0, 0x0, 0x2, 0x0,
    0x1d, 0xd2, 0x29, 0xef, 0xeb, 0x40, 0xaf, 0x40,
    0x7f, 0xfe, 0xff, 0xff, 0xff, 0xfe, 0xff, 0xd0,
    0x9, 0xff, 0xff, 0xa7, 0x8d, 0xff, 0xfd, 0x10,
    0x6, 0xff, 0xc1, 0x0, 0x0, 0x8f, 0xfa, 0x0,
    0xd, 0xfe, 0x10, 0x0, 0x0, 0xa, 0xff, 0x20,
    0x2f, 0xf7, 0x0, 0x0, 0x0, 0x2, 0xff, 0x70,
    0x4f, 0xf4, 0x0, 0x0, 0x0, 0x0, 0xff, 0xa0,
    0x4f, 0xf4, 0x0, 0x0, 0x0, 0x0, 0xef, 0xa0,
    0x2f, 0xf7, 0x0, 0x0, 0x0, 0x2, 0xff, 0x70,
    0xd, 0xfe, 0x10, 0x0, 0x0, 0xa, 0xff, 0x20,
    0x6, 0xff, 0xc1, 0x0, 0x0, 0x8f, 0xfa, 0x0,
    0x9, 0xff, 0xff, 0xa8, 0x9e, 0xff, 0xfd, 0x10,
    0x7f, 0xff, 0xff, 0xff, 0xff, 0xfe, 0xff, 0xd0,
    0x1d, 0xd2, 0x3a, 0xef, 0xfc, 0x60, 0xaf, 0x40,
    0x1, 0x10, 0x0, 0x0, 0x0, 0x0, 0x3, 0x0,

    /* U+00A5 "¥" */
    0x8f, 0xfe, 0x0, 0x0, 0x0, 0x0, 0x9, 0xff,
    0xd0, 0xd, 0xff, 0x80, 0x0, 0x0, 0x0, 0x2f,
    0xff, 0x40, 0x4, 0xff, 0xf1, 0x0, 0x0, 0x0,
    0xbf, 0xfa, 0x0, 0x0, 0xbf, 0xfa, 0x0, 0x0,
    0x4, 0xff, 0xf1, 0x0, 0x0, 0x2f, 0xff, 0x30,
    0x0, 0xd, 0xff, 0x70, 0x0, 0x0, 0x8, 0xff,
    0xc0, 0x0, 0x7f, 0xfd, 0x0, 0x0, 0x0, 0x0,
    0xef, 0xf5, 0x1, 0xef, 0xf4, 0x0, 0x0, 0x0,
    0x0, 0x5f, 0xfe, 0x9, 0xff, 0xa0, 0x0, 0x0,
    0x0, 0x0, 0xb, 0xff, 0xbf, 0xff, 0x10, 0x0,
    0x0, 0x0, 0x5f, 0xff, 0xff, 0xff, 0xff, 0xff,
    0xb0, 0x0, 0x0, 0x5f, 0xff, 0xff, 0xff, 0xff,
    0xff, 0xb0, 0x0, 0x0, 0x15, 0x55, 0x5e, 0xff,
    0x75, 0x55, 0x30, 0x0, 0x0, 0x0, 0x0, 0xd,
    0xff, 0x30, 0x0, 0x0, 0x0, 0x0, 0x5f, 0xff,
    0xff, 0xff, 0xff, 0xff, 0xb0, 0x0, 0x0, 0x5f,
    0xff, 0xff, 0xff, 0xff, 0xff, 0xb0, 0x0, 0x0,
    0x15, 0x55, 0x5e, 0xff, 0x75, 0x55, 0x30, 0x0,
    0x0, 0x0, 0x0, 0xd, 0xff, 0x30, 0x0, 0x0,
    0x0, 0x0, 0x0, 0x0, 0xd, 0xff, 0x30, 0x0,
    0x0, 0x0, 0x0, 0x0, 0x0, 0xd, 0xff, 0x30,
    0x0, 0x0, 0x0,

    /* U+00A6 "¦" */
    0xff, 0xef, 0xfe, 0xff, 0xef, 0xfe, 0xff, 0xef,
    0xfe, 0xff, 0xef, 0xfe, 0xff, 0xef, 0xfe, 0xff,
    0xef, 0xfe, 0x22, 0x20, 0x0, 0x0, 0x0, 0x0,
    0x22, 0x2f, 0xfe, 0xff, 0xef, 0xfe, 0xff, 0xef,
    0xfe, 0xff, 0xef, 0xfe, 0xff, 0xef, 0xfe, 0xff,
    0xef, 0xfe, 0xff, 0xe0,

    /* U+00A7 "§" */
    0x0, 0x2a, 0xef, 0xfc, 0x70, 0x0, 0x5, 0xff,
    0xff, 0xff, 0xfd, 0x10, 0xe, 0xff, 0x96, 0x7c,
    0xff, 0xa0, 0x4f, 0xf6, 0x0, 0x0, 0xcf, 0xf0,
    0x4f, 0xf5, 0x0, 0x0, 0x7f, 0xf1, 0x1f, 0xfe,
    0x40, 0x0, 0x1, 0x10, 0xd, 0xff, 0xff, 0xb8,
    0x30, 0x0, 0x3f, 0xfb, 0xdf, 0xff, 0xfb, 0x10,
    0x5f, 0xf5, 0x1, 0x5a, 0xff, 0xd0, 0x2f, 0xfd,
    0x40, 0x0, 0x9f, 0xf3, 0xa, 0xff, 0xff, 0xb7,
    0x8f, 0xf4, 0x0, 0x7e, 0xff, 0xff, 0xff, 0xf1,
    0x0, 0x0, 0x37, 0xae, 0xff, 0xd0, 0xab, 0x60,
    0x0, 0x0, 0xbf, 0xf2, 0xef, 0xb0, 0x0, 0x0,
    0x5f, 0xf4, 0xbf, 0xf3, 0x0, 0x0, 0x9f, 0xf3,
    0x4f, 0xff, 0x96, 0x6a, 0xff, 0xd0, 0x6, 0xff,
    0xff, 0xff, 0xff, 0x30, 0x0, 0x39, 0xdf, 0xfd,
    0x92, 0x0,

    /* U+00A8 "¨" */
    0x1a, 0xc6, 0x0, 0x5c, 0xb1, 0x9f, 0xff, 0x21,
    0xff, 0xfa, 0x9f, 0xff, 0x21, 0xff, 0xfb, 0x2c,
    0xf9, 0x0, 0x7f, 0xd3,

    /* U+00A9 "©" */
    0x0, 0x0, 0x17, 0xbe, 0xff, 0xeb, 0x71, 0x0,
    0x0, 0x0, 0x6, 0xff, 0xff, 0xff, 0xff, 0xff,
    0x60, 0x0, 0x0, 0x8f, 0xff, 0x95, 0x44, 0x59,
    0xff, 0xf7, 0x0, 0x4, 0xff, 0xb1, 0x0, 0x0,
    0x0, 0x1c, 0xff, 0x30, 0xc, 0xfd, 0x0, 0x2b,
    0xff, 0xc4, 0x1, 0xef, 0xb0, 0x1f, 0xf6, 0x2,
    0xff, 0xff, 0xff, 0x20, 0x7f, 0xf0, 0x4f, 0xf2,
    0x9, 0xfe, 0x43, 0xdf, 0xa0, 0x2f, 0xf3, 0x6f,
    0xf0, 0xd, 0xf7, 0x0, 0x6f, 0xe0, 0xf, 0xf5,
    0x7f, 0xf0, 0xf, 0xf6, 0x0, 0x39, 0x80, 0xf,
    0xf6, 0x7f, 0xf0, 0xf, 0xf6, 0x0, 0x0, 0x0,
    0xf, 0xf6, 0x7f, 0xf0, 0xf, 0xf6, 0x0, 0x0,
    0x0, 0xf, 0xf6, 0x7f, 0xf0, 0xf, 0xf6, 0x0,
    0x28, 0x80, 0xf, 0xf6, 0x6f, 0xf0, 0xe, 0xf7,
    0x0, 0x6f, 0xe0, 0xf, 0xf5, 0x4f, 0xf2, 0xa,
    0xfe, 0x43, 0xcf, 0xb0, 0x2f, 0xf3, 0x1f, 0xf6,
    0x2, 0xff, 0xff, 0xff, 0x30, 0x7f, 0xf0, 0xc,
    0xfd, 0x0, 0x3b, 0xff, 0xc4, 0x1, 0xef, 0xb0,
    0x4, 0xff, 0xb1, 0x0, 0x0, 0x0, 0x1c, 0xff,
    0x30, 0x0, 0x8f, 0xff, 0x95, 0x44, 0x59, 0xff,
    0xf7, 0x0, 0x0, 0x6, 0xff, 0xff, 0xff, 0xff,
    0xff, 0x60, 0x0, 0x0, 0x0, 0x17, 0xce, 0xff,
    0xeb, 0x71, 0x0, 0x0,

    /* U+00AA "ª" */
    0x1, 0x9d, 0xfd, 0x91, 0x0, 0x1, 0xdf, 0xfd,
    0xff, 0xe1, 0x0, 0x6f, 0xc0, 0x0, 0xcf, 0x80,
    0x0, 0x11, 0x0, 0x7, 0xfb, 0x0, 0x7, 0xdf,
    0xff, 0xff, 0xb0, 0x9, 0xff, 0xaa, 0xac, 0xfb,
    0x0, 0xef, 0x50, 0x0, 0x8f, 0xb0, 0xe, 0xf6,
    0x0, 0x2e, 0xfb, 0x0, 0x8f, 0xfc, 0xcf, 0xdf,
    0xfb, 0x20, 0x7d, 0xfe, 0xa1, 0xaf, 0xf2,

    /* U+00AB "«" */
    0x0, 0x0, 0x0, 0x0, 0x10, 0x0, 0x0, 0x0,
    0x10, 0x0, 0x0, 0x1, 0xac, 0x0, 0x0, 0x1,
    0xab, 0x0, 0x0, 0x6, 0xff, 0xc0, 0x0, 0x7,
    0xff, 0xb0, 0x0, 0x3d, 0xff, 0xfb, 0x0, 0x4d,
    0xff, 0xfa, 0x1, 0xaf, 0xff, 0xf7, 0x1, 0xaf,
    0xff, 0xf7, 0x5, 0xff, 0xff, 0xa1, 0x5, 0xff,
    0xff, 0x91, 0x0, 0x8f, 0xfc, 0x30, 0x0, 0x9f,
    0xfb, 0x20, 0x0, 0x8, 0xff, 0x70, 0x0, 0x9,
    0xff, 0x60, 0x0, 0x0, 0x7f, 0xff, 0xd4, 0x0,
    0x8f, 0xff, 0xd4, 0x0, 0x0, 0x5e, 0xff, 0xfb,
    0x20, 0x6e, 0xff, 0xfa, 0x20, 0x0, 0x9, 0xff,
    0xff, 0x70, 0x19, 0xff, 0xff, 0x70, 0x0, 0x2,
    0xcf, 0xfc, 0x0, 0x3, 0xcf, 0xfb, 0x0, 0x0,
    0x0, 0x6e, 0xc0, 0x0, 0x0, 0x6e, 0xb0, 0x0,
    0x0, 0x0, 0x16, 0x0, 0x0, 0x0, 0x15,

    /* U+00AC "¬" */
    0x19, 0x99, 0x99, 0x99, 0x99, 0x99, 0x52, 0xff,
    0xff, 0xff, 0xff, 0xff, 0xf8, 0x2f, 0xff, 0xff,
    0xff, 0xff, 0xff, 0x80, 0x0, 0x0, 0x0, 0x0,
    0xf, 0xf8, 0x0, 0x0, 0x0, 0x0, 0x0, 0xff,
    0x80, 0x0, 0x0, 0x0, 0x0, 0xf, 0xf8,

    /* U+00AD "­" */
    0x89, 0x99, 0x99, 0x99, 0x3e, 0xff, 0xff, 0xff,
    0xf5, 0xef, 0xff, 0xff, 0xff, 0x50,

    /* U+00AE "®" */
    0x0, 0x4, 0xbe, 0xfd, 0x92, 0x0, 0x0, 0xa,
    0xe7, 0x32, 0x49, 0xf6, 0x0, 0x9, 0xc0, 0x9e,
    0xec, 0x23, 0xf4, 0x2, 0xf1, 0xb, 0x71, 0x9b,
    0x7, 0xc0, 0x6c, 0x0, 0xb7, 0x9, 0x90, 0x1f,
    0x18, 0xa0, 0xb, 0xff, 0xe1, 0x0, 0xf2, 0x7b,
    0x0, 0xb7, 0xa, 0x80, 0x1f, 0x13, 0xf1, 0xb,
    0x70, 0x99, 0x6, 0xd0, 0xb, 0xa0, 0x32, 0x3,
    0x31, 0xe6, 0x0, 0x1d, 0xc4, 0x0, 0x16, 0xe9,
    0x0, 0x0, 0x7, 0xef, 0xff, 0xc5, 0x0, 0x0,
    0x0, 0x0, 0x12, 0x0, 0x0, 0x0,

    /* U+00AF "¯" */
    0x34, 0x44, 0x44, 0x44, 0x40, 0xbf, 0xff, 0xff,
    0xff, 0xf3, 0xbf, 0xff, 0xff, 0xff, 0xf3,

    /* U+00B0 "°" */
    0x0, 0x8, 0xef, 0xd7, 0x0, 0x1, 0xdf, 0xff,
    0xff, 0xb0, 0x9, 0xff, 0x84, 0x9f, 0xf6, 0xe,
    0xf9, 0x0, 0xb, 0xfc, 0xf, 0xf5, 0x0, 0x8,
    0xfd, 0xe, 0xf9, 0x0, 0xb, 0xfc, 0x9, 0xff,
    0x74, 0x9f, 0xf6, 0x1, 0xdf, 0xff, 0xff, 0xb0,
    0x0, 0x8, 0xef, 0xd7, 0x0,

    /* U+00B1 "±" */
    0x0, 0x0, 0xa, 0xff, 0x0, 0x0, 0x0, 0x0,
    0x0, 0xaf, 0xf0, 0x0, 0x0, 0x0, 0x0, 0xa,
    0xff, 0x0, 0x0, 0x0, 0x0, 0x0, 0xaf, 0xf0,
    0x0, 0x0, 0x2f, 0xff, 0xff, 0xff, 0xff, 0xff,
    0x82, 0xff, 0xff, 0xff, 0xff, 0xff, 0xf8, 0x19,
    0x99, 0x9d, 0xff, 0x99, 0x99, 0x50, 0x0, 0x0,
    0xaf, 0xf0, 0x0, 0x0, 0x0, 0x0, 0xa, 0xff,
    0x0, 0x0, 0x0, 0x0, 0x0, 0xaf, 0xf0, 0x0,
    0x0, 0x0, 0x0, 0x8, 0xcc, 0x0, 0x0, 0x0,
    0x0, 0x0, 0x0, 0x0, 0x0, 0x0, 0x19, 0x99,
    0x99, 0x99, 0x99, 0x99, 0x52, 0xff, 0xff, 0xff,
    0xff, 0xff, 0xf8, 0x2f, 0xff, 0xff, 0xff, 0xff,
    0xff, 0x80,

    /* U+00B2 "²" */
    0x0, 0x3b, 0xef, 0xd7, 0x0, 0x5, 0xff, 0xed,
    0xff, 0xc0, 0xe, 0xf8, 0x0, 0x3f, 0xf4, 0x19,
    0x91, 0x0, 0xd, 0xf6, 0x0, 0x0, 0x2, 0xaf,
    0xf2, 0x0, 0x29, 0xdf, 0xfe, 0x50, 0x4, 0xff,
    0xea, 0x50, 0x0, 0xe, 0xf7, 0x0, 0x0, 0x0,
    0x2f, 0xfd, 0xdd, 0xdd, 0xd4, 0x4f, 0xff, 0xff,
    0xff, 0xf5,

    /* U+00B3 "³" */
    0x2f, 0xff, 0xff, 0xff, 0xf7, 0x1c, 0xcc, 0xcc,
    0xff, 0xf7, 0x0, 0x0, 0x18, 0xfe, 0x70, 0x0,
    0x6, 0xff, 0x80, 0x0, 0x0, 0xa, 0xff, 0xfc,
    0x50, 0x0, 0x2, 0x33, 0x7f, 0xf3, 0x17, 0x70,
    0x0, 0xb, 0xf6, 0x2f, 0xf6, 0x0, 0x2f, 0xf5,
    0x9, 0xff, 0xed, 0xff, 0xc0, 0x0, 0x5c, 0xef,
    0xd7, 0x0,

    /* U+00B4 "´" */
    0x0, 0xcf, 0xf6, 0x5, 0xff, 0xb0, 0xd, 0xfe,
    0x10, 0x6f, 0xf4, 0x0,

    /* U+00B5 "µ" */
    0xff, 0xe0, 0x0, 0x0, 0x0, 0xff, 0xe0, 0xf,
    0xfe, 0x0, 0x0, 0x0, 0xf, 0xfe, 0x0, 0xff,
    0xe0, 0x0, 0x0, 0x0, 0xff, 0xe0, 0xf, 0xfe,
    0x0, 0x0, 0x0, 0xf, 0xfe, 0x0, 0xff, 0xe0,
    0x0, 0x0, 0x0, 0xff, 0xe0, 0xf, 0xfe, 0x0,
    0x0, 0x0, 0xf, 0xfe, 0x0, 0xff, 0xe0, 0x0,
    0x0, 0x0, 0xff, 0xe0, 0xf, 0xfe, 0x0, 0x0,
    0x0, 0xf, 0xfe, 0x0, 0xff, 0xf0, 0x0, 0x0,
    0x1, 0xff, 0xe0, 0xf, 0xff, 0x10, 0x0, 0x0,
    0x5f, 0xfe, 0x0, 0xff, 0xf8, 0x0, 0x0, 0xd,
    0xff, 0xe0, 0xf, 0xff, 0xfa, 0x43, 0x6d, 0xeb,
    0xff, 0x42, 0xff, 0xff, 0xff, 0xff, 0xf6, 0x5f,
    0xff, 0xef, 0xfd, 0x2b, 0xff, 0xc4, 0x0, 0xaf,
    0xfe, 0xff, 0xd0, 0x0, 0x0, 0x0, 0x0, 0x0,
    0xf, 0xfd, 0x0, 0x0, 0x0, 0x0, 0x0, 0x0,
    0xff, 0xd0, 0x0, 0x0, 0x0, 0x0, 0x0, 0xf,
    0xfd, 0x0, 0x0, 0x0, 0x0, 0x0, 0x0, 0xff,
    0xd0, 0x0, 0x0, 0x0, 0x0, 0x0, 0xf, 0xfd,
    0x0, 0x0, 0x0, 0x0, 0x0, 0x0,

    /* U+00B6 "¶" */
    0x0, 0x4, 0xad, 0xff, 0xff, 0xff, 0xff, 0xa0,
    0x9, 0xff, 0xff, 0xff, 0xff, 0xff, 0xfa, 0x8,
    0xff, 0xe8, 0x6d, 0xfd, 0x55, 0xff, 0xa1, 0xff,
    0xd0, 0x0, 0xcf, 0xc0, 0xe, 0xfa, 0x4f, 0xf5,
    0x0, 0xc, 0xfc, 0x0, 0xef, 0xa6, 0xff, 0x30,
    0x0, 0xcf, 0xc0, 0xe, 0xfa, 0x4f, 0xf5, 0x0,
    0xc, 0xfc, 0x0, 0xef, 0xa1, 0xff, 0xd0, 0x0,
    0xcf, 0xc0, 0xe, 0xfa, 0x8, 0xff, 0xe8, 0x5d,
    0xfc, 0x0, 0xef, 0xa0, 0xa, 0xff, 0xff, 0xff,
    0xc0, 0xe, 0xfa, 0x0, 0x4, 0xae, 0xff, 0xfc,
    0x0, 0xef, 0xa0, 0x0, 0x0, 0x0, 0xcf, 0xc0,
    0xe, 0xfa, 0x0, 0x0, 0x0, 0xc, 0xfc, 0x0,
    0xef, 0xa0, 0x0, 0x0, 0x0, 0xcf, 0xc0, 0xe,
    0xfa, 0x0, 0x0, 0x0, 0xc, 0xfc, 0x0, 0xef,
    0xa0, 0x0, 0x0, 0x0, 0xcf, 0xc0, 0xe, 0xfa,
    0x0, 0x0, 0x0, 0xc, 0xfc, 0x0, 0xef, 0xa0,
    0x0, 0x0, 0x0, 0xcf, 0xc0, 0xe, 0xfa, 0x0,
    0x0, 0x0, 0xc, 0xfc, 0x0, 0xef, 0xa0,

    /* U+00B7 "·" */
    0x1, 0x65, 0x0, 0x1e, 0xff, 0xb0, 0x6f, 0xff,
    0xf1, 0x4f, 0xff, 0xf0, 0x8, 0xee, 0x50,

    /* U+00B8 "¸" */
    0x0, 0x9f, 0x60, 0x0, 0xb, 0xf7, 0x10, 0x0,
    0xad, 0xff, 0x40, 0x10, 0x7, 0xfb, 0x5f, 0xee,
    0xff, 0xa4, 0xbe, 0xfd, 0x81,

    /* U+00B9 "¹" */
    0x1, 0xff, 0xff, 0x7, 0xff, 0xff, 0xd, 0xf7,
    0xff, 0x2f, 0xe3, 0xff, 0x36, 0x43, 0xff, 0x0,
    0x3, 0xff, 0x0, 0x3, 0xff, 0x0, 0x3, 0xff,
    0x0, 0x3, 0xff, 0x0, 0x3, 0xff,

    /* U+00BA "º" */
    0x0, 0x6c, 0xff, 0xd8, 0x10, 0x0, 0xbf, 0xfe,
    0xef, 0xfd, 0x10, 0x6f, 0xf5, 0x0, 0x3e, 0xfa,
    0xc, 0xf8, 0x0, 0x0, 0x4f, 0xf0, 0xff, 0x40,
    0x0, 0x0, 0xff, 0x3f, 0xf4, 0x0, 0x0, 0xf,
    0xf3, 0xcf, 0x70, 0x0, 0x4, 0xff, 0x7, 0xff,
    0x40, 0x3, 0xdf, 0xa0, 0xb, 0xff, 0xee, 0xff,
    0xd1, 0x0, 0x6, 0xcf, 0xfd, 0x81, 0x0,

    /* U+00BB "»" */
    0x1, 0x0, 0x0, 0x0, 0x1, 0x0, 0x0, 0x0,
    0x0, 0x1f, 0x70, 0x0, 0x0, 0x1f, 0x60, 0x0,
    0x0, 0x0, 0x1f, 0xfd, 0x40, 0x0, 0x1f, 0xfd,
    0x30, 0x0, 0x0, 0xf, 0xff, 0xfa, 0x10, 0x1f,
    0xff, 0xfa, 0x10, 0x0, 0x1, 0xaf, 0xff, 0xf7,
    0x2, 0xaf, 0xff, 0xf7, 0x0, 0x0, 0x3, 0xcf,
    0xff, 0xd1, 0x4, 0xdf, 0xff, 0xd1, 0x0, 0x0,
    0x5, 0xef, 0xf4, 0x0, 0x6, 0xef, 0xf3, 0x0,
    0x0, 0x1, 0xbf, 0xf4, 0x0, 0x1, 0xbf, 0xf3,
    0x0, 0x0, 0x7f, 0xff, 0xf3, 0x0, 0x7f, 0xff,
    0xf2, 0x0, 0x4d, 0xff, 0xfc, 0x30, 0x5d, 0xff,
    0xfc, 0x20, 0xb, 0xff, 0xfe, 0x60, 0xc, 0xff,
    0xfe, 0x50, 0x0, 0x1f, 0xff, 0x91, 0x0, 0x1f,
    0xff, 0x90, 0x0, 0x0, 0x1f, 0xc3, 0x0, 0x0,
    0x1f, 0xc2, 0x0, 0x0, 0x0, 0x6, 0x0, 0x0,
    0x0, 0x15, 0x0, 0x0, 0x0, 0x0,

    /* U+00BC "¼" */
    0x0, 0x0, 0x0, 0x0, 0x0, 0x0, 0x0, 0x0,
    0x1, 0x0, 0x0, 0x0, 0x1f, 0xff, 0xf0, 0x0,
    0x0, 0x0, 0x0, 0x5, 0xf6, 0x0, 0x0, 0x7,
    0xff, 0xff, 0x0, 0x0, 0x0, 0x0, 0x2, 0xff,
    0x80, 0x0, 0x0, 0xdf, 0x7f, 0xf0, 0x0, 0x0,
    0x0, 0x1, 0xdf, 0xb0, 0x0, 0x0, 0x3f, 0xd3,
    0xff, 0x0, 0x0, 0x0, 0x0, 0xcf, 0xd0, 0x0,
    0x0, 0x1, 0x32, 0x3f, 0xf0, 0x0, 0x0, 0x0,
    0x9f, 0xe2, 0x0, 0x0, 0x0, 0x0, 0x3, 0xff,
    0x0, 0x0, 0x0, 0x6f, 0xf4, 0x0, 0x0, 0x0,
    0x0, 0x0, 0x3f, 0xf0, 0x0, 0x0, 0x4f, 0xf6,
    0x0, 0x0, 0x0, 0x0, 0x0, 0x3, 0xff, 0x0,
    0x0, 0x2e, 0xf9, 0x0, 0x0, 0x0, 0x0, 0x0,
    0x0, 0x3f, 0xf0, 0x0, 0xd, 0xfc, 0x0, 0x0,
    0x0, 0x0, 0x0, 0x0, 0x1, 0x76, 0x0, 0xb,
    0xfd, 0x10, 0x0, 0x39, 0x99, 0x60, 0x0, 0x0,
    0x0, 0x0, 0x8, 0xff, 0x20, 0x0, 0x1e, 0xff,
    0xfa, 0x0, 0x0, 0x0, 0x0, 0x5, 0xff, 0x50,
    0x0, 0xb, 0xfb, 0x8f, 0xa0, 0x0, 0x0, 0x0,
    0x3, 0xff, 0x70, 0x0, 0x8, 0xfd, 0x8, 0xfa,
    0x0, 0x0, 0x0, 0x1, 0xef, 0xa0, 0x0, 0x5,
    0xff, 0x20, 0x8f, 0xa0, 0x0, 0x0, 0x0, 0xcf,
    0xc0, 0x0, 0x2, 0xff, 0x50, 0x8, 0xfa, 0x0,
    0x0, 0x0, 0xaf, 0xe1, 0x0, 0x0, 0x6f, 0xfc,
    0xcc, 0xef, 0xec, 0x70, 0x0, 0x7f, 0xf3, 0x0,
    0x0, 0x6, 0xff, 0xff, 0xff, 0xff, 0xf9, 0x0,
    0x4f, 0xf6, 0x0, 0x0, 0x0, 0x0, 0x0, 0x0,
    0x8f, 0xa0, 0x0, 0x9, 0xf8, 0x0, 0x0, 0x0,
    0x0, 0x0, 0x0, 0x8, 0xfa, 0x0, 0x0, 0x5,
    0x0, 0x0, 0x0, 0x0, 0x0, 0x0, 0x0, 0x0,
    0x0, 0x0,

    /* U+00BD "½" */
    0x0, 0x0, 0x0, 0x0, 0x0, 0x0, 0x0, 0x0,
    0x1, 0x0, 0x0, 0x0, 0x1f, 0xff, 0xf0, 0x0,
    0x0, 0x0, 0x0, 0x5, 0xf6, 0x0, 0x0, 0x7,
    0xff, 0xff, 0x0, 0x0, 0x0, 0x0, 0x2, 0xff,
    0x80, 0x0, 0x0, 0xdf, 0x7f, 0xf0, 0x0, 0x0,
    0x0, 0x1, 0xdf, 0xb0, 0x0, 0x0, 0x4f, 0xd3,
    0xff, 0x0, 0x0, 0x0, 0x0, 0xcf, 0xd0, 0x0,
    0x0, 0x1, 0x31, 0x3f, 0xf0, 0x0, 0x0, 0x0,
    0x9f, 0xe2, 0x0, 0x0, 0x0, 0x0, 0x3, 0xff,
    0x0, 0x0, 0x0, 0x6f, 0xf4, 0x0, 0x0, 0x0,
    0x0, 0x0, 0x3f, 0xf0, 0x0, 0x0, 0x4f, 0xf6,
    0x0, 0x0, 0x0, 0x0, 0x0, 0x3, 0xff, 0x0,
    0x0, 0x2e, 0xf9, 0x0, 0x0, 0x0, 0x0, 0x0,
    0x0, 0x3f, 0xf0, 0x0, 0xd, 0xfc, 0x0, 0x0,
    0x0, 0x0, 0x0, 0x0, 0x1, 0x55, 0x0, 0xb,
    0xfd, 0x10, 0x5, 0xce, 0xfc, 0x60, 0x0, 0x0,
    0x0, 0x0, 0x8, 0xff, 0x20, 0x8, 0xff, 0xed,
    0xff, 0xa0, 0x0, 0x0, 0x0, 0x5, 0xff, 0x50,
    0x1, 0xff, 0x50, 0x4, 0xff, 0x20, 0x0, 0x0,
    0x3, 0xff, 0x70, 0x0, 0x29, 0x80, 0x0, 0xf,
    0xf3, 0x0, 0x0, 0x1, 0xef, 0xa0, 0x0, 0x0,
    0x0, 0x0, 0x3b, 0xff, 0x0, 0x0, 0x0, 0xcf,
    0xc0, 0x0, 0x0, 0x0, 0x3a, 0xef, 0xfd, 0x40,
    0x0, 0x0, 0xaf, 0xe1, 0x0, 0x0, 0x0, 0x6f,
    0xfe, 0x95, 0x0, 0x0, 0x0, 0x7f, 0xf3, 0x0,
    0x0, 0x0, 0x1f, 0xf5, 0x0, 0x0, 0x0, 0x0,
    0x4f, 0xf6, 0x0, 0x0, 0x0, 0x5, 0xff, 0xcc,
    0xcc, 0xcc, 0x20, 0x9, 0xf8, 0x0, 0x0, 0x0,
    0x0, 0x6f, 0xff, 0xff, 0xff, 0xf3, 0x0, 0x5,
    0x0, 0x0, 0x0, 0x0, 0x0, 0x0, 0x0, 0x0,
    0x0, 0x0,

    /* U+00BE "¾" */
    0x0, 0x0, 0x0, 0x0, 0x0, 0x0, 0x0, 0x0,
    0x0, 0x1, 0x0, 0x0, 0x2, 0xff, 0xff, 0xff,
    0xff, 0x70, 0x0, 0x0, 0x0, 0x5, 0xf5, 0x0,
    0x0, 0x1b, 0xbb, 0xbb, 0xff, 0xf7, 0x0, 0x0,
    0x0, 0x3, 0xff, 0x70, 0x0, 0x0, 0x0, 0x1,
    0x8f, 0xe7, 0x0, 0x0, 0x0, 0x1, 0xef, 0xa0,
    0x0, 0x0, 0x0, 0x7, 0xff, 0x80, 0x0, 0x0,
    0x0, 0x0, 0xcf, 0xc0, 0x0, 0x0, 0x0, 0x0,
    0xaf, 0xff, 0xd5, 0x0, 0x0, 0x0, 0xaf, 0xe1,
    0x0, 0x0, 0x0, 0x0, 0x2, 0x33, 0x7f, 0xf3,
    0x0, 0x0, 0x7f, 0xf3, 0x0, 0x0, 0x0, 0x2,
    0x89, 0x0, 0x0, 0xcf, 0x70, 0x0, 0x4f, 0xf6,
    0x0, 0x0, 0x0, 0x0, 0x1f, 0xf9, 0x10, 0x5f,
    0xf4, 0x0, 0x2f, 0xf8, 0x0, 0x0, 0x0, 0x0,
    0x0, 0x7f, 0xff, 0xff, 0xfa, 0x0, 0x1d, 0xfb,
    0x0, 0x0, 0x0, 0x0, 0x0, 0x0, 0x28, 0xbb,
    0x94, 0x0, 0xb, 0xfd, 0x10, 0x0, 0x39, 0x99,
    0x50, 0x0, 0x0, 0x0, 0x0, 0x0, 0x9, 0xfe,
    0x20, 0x0, 0x1e, 0xff, 0xfa, 0x0, 0x0, 0x0,
    0x0, 0x0, 0x6, 0xff, 0x40, 0x0, 0xc, 0xfa,
    0x9f, 0xa0, 0x0, 0x0, 0x0, 0x0, 0x3, 0xff,
    0x70, 0x0, 0x9, 0xfd, 0x9, 0xfa, 0x0, 0x0,
    0x0, 0x0, 0x2, 0xef, 0x90, 0x0, 0x5, 0xff,
    0x20, 0x9f, 0xa0, 0x0, 0x0, 0x0, 0x0, 0xdf,
    0xc0, 0x0, 0x2, 0xff, 0x40, 0x9, 0xfa, 0x0,
    0x0, 0x0, 0x0, 0xaf, 0xe1, 0x0, 0x0, 0x7f,
    0xfc, 0xcc, 0xef, 0xec, 0x60, 0x0, 0x0, 0x8f,
    0xf3, 0x0, 0x0, 0x7, 0xff, 0xff, 0xff, 0xff,
    0xf8, 0x0, 0x0, 0x5f, 0xf5, 0x0, 0x0, 0x0,
    0x0, 0x0, 0x0, 0x9f, 0xa0, 0x0, 0x0, 0xa,
    0xf8, 0x0, 0x0, 0x0, 0x0, 0x0, 0x0, 0x9,
    0xfa, 0x0, 0x0, 0x0, 0x5, 0x0, 0x0, 0x0,
    0x0, 0x0, 0x0, 0x0, 0x0, 0x0, 0x0,

    /* U+00BF "¿" */
    0x0, 0x0, 0x2, 0xcf, 0xa0, 0x0, 0x0, 0x0,
    0x0, 0x0, 0xbf, 0xff, 0x70, 0x0, 0x0, 0x0,
    0x0, 0xd, 0xff, 0xf9, 0x0, 0x0, 0x0, 0x0,
    0x0, 0x8f, 0xff, 0x40, 0x0, 0x0, 0x0, 0x0,
    0x0, 0x57, 0x30, 0x0, 0x0, 0x0, 0x0, 0x0,
    0x0, 0x0, 0x0, 0x0, 0x0, 0x0, 0x0, 0x0,
    0xdd, 0xc0, 0x0, 0x0, 0x0, 0x0, 0x0, 0x1f,
    0xfe, 0x0, 0x0, 0x0, 0x0, 0x0, 0x2b, 0xff,
    0xc0, 0x0, 0x0, 0x0, 0x1, 0x9f, 0xff, 0xf4,
    0x0, 0x0, 0x0, 0x3, 0xef, 0xff, 0xc3, 0x0,
    0x0, 0x0, 0x1, 0xef, 0xfd, 0x40, 0x0, 0x0,
    0x0, 0x0, 0x7f, 0xfd, 0x10, 0x0, 0x0, 0x0,
    0x0, 0xa, 0xff, 0x50, 0x0, 0x0, 0x0, 0xac,
    0xc1, 0xbf, 0xf3, 0x0, 0x0, 0x0, 0xd, 0xff,
    0x19, 0xff, 0x60, 0x0, 0x0, 0x2, 0xff, 0xe0,
    0x4f, 0xfe, 0x40, 0x0, 0x2, 0xdf, 0xf8, 0x0,
    0xaf, 0xff, 0xc9, 0x9c, 0xff, 0xfd, 0x10, 0x0,
    0xaf, 0xff, 0xff, 0xff, 0xfc, 0x10, 0x0, 0x0,
    0x39, 0xdf, 0xfd, 0xa5, 0x0, 0x0,

    /* U+00C0 "À" */
    0x0, 0x0, 0x3, 0x77, 0x60, 0x0, 0x0, 0x0,
    0x0, 0x0, 0x0, 0x0, 0xdf, 0xf5, 0x0, 0x0,
    0x0, 0x0, 0x0, 0x0, 0x0, 0x2f, 0xfd, 0x0,
    0x0, 0x0, 0x0, 0x0, 0x0, 0x0, 0x5, 0xff,
    0x70, 0x0, 0x0, 0x0, 0x0, 0x0, 0x0, 0x0,
    0x0, 0x0, 0x0, 0x0, 0x0, 0x0, 0x0, 0x0,
    0x0, 0x0, 0x0, 0x0, 0x0, 0x0, 0x0, 0x0,
    0x0, 0xff, 0xff, 0xfa, 0x0, 0x0, 0x0, 0x0,
    0x0, 0x4, 0xff, 0xff, 0xfe, 0x0, 0x0, 0x0,
    0x0, 0x0, 0x8, 0xff, 0x7b, 0xff, 0x30, 0x0,
    0x0, 0x0, 0x0, 0xd, 0xff, 0x27, 0xff, 0x80,
    0x0, 0x0, 0x0, 0x0, 0x2f, 0xfe, 0x2, 0xff,
    0xd0, 0x0, 0x0, 0x0, 0x0, 0x6f, 0xf9, 0x0,
    0xef, 0xf2, 0x0, 0x0, 0x0, 0x0, 0xbf, 0xf5,
    0x0, 0x9f, 0xf6, 0x0, 0x0, 0x0, 0x0, 0xff,
    0xf0, 0x0, 0x5f, 0xfb, 0x0, 0x0, 0x0, 0x4,
    0xff, 0xc0, 0x0, 0x1f, 0xff, 0x0, 0x0, 0x0,
    0x9, 0xff, 0x70, 0x0, 0xc, 0xff, 0x40, 0x0,
    0x0, 0xe, 0xff, 0x30, 0x0, 0x8, 0xff, 0x90,
    0x0, 0x0, 0x3f, 0xfe, 0x0, 0x0, 0x3, 0xff,
    0xe0, 0x0, 0x0, 0x7f, 0xff, 0xff, 0xff, 0xff,
    0xff, 0xf2, 0x0, 0x0, 0xcf, 0xff, 0xff, 0xff,
    0xff, 0xff, 0xf7, 0x0, 0x1, 0xff, 0xfc, 0xcc,
    0xcc, 0xcc, 0xdf, 0xfc, 0x0, 0x5, 0xff, 0xc0,
    0x0, 0x0, 0x0, 0x1f, 0xff, 0x10, 0xa, 0xff,
    0x70, 0x0, 0x0, 0x0, 0xc, 0xff, 0x50, 0xe,
    0xff, 0x20, 0x0, 0x0, 0x0, 0x7, 0xff, 0xa0,
    0x3f, 0xfd, 0x0, 0x0, 0x0, 0x0, 0x2, 0xff,
    0xe0,

    /* U+00C1 "Á" */
    0x0, 0x0, 0x0, 0x0, 0x17, 0x77, 0x10, 0x0,
    0x0, 0x0, 0x0, 0x0, 0x0, 0xaf, 0xf8, 0x0,
    0x0, 0x0, 0x0, 0x0, 0x0, 0x3, 0xff, 0xc0,
    0x0, 0x0, 0x0, 0x0, 0x0, 0x0, 0xc, 0xfe,
    0x10, 0x0, 0x0, 0x0, 0x0, 0x0, 0x0, 0x0,
    0x0, 0x0, 0x0, 0x0, 0x0, 0x0, 0x0, 0x0,
    0x0, 0x0, 0x0, 0x0, 0x0, 0x0, 0x0, 0x0,
    0x0, 0xff, 0xff, 0xfa, 0x0, 0x0, 0x0, 0x0,
    0x0, 0x4, 0xff, 0xff, 0xfe, 0x0, 0x0, 0x0,
    0x0, 0x0, 0x8, 0xff, 0x7b, 0xff, 0x30, 0x0,
    0x0, 0x0, 0x0, 0xd, 0xff, 0x27, 0xff, 0x80,
    0x0, 0x0, 0x0, 0x0, 0x2f, 0xfe, 0x2, 0xff,
    0xd0, 0x0, 0x0, 0x0, 0x0, 0x6f, 0xf9, 0x0,
    0xef, 0xf2, 0x0, 0x0, 0x0, 0x0, 0xbf, 0xf5,
    0x0, 0x9f, 0xf6, 0x0, 0x0, 0x0, 0x0, 0xff,
    0xf0, 0x0, 0x5f, 0xfb, 0x0, 0x0, 0x0, 0x4,
    0xff, 0xc0, 0x0, 0x1f, 0xff, 0x0, 0x0, 0x0,
    0x9, 0xff, 0x70, 0x0, 0xc, 0xff, 0x40, 0x0,
    0x0, 0xe, 0xff, 0x30, 0x0, 0x8, 0xff, 0x90,
    0x0, 0x0, 0x3f, 0xfe, 0x0, 0x0, 0x3, 0xff,
    0xe0, 0x0, 0x0, 0x7f, 0xff, 0xff, 0xff, 0xff,
    0xff, 0xf2, 0x0, 0x0, 0xcf, 0xff, 0xff, 0xff,
    0xff, 0xff, 0xf7, 0x0, 0x1, 0xff, 0xfc, 0xcc,
    0xcc, 0xcc, 0xdf, 0xfc, 0x0, 0x5, 0xff, 0xc0,
    0x0, 0x0, 0x0, 0x1f, 0xff, 0x10, 0xa, 0xff,
    0x70, 0x0, 0x0, 0x0, 0xc, 0xff, 0x50, 0xe,
    0xff, 0x20, 0x0, 0x0, 0x0, 0x7, 0xff, 0xa0,
    0x3f, 0xfd, 0x0, 0x0, 0x0, 0x0, 0x2, 0xff,
    0xe0,

    /* U+00C2 "Â" */
    0x0, 0x0, 0x0, 0x18, 0x88, 0x70, 0x0, 0x0,
    0x0, 0x0, 0x0, 0x0, 0xcf, 0xff, 0xf8, 0x0,
    0x0, 0x0, 0x0, 0x0, 0xb, 0xff, 0x48, 0xff,
    0x70, 0x0, 0x0, 0x0, 0x0, 0xaf, 0xf7, 0x0,
    0xcf, 0xf6, 0x0, 0x0, 0x0, 0x0, 0x33, 0x20,
    0x0, 0x3, 0x32, 0x0, 0x0, 0x0, 0x0, 0x0,
    0x0, 0x0, 0x0, 0x0, 0x0, 0x0, 0x0, 0x0,
    0x0, 0xff, 0xff, 0xfa, 0x0, 0x0, 0x0, 0x0,
    0x0, 0x4, 0xff, 0xff, 0xfe, 0x0, 0x0, 0x0,
    0x0, 0x0, 0x8, 0xff, 0x7b, 0xff, 0x30, 0x0,
    0x0, 0x0, 0x0, 0xd, 0xff, 0x27, 0xff, 0x80,
    0x0, 0x0, 0x0, 0x0, 0x2f, 0xfe, 0x2, 0xff,
    0xd0, 0x0, 0x0, 0x0, 0x0, 0x6f, 0xf9, 0x0,
    0xef, 0xf2, 0x0, 0x0, 0x0, 0x0, 0xbf, 0xf5,
    0x0, 0x9f, 0xf6, 0x0, 0x0, 0x0, 0x0, 0xff,
    0xf0, 0x0, 0x5f, 0xfb, 0x0, 0x0, 0x0, 0x4,
    0xff, 0xc0, 0x0, 0x1f, 0xff, 0x0, 0x0, 0x0,
    0x9, 0xff, 0x70, 0x0, 0xc, 0xff, 0x40, 0x0,
    0x0, 0xe, 0xff, 0x30, 0x0, 0x8, 0xff, 0x90,
    0x0, 0x0, 0x3f, 0xfe, 0x0, 0x0, 0x3, 0xff,
    0xe0, 0x0, 0x0, 0x7f, 0xff, 0xff, 0xff, 0xff,
    0xff, 0xf2, 0x0, 0x0, 0xcf, 0xff, 0xff, 0xff,
    0xff, 0xff, 0xf7, 0x0, 0x1, 0xff, 0xfc, 0xcc,
    0xcc, 0xcc, 0xdf, 0xfc, 0x0, 0x5, 0xff, 0xc0,
    0x0, 0x0, 0x0, 0x1f, 0xff, 0x10, 0xa, 0xff,
    0x70, 0x0, 0x0, 0x0, 0xc, 0xff, 0x50, 0xe,
    0xff, 0x20, 0x0, 0x0, 0x0, 0x7, 0xff, 0xa0,
    0x3f, 0xfd, 0x0, 0x0, 0x0, 0x0, 0x2, 0xff,
    0xe0,

    /* U+00C3 "Ã" */
    0x0, 0x0, 0x0, 0x0, 0x0, 0x0, 0x0, 0x0,
    0x0, 0x0, 0x0, 0x7, 0xff, 0xc4, 0x7, 0xd4,
    0x0, 0x0, 0x0, 0x0, 0x6f, 0xff, 0xff, 0xff,
    0xf2, 0x0, 0x0, 0x0, 0x0, 0xaf, 0x51, 0x7e,
    0xfe, 0x30, 0x0, 0x0, 0x0, 0x0, 0x3, 0x0,
    0x0, 0x10, 0x0, 0x0, 0x0, 0x0, 0x0, 0x0,
    0x0, 0x0, 0x0, 0x0, 0x0, 0x0, 0x0, 0x0,
    0x0, 0xff, 0xff, 0xfa, 0x0, 0x0, 0x0, 0x0,
    0x0, 0x4, 0xff, 0xff, 0xfe, 0x0, 0x0, 0x0,
    0x0, 0x0, 0x8, 0xff, 0x7b, 0xff, 0x30, 0x0,
    0x0, 0x0, 0x0, 0xd, 0xff, 0x27, 0xff, 0x80,
    0x0, 0x0, 0x0, 0x0, 0x2f, 0xfe, 0x2, 0xff,
    0xd0, 0x0, 0x0, 0x0, 0x0, 0x6f, 0xf9, 0x0,
    0xef, 0xf2, 0x0, 0x0, 0x0, 0x0, 0xbf, 0xf5,
    0x0, 0x9f, 0xf6, 0x0, 0x0, 0x0, 0x0, 0xff,
    0xf0, 0x0, 0x5f, 0xfb, 0x0, 0x0, 0x0, 0x4,
    0xff, 0xc0, 0x0, 0x1f, 0xff, 0x0, 0x0, 0x0,
    0x9, 0xff, 0x70, 0x0, 0xc, 0xff, 0x40, 0x0,
    0x0, 0xe, 0xff, 0x30, 0x0, 0x8, 0xff, 0x90,
    0x0, 0x0, 0x3f, 0xfe, 0x0, 0x0, 0x3, 0xff,
    0xe0, 0x0, 0x0, 0x7f, 0xff, 0xff, 0xff, 0xff,
    0xff, 0xf2, 0x0, 0x0, 0xcf, 0xff, 0xff, 0xff,
    0xff, 0xff, 0xf7, 0x0, 0x1, 0xff, 0xfc, 0xcc,
    0xcc, 0xcc, 0xdf, 0xfc, 0x0, 0x5, 0xff, 0xc0,
    0x0, 0x0, 0x0, 0x1f, 0xff, 0x10, 0xa, 0xff,
    0x70, 0x0, 0x0, 0x0, 0xc, 0xff, 0x50, 0xe,
    0xff, 0x20, 0x0, 0x0, 0x0, 0x7, 0xff, 0xa0,
    0x3f, 0xfd, 0x0, 0x0, 0x0, 0x0, 0x2, 0xff,
    0xe0,

    /* U+00C4 "Ä" */
    0x0, 0x0, 0x4c, 0xb2, 0x0, 0x6c, 0xb1, 0x0,
    0x0, 0x0, 0x0, 0xff, 0xfc, 0x1, 0xff, 0xfa,
    0x0, 0x0, 0x0, 0x0, 0xff, 0xfc, 0x1, 0xff,
    0xfa, 0x0, 0x0, 0x0, 0x0, 0x6e, 0xe4, 0x0,
    0x8f, 0xd2, 0x0, 0x0, 0x0, 0x0, 0x0, 0x0,
    0x0, 0x0, 0x0, 0x0, 0x0, 0x0, 0x0, 0x0,
    0x0, 0x0, 0x0, 0x0, 0x0, 0x0, 0x0, 0x0,
    0x0, 0xff, 0xff, 0xfa, 0x0, 0x0, 0x0, 0x0,
    0x0, 0x4, 0xff, 0xff, 0xfe, 0x0, 0x0, 0x0,
    0x0, 0x0, 0x8, 0xff, 0x7b, 0xff, 0x30, 0x0,
    0x0, 0x0, 0x0, 0xd, 0xff, 0x27, 0xff, 0x80,
    0x0, 0x0, 0x0, 0x0, 0x2f, 0xfe, 0x2, 0xff,
    0xd0, 0x0, 0x0, 0x0, 0x0, 0x6f, 0xf9, 0x0,
    0xef, 0xf2, 0x0, 0x0, 0x0, 0x0, 0xbf, 0xf5,
    0x0, 0x9f, 0xf6, 0x0, 0x0, 0x0, 0x0, 0xff,
    0xf0, 0x0, 0x5f, 0xfb, 0x0, 0x0, 0x0, 0x4,
    0xff, 0xc0, 0x0, 0x1f, 0xff, 0x0, 0x0, 0x0,
    0x9, 0xff, 0x70, 0x0, 0xc, 0xff, 0x40, 0x0,
    0x0, 0xe, 0xff, 0x30, 0x0, 0x8, 0xff, 0x90,
    0x0, 0x0, 0x3f, 0xfe, 0x0, 0x0, 0x3, 0xff,
    0xe0, 0x0, 0x0, 0x7f, 0xff, 0xff, 0xff, 0xff,
    0xff, 0xf2, 0x0, 0x0, 0xcf, 0xff, 0xff, 0xff,
    0xff, 0xff, 0xf7, 0x0, 0x1, 0xff, 0xfc, 0xcc,
    0xcc, 0xcc, 0xdf, 0xfc, 0x0, 0x5, 0xff, 0xc0,
    0x0, 0x0, 0x0, 0x1f, 0xff, 0x10, 0xa, 0xff,
    0x70, 0x0, 0x0, 0x0, 0xc, 0xff, 0x50, 0xe,
    0xff, 0x20, 0x0, 0x0, 0x0, 0x7, 0xff, 0xa0,
    0x3f, 0xfd, 0x0, 0x0, 0x0, 0x0, 0x2, 0xff,
    0xe0,

    /* U+00C5 "Å" */
    0x0, 0x0, 0x0, 0x9, 0xee, 0x60, 0x0, 0x0,
    0x0, 0x0, 0x0, 0x0, 0x9f, 0xde, 0xf5, 0x0,
    0x0, 0x0, 0x0, 0x0, 0x0, 0xee, 0x3, 0xfa,
    0x0, 0x0, 0x0, 0x0, 0x0, 0x0, 0xdf, 0x25,
    0xf9, 0x0, 0x0, 0x0, 0x0, 0x0, 0x0, 0x7f,
    0xff, 0xf3, 0x0, 0x0, 0x0, 0x0, 0x0, 0x0,
    0x5, 0xa9, 0x20, 0x0, 0x0, 0x0, 0x0, 0x0,
    0x0, 0x0, 0x0, 0x0, 0x0, 0x0, 0x0, 0x0,
    0x0, 0x0, 0xff, 0xff, 0xfa, 0x0, 0x0, 0x0,
    0x0, 0x0, 0x4, 0xff, 0xff, 0xfe, 0x0, 0x0,
    0x0, 0x0, 0x0, 0x8, 0xff, 0x7b, 0xff, 0x30,
    0x0, 0x0, 0x0, 0x0, 0xd, 0xff, 0x27, 0xff,
    0x80, 0x0, 0x0, 0x0, 0x0, 0x2f, 0xfe, 0x2,
    0xff, 0xd0, 0x0, 0x0, 0x0, 0x0, 0x6f, 0xf9,
    0x0, 0xef, 0xf2, 0x0, 0x0, 0x0, 0x0, 0xbf,
    0xf5, 0x0, 0x9f, 0xf6, 0x0, 0x0, 0x0, 0x0,
    0xff, 0xf0, 0x0, 0x5f, 0xfb, 0x0, 0x0, 0x0,
    0x4, 0xff, 0xc0, 0x0, 0x1f, 0xff, 0x0, 0x0,
    0x0, 0x9, 0xff, 0x70, 0x0, 0xc, 0xff, 0x40,
    0x0, 0x0, 0xe, 0xff, 0x30, 0x0, 0x8, 0xff,
    0x90, 0x0, 0x0, 0x3f, 0xfe, 0x0, 0x0, 0x3,
    0xff, 0xe0, 0x0, 0x0, 0x7f, 0xff, 0xff, 0xff,
    0xff, 0xff, 0xf2, 0x0, 0x0, 0xcf, 0xff, 0xff,
    0xff, 0xff, 0xff, 0xf7, 0x0, 0x1, 0xff, 0xfc,
    0xcc, 0xcc, 0xcc, 0xdf, 0xfc, 0x0, 0x5, 0xff,
    0xc0, 0x0, 0x0, 0x0, 0x1f, 0xff, 0x10, 0xa,
    0xff, 0x70, 0x0, 0x0, 0x0, 0xc, 0xff, 0x50,
    0xe, 0xff, 0x20, 0x0, 0x0, 0x0, 0x7, 0xff,
    0xa0, 0x3f, 0xfd, 0x0, 0x0, 0x0, 0x0, 0x2,
    0xff, 0xe0,

    /* U+00C6 "Æ" */
    0x0, 0x0, 0x0, 0x5, 0xff, 0xff, 0xff, 0xff,
    0xff, 0xff, 0xfe, 0x0, 0x0, 0x0, 0x0, 0xbf,
    0xfc, 0xff, 0xff, 0xff, 0xff, 0xff, 0xe0, 0x0,
    0x0, 0x0, 0x1f, 0xfe, 0x5f, 0xfe, 0xbb, 0xbb,
    0xbb, 0xb9, 0x0, 0x0, 0x0, 0x7, 0xff, 0x84,
    0xff, 0xb0, 0x0, 0x0, 0x0, 0x0, 0x0, 0x0,
    0x0, 0xdf, 0xf2, 0x4f, 0xfb, 0x0, 0x0, 0x0,
    0x0, 0x0, 0x0, 0x0, 0x3f, 0xfc, 0x4, 0xff,
    0xb0, 0x0, 0x0, 0x0, 0x0, 0x0, 0x0, 0x9,
    0xff, 0x60, 0x4f, 0xfb, 0x0, 0x0, 0x0, 0x0,
    0x0, 0x0, 0x0, 0xff, 0xf1, 0x4, 0xff, 0xb0,
    0x0, 0x0, 0x0, 0x0, 0x0, 0x0, 0x6f, 0xfb,
    0x0, 0x4f, 0xff, 0xff, 0xff, 0xff, 0xf1, 0x0,
    0x0, 0xc, 0xff, 0x50, 0x4, 0xff, 0xff, 0xff,
    0xff, 0xff, 0x10, 0x0, 0x2, 0xff, 0xe0, 0x0,
    0x4f, 0xfe, 0xbb, 0xbb, 0xbb, 0xb0, 0x0, 0x0,
    0x8f, 0xf9, 0x0, 0x4, 0xff, 0xb0, 0x0, 0x0,
    0x0, 0x0, 0x0, 0xe, 0xff, 0xff, 0xff, 0xff,
    0xfb, 0x0, 0x0, 0x0, 0x0, 0x0, 0x4, 0xff,
    0xff, 0xff, 0xff, 0xff, 0xb0, 0x0, 0x0, 0x0,
    0x0, 0x0, 0xaf, 0xfd, 0xcc, 0xcc, 0xdf, 0xfb,
    0x0, 0x0, 0x0, 0x0, 0x0, 0x1f, 0xff, 0x20,
    0x0, 0x4, 0xff, 0xb0, 0x0, 0x0, 0x0, 0x0,
    0x7, 0xff, 0xb0, 0x0, 0x0, 0x4f, 0xfe, 0xbb,
    0xbb, 0xbb, 0xbb, 0x0, 0xdf, 0xf5, 0x0, 0x0,
    0x4, 0xff, 0xff, 0xff, 0xff, 0xff, 0xf0, 0x3f,
    0xfe, 0x0, 0x0, 0x0, 0x4f, 0xff, 0xff, 0xff,
    0xff, 0xff, 0x0,

    /* U+00C7 "Ç" */
    0x0, 0x0, 0x49, 0xdf, 0xfe, 0xc7, 0x10, 0x0,
    0x0, 0x1b, 0xff, 0xff, 0xff, 0xff, 0xf5, 0x0,
    0x0, 0xdf, 0xff, 0xeb, 0xbc, 0xff, 0xff, 0x40,
    0x9, 0xff, 0xf6, 0x0, 0x0, 0x1b, 0xff, 0xe0,
    0xf, 0xff, 0x50, 0x0, 0x0, 0x0, 0xdf, 0xf5,
    0x4f, 0xfd, 0x0, 0x0, 0x0, 0x0, 0x7f, 0xf8,
    0x6f, 0xfa, 0x0, 0x0, 0x0, 0x0, 0x5f, 0xf9,
    0x7f, 0xf9, 0x0, 0x0, 0x0, 0x0, 0x0, 0x0,
    0x7f, 0xf9, 0x0, 0x0, 0x0, 0x0, 0x0, 0x0,
    0x7f, 0xf9, 0x0, 0x0, 0x0, 0x0, 0x0, 0x0,
    0x7f, 0xf9, 0x0, 0x0, 0x0, 0x0, 0x0, 0x0,
    0x7f, 0xf9, 0x0, 0x0, 0x0, 0x0, 0x13, 0x32,
    0x6f, 0xfa, 0x0, 0x0, 0x0, 0x0, 0x5f, 0xfa,
    0x4f, 0xfd, 0x0, 0x0, 0x0, 0x0, 0x7f, 0xf9,
    0xf, 0xff, 0x50, 0x0, 0x0, 0x0, 0xef, 0xf5,
    0x9, 0xff, 0xf6, 0x0, 0x0, 0x1b, 0xff, 0xe0,
    0x0, 0xdf, 0xff, 0xfb, 0xbc, 0xff, 0xff, 0x50,
    0x0, 0x1b, 0xff, 0xff, 0xff, 0xff, 0xf5, 0x0,
    0x0, 0x0, 0x49, 0xdf, 0xff, 0xc7, 0x10, 0x0,
    0x0, 0x0, 0x0, 0xc, 0xf5, 0x0, 0x0, 0x0,
    0x0, 0x0, 0x0, 0xd, 0xff, 0xc1, 0x0, 0x0,
    0x0, 0x0, 0x0, 0x2, 0x3c, 0xf9, 0x0, 0x0,
    0x0, 0x0, 0x1, 0x30, 0x9, 0xfb, 0x0, 0x0,
    0x0, 0x0, 0x7, 0xff, 0xef, 0xf7, 0x0, 0x0,
    0x0, 0x0, 0x5, 0xce, 0xfd, 0x70, 0x0, 0x0,

    /* U+00C8 "È" */
    0x0, 0x6, 0x77, 0x30, 0x0, 0x0, 0x0, 0x0,
    0x5f, 0xfd, 0x0, 0x0, 0x0, 0x0, 0x0, 0x9f,
    0xf6, 0x0, 0x0, 0x0, 0x0, 0x0, 0xcf, 0xe0,
    0x0, 0x0, 0x0, 0x0, 0x0, 0x0, 0x0, 0x0,
    0x0, 0x0, 0x0, 0x0, 0x0, 0x0, 0x0, 0xff,
    0xff, 0xff, 0xff, 0xff, 0xff, 0x6f, 0xff, 0xff,
    0xff, 0xff, 0xff, 0xf6, 0xff, 0xfb, 0xbb, 0xbb,
    0xbb, 0xbb, 0x4f, 0xff, 0x10, 0x0, 0x0, 0x0,
    0x0, 0xff, 0xf1, 0x0, 0x0, 0x0, 0x0, 0xf,
    0xff, 0x10, 0x0, 0x0, 0x0, 0x0, 0xff, 0xf1,
    0x0, 0x0, 0x0, 0x0, 0xf, 0xff, 0x10, 0x0,
    0x0, 0x0, 0x0, 0xff, 0xff, 0xff, 0xff, 0xff,
    0xf9, 0xf, 0xff, 0xff, 0xff, 0xff, 0xff, 0x90,
    0xff, 0xfb, 0xbb, 0xbb, 0xbb, 0xb6, 0xf, 0xff,
    0x10, 0x0, 0x0, 0x0, 0x0, 0xff, 0xf1, 0x0,
    0x0, 0x0, 0x0, 0xf, 0xff, 0x10, 0x0, 0x0,
    0x0, 0x0, 0xff, 0xf1, 0x0, 0x0, 0x0, 0x0,
    0xf, 0xff, 0x10, 0x0, 0x0, 0x0, 0x0, 0xff,
    0xfb, 0xbb, 0xbb, 0xbb, 0xbb, 0x5f, 0xff, 0xff,
    0xff, 0xff, 0xff, 0xf8, 0xff, 0xff, 0xff, 0xff,
    0xff, 0xff, 0x80,

    /* U+00C9 "É" */
    0x0, 0x0, 0x0, 0x57, 0x74, 0x0, 0x0, 0x0,
    0x0, 0x2f, 0xff, 0x20, 0x0, 0x0, 0x0, 0xa,
    0xff, 0x50, 0x0, 0x0, 0x0, 0x3, 0xff, 0x80,
    0x0, 0x0, 0x0, 0x0, 0x0, 0x0, 0x0, 0x0,
    0x0, 0x0, 0x0, 0x0, 0x0, 0x0, 0x0, 0xff,
    0xff, 0xff, 0xff, 0xff, 0xff, 0x6f, 0xff, 0xff,
    0xff, 0xff, 0xff, 0xf6, 0xff, 0xfb, 0xbb, 0xbb,
    0xbb, 0xbb, 0x4f, 0xff, 0x10, 0x0, 0x0, 0x0,
    0x0, 0xff, 0xf1, 0x0, 0x0, 0x0, 0x0, 0xf,
    0xff, 0x10, 0x0, 0x0, 0x0, 0x0, 0xff, 0xf1,
    0x0, 0x0, 0x0, 0x0, 0xf, 0xff, 0x10, 0x0,
    0x0, 0x0, 0x0, 0xff, 0xff, 0xff, 0xff, 0xff,
    0xf9, 0xf, 0xff, 0xff, 0xff, 0xff, 0xff, 0x90,
    0xff, 0xfb, 0xbb, 0xbb, 0xbb, 0xb6, 0xf, 0xff,
    0x10, 0x0, 0x0, 0x0, 0x0, 0xff, 0xf1, 0x0,
    0x0, 0x0, 0x0, 0xf, 0xff, 0x10, 0x0, 0x0,
    0x0, 0x0, 0xff, 0xf1, 0x0, 0x0, 0x0, 0x0,
    0xf, 0xff, 0x10, 0x0, 0x0, 0x0, 0x0, 0xff,
    0xfb, 0xbb, 0xbb, 0xbb, 0xbb, 0x5f, 0xff, 0xff,
    0xff, 0xff, 0xff, 0xf8, 0xff, 0xff, 0xff, 0xff,
    0xff, 0xff, 0x80,

    /* U+00CA "Ê" */
    0x0, 0x0, 0x58, 0x88, 0x30, 0x0, 0x0, 0x0,
    0x5f, 0xff, 0xfe, 0x20, 0x0, 0x0, 0x4f, 0xfb,
    0x1e, 0xfe, 0x10, 0x0, 0x2f, 0xfe, 0x10, 0x4f,
    0xfd, 0x10, 0x1, 0x33, 0x10, 0x0, 0x23, 0x31,
    0x0, 0x0, 0x0, 0x0, 0x0, 0x0, 0x0, 0xff,
    0xff, 0xff, 0xff, 0xff, 0xff, 0x6f, 0xff, 0xff,
    0xff, 0xff, 0xff, 0xf6, 0xff, 0xfb, 0xbb, 0xbb,
    0xbb, 0xbb, 0x4f, 0xff, 0x10, 0x0, 0x0, 0x0,
    0x0, 0xff, 0xf1, 0x0, 0x0, 0x0, 0x0, 0xf,
    0xff, 0x10, 0x0, 0x0, 0x0, 0x0, 0xff, 0xf1,
    0x0, 0x0, 0x0, 0x0, 0xf, 0xff, 0x10, 0x0,
    0x0, 0x0, 0x0, 0xff, 0xff, 0xff, 0xff, 0xff,
    0xf9, 0xf, 0xff, 0xff, 0xff, 0xff, 0xff, 0x90,
    0xff, 0xfb, 0xbb, 0xbb, 0xbb, 0xb6, 0xf, 0xff,
    0x10, 0x0, 0x0, 0x0, 0x0, 0xff, 0xf1, 0x0,
    0x0, 0x0, 0x0, 0xf, 0xff, 0x10, 0x0, 0x0,
    0x0, 0x0, 0xff, 0xf1, 0x0, 0x0, 0x0, 0x0,
    0xf, 0xff, 0x10, 0x0, 0x0, 0x0, 0x0, 0xff,
    0xfb, 0xbb, 0xbb, 0xbb, 0xbb, 0x5f, 0xff, 0xff,
    0xff, 0xff, 0xff, 0xf8, 0xff, 0xff, 0xff, 0xff,
    0xff, 0xff, 0x80,

    /* U+00CB "Ë" */
    0x0, 0x9d, 0x80, 0x1, 0xac, 0x60, 0x0, 0x7f,
    0xff, 0x40, 0x8f, 0xff, 0x20, 0x7, 0xff, 0xf4,
    0x9, 0xff, 0xf2, 0x0, 0x1c, 0xfa, 0x0, 0x2c,
    0xf9, 0x0, 0x0, 0x0, 0x0, 0x0, 0x0, 0x0,
    0x0, 0x0, 0x0, 0x0, 0x0, 0x0, 0x0, 0xff,
    0xff, 0xff, 0xff, 0xff, 0xff, 0x6f, 0xff, 0xff,
    0xff, 0xff, 0xff, 0xf6, 0xff, 0xfb, 0xbb, 0xbb,
    0xbb, 0xbb, 0x4f, 0xff, 0x10, 0x0, 0x0, 0x0,
    0x0, 0xff, 0xf1, 0x0, 0x0, 0x0, 0x0, 0xf,
    0xff, 0x10, 0x0, 0x0, 0x0, 0x0, 0xff, 0xf1,
    0x0, 0x0, 0x0, 0x0, 0xf, 0xff, 0x10, 0x0,
    0x0, 0x0, 0x0, 0xff, 0xff, 0xff, 0xff, 0xff,
    0xf9, 0xf, 0xff, 0xff, 0xff, 0xff, 0xff, 0x90,
    0xff, 0xfb, 0xbb, 0xbb, 0xbb, 0xb6, 0xf, 0xff,
    0x10, 0x0, 0x0, 0x0, 0x0, 0xff, 0xf1, 0x0,
    0x0, 0x0, 0x0, 0xf, 0xff, 0x10, 0x0, 0x0,
    0x0, 0x0, 0xff, 0xf1, 0x0, 0x0, 0x0, 0x0,
    0xf, 0xff, 0x10, 0x0, 0x0, 0x0, 0x0, 0xff,
    0xfb, 0xbb, 0xbb, 0xbb, 0xbb, 0x5f, 0xff, 0xff,
    0xff, 0xff, 0xff, 0xf8, 0xff, 0xff, 0xff, 0xff,
    0xff, 0xff, 0x80,

    /* U+00CC "Ì" */
    0x57, 0x74, 0x0, 0x3f, 0xff, 0x10, 0x6, 0xff,
    0x90, 0x0, 0x9f, 0xf2, 0x0, 0x0, 0x0, 0x0,
    0x0, 0x0, 0x0, 0xff, 0xf1, 0x0, 0xff, 0xf1,
    0x0, 0xff, 0xf1, 0x0, 0xff, 0xf1, 0x0, 0xff,
    0xf1, 0x0, 0xff, 0xf1, 0x0, 0xff, 0xf1, 0x0,
    0xff, 0xf1, 0x0, 0xff, 0xf1, 0x0, 0xff, 0xf1,
    0x0, 0xff, 0xf1, 0x0, 0xff, 0xf1, 0x0, 0xff,
    0xf1, 0x0, 0xff, 0xf1, 0x0, 0xff, 0xf1, 0x0,
    0xff, 0xf1, 0x0, 0xff, 0xf1, 0x0, 0xff, 0xf1,
    0x0, 0xff, 0xf1,

    /* U+00CD "Í" */
    0x0, 0x37, 0x76, 0x0, 0xe, 0xff, 0x40, 0x7,
    0xff, 0x80, 0x1, 0xff, 0xb0, 0x0, 0x0, 0x0,
    0x0, 0x0, 0x0, 0x0, 0x0, 0xf, 0xff, 0x10,
    0x0, 0xff, 0xf1, 0x0, 0xf, 0xff, 0x10, 0x0,
    0xff, 0xf1, 0x0, 0xf, 0xff, 0x10, 0x0, 0xff,
    0xf1, 0x0, 0xf, 0xff, 0x10, 0x0, 0xff, 0xf1,
    0x0, 0xf, 0xff, 0x10, 0x0, 0xff, 0xf1, 0x0,
    0xf, 0xff, 0x10, 0x0, 0xff, 0xf1, 0x0, 0xf,
    0xff, 0x10, 0x0, 0xff, 0xf1, 0x0, 0xf, 0xff,
    0x10, 0x0, 0xff, 0xf1, 0x0, 0xf, 0xff, 0x10,
    0x0, 0xff, 0xf1, 0x0, 0xf, 0xff, 0x10, 0x0,

    /* U+00CE "Î" */
    0x0, 0x3, 0x88, 0x84, 0x0, 0x0, 0x3, 0xff,
    0xff, 0xf4, 0x0, 0x2, 0xef, 0xe1, 0xcf, 0xf3,
    0x1, 0xdf, 0xf3, 0x2, 0xff, 0xe2, 0x13, 0x32,
    0x0, 0x1, 0x33, 0x10, 0x0, 0x0, 0x0, 0x0,
    0x0, 0x0, 0x0, 0xff, 0xf1, 0x0, 0x0, 0x0,
    0xf, 0xff, 0x10, 0x0, 0x0, 0x0, 0xff, 0xf1,
    0x0, 0x0, 0x0, 0xf, 0xff, 0x10, 0x0, 0x0,
    0x0, 0xff, 0xf1, 0x0, 0x0, 0x0, 0xf, 0xff,
    0x10, 0x0, 0x0, 0x0, 0xff, 0xf1, 0x0, 0x0,
    0x0, 0xf, 0xff, 0x10, 0x0, 0x0, 0x0, 0xff,
    0xf1, 0x0, 0x0, 0x0, 0xf, 0xff, 0x10, 0x0,
    0x0, 0x0, 0xff, 0xf1, 0x0, 0x0, 0x0, 0xf,
    0xff, 0x10, 0x0, 0x0, 0x0, 0xff, 0xf1, 0x0,
    0x0, 0x0, 0xf, 0xff, 0x10, 0x0, 0x0, 0x0,
    0xff, 0xf1, 0x0, 0x0, 0x0, 0xf, 0xff, 0x10,
    0x0, 0x0, 0x0, 0xff, 0xf1, 0x0, 0x0, 0x0,
    0xf, 0xff, 0x10, 0x0, 0x0, 0x0, 0xff, 0xf1,
    0x0, 0x0,

    /* U+00CF "Ï" */
    0x7, 0xda, 0x0, 0x8, 0xd9, 0x3, 0xff, 0xf7,
    0x5, 0xff, 0xf5, 0x4f, 0xff, 0x80, 0x6f, 0xff,
    0x60, 0xaf, 0xc1, 0x0, 0xbf, 0xb0, 0x0, 0x0,
    0x0, 0x0, 0x0, 0x0, 0x0, 0x0, 0x0, 0x0,
    0x0, 0x0, 0x0, 0xff, 0xf1, 0x0, 0x0, 0x0,
    0xf, 0xff, 0x10, 0x0, 0x0, 0x0, 0xff, 0xf1,
    0x0, 0x0, 0x0, 0xf, 0xff, 0x10, 0x0, 0x0,
    0x0, 0xff, 0xf1, 0x0, 0x0, 0x0, 0xf, 0xff,
    0x10, 0x0, 0x0, 0x0, 0xff, 0xf1, 0x0, 0x0,
    0x0, 0xf, 0xff, 0x10, 0x0, 0x0, 0x0, 0xff,
    0xf1, 0x0, 0x0, 0x0, 0xf, 0xff, 0x10, 0x0,
    0x0, 0x0, 0xff, 0xf1, 0x0, 0x0, 0x0, 0xf,
    0xff, 0x10, 0x0, 0x0, 0x0, 0xff, 0xf1, 0x0,
    0x0, 0x0, 0xf, 0xff, 0x10, 0x0, 0x0, 0x0,
    0xff, 0xf1, 0x0, 0x0, 0x0, 0xf, 0xff, 0x10,
    0x0, 0x0, 0x0, 0xff, 0xf1, 0x0, 0x0, 0x0,
    0xf, 0xff, 0x10, 0x0, 0x0, 0x0, 0xff, 0xf1,
    0x0, 0x0,

    /* U+00D0 "Ð" */
    0xbf, 0xff, 0xff, 0xff, 0xfe, 0xc8, 0x20, 0x0,
    0xb, 0xff, 0xff, 0xff, 0xff, 0xff, 0xff, 0x80,
    0x0, 0x7a, 0xaf, 0xff, 0xaa, 0xac, 0xff, 0xff,
    0xa0, 0x0, 0x0, 0xff, 0xf0, 0x0, 0x0, 0x8f,
    0xff, 0x40, 0x0, 0xf, 0xff, 0x0, 0x0, 0x0,
    0x9f, 0xfb, 0x0, 0x0, 0xff, 0xf0, 0x0, 0x0,
    0x1, 0xff, 0xf0, 0x0, 0xf, 0xff, 0x0, 0x0,
    0x0, 0xe, 0xff, 0x20, 0x0, 0xff, 0xf0, 0x0,
    0x0, 0x0, 0xcf, 0xf3, 0xbf, 0xff, 0xff, 0xff,
    0xf5, 0x0, 0xc, 0xff, 0x4b, 0xff, 0xff, 0xff,
    0xff, 0x50, 0x0, 0xcf, 0xf4, 0x11, 0x2f, 0xff,
    0x11, 0x10, 0x0, 0xc, 0xff, 0x40, 0x0, 0xff,
    0xf0, 0x0, 0x0, 0x0, 0xcf, 0xf3, 0x0, 0xf,
    0xff, 0x0, 0x0, 0x0, 0xe, 0xff, 0x20, 0x0,
    0xff, 0xf0, 0x0, 0x0, 0x1, 0xff, 0xf0, 0x0,
    0xf, 0xff, 0x0, 0x0, 0x0, 0x9f, 0xfc, 0x0,
    0x0, 0xff, 0xf0, 0x0, 0x1, 0x8f, 0xff, 0x50,
    0x7a, 0xaf, 0xff, 0xaa, 0xac, 0xff, 0xff, 0xa0,
    0xb, 0xff, 0xff, 0xff, 0xff, 0xff, 0xff, 0x80,
    0x0, 0xbf, 0xff, 0xff, 0xff, 0xfe, 0xc8, 0x20,
    0x0, 0x0,

    /* U+00D1 "Ñ" */
    0x0, 0x0, 0x0, 0x0, 0x0, 0x0, 0x0, 0x0,
    0x0, 0x1c, 0xff, 0x91, 0x2d, 0xa0, 0x0, 0x0,
    0xd, 0xff, 0xff, 0xff, 0xf9, 0x0, 0x0, 0x3,
    0xec, 0x13, 0xbf, 0xfa, 0x0, 0x0, 0x0, 0x1,
    0x10, 0x0, 0x1, 0x0, 0x0, 0x0, 0x0, 0x0,
    0x0, 0x0, 0x0, 0x0, 0x0, 0xff, 0xff, 0xff,
    0x0, 0x0, 0x5, 0xff, 0xaf, 0xff, 0xff, 0xf5,
    0x0, 0x0, 0x5f, 0xfa, 0xff, 0xf6, 0xff, 0xa0,
    0x0, 0x5, 0xff, 0xaf, 0xff, 0x1f, 0xff, 0x0,
    0x0, 0x5f, 0xfa, 0xff, 0xf0, 0xbf, 0xf4, 0x0,
    0x5, 0xff, 0xaf, 0xff, 0x6, 0xff, 0x90, 0x0,
    0x5f, 0xfa, 0xff, 0xf0, 0x1f, 0xfe, 0x0, 0x5,
    0xff, 0xaf, 0xff, 0x0, 0xcf, 0xf3, 0x0, 0x5f,
    0xfa, 0xff, 0xf0, 0x7, 0xff, 0x80, 0x5, 0xff,
    0xaf, 0xff, 0x0, 0x2f, 0xfd, 0x0, 0x5f, 0xfa,
    0xff, 0xf0, 0x0, 0xdf, 0xf2, 0x5, 0xff, 0xaf,
    0xff, 0x0, 0x8, 0xff, 0x70, 0x5f, 0xfa, 0xff,
    0xf0, 0x0, 0x3f, 0xfc, 0x5, 0xff, 0xaf, 0xff,
    0x0, 0x0, 0xef, 0xf1, 0x5f, 0xfa, 0xff, 0xf0,
    0x0, 0x9, 0xff, 0x65, 0xff, 0xaf, 0xff, 0x0,
    0x0, 0x4f, 0xfb, 0x5f, 0xfa, 0xff, 0xf0, 0x0,
    0x0, 0xff, 0xf6, 0xff, 0xaf, 0xff, 0x0, 0x0,
    0xa, 0xff, 0xff, 0xfa, 0xff, 0xf0, 0x0, 0x0,
    0x5f, 0xff, 0xff, 0xa0,

    /* U+00D2 "Ò" */
    0x0, 0x0, 0xa, 0xff, 0xa0, 0x0, 0x0, 0x0,
    0x0, 0x0, 0x0, 0xd, 0xff, 0x30, 0x0, 0x0,
    0x0, 0x0, 0x0, 0x0, 0x2f, 0xfc, 0x0, 0x0,
    0x0, 0x0, 0x0, 0x0, 0x0, 0x37, 0x71, 0x0,
    0x0, 0x0, 0x0, 0x0, 0x0, 0x0, 0x0, 0x0,
    0x0, 0x0, 0x0, 0x0, 0x0, 0x0, 0x0, 0x0,
    0x0, 0x0, 0x0, 0x0, 0x0, 0x39, 0xde, 0xfe,
    0xc8, 0x20, 0x0, 0x0, 0x1, 0xbf, 0xff, 0xff,
    0xff, 0xff, 0x90, 0x0, 0x0, 0xdf, 0xff, 0xfb,
    0xbc, 0xff, 0xff, 0xa0, 0x0, 0x8f, 0xff, 0x60,
    0x0, 0x0, 0x8f, 0xff, 0x60, 0xf, 0xff, 0x50,
    0x0, 0x0, 0x0, 0x9f, 0xfd, 0x4, 0xff, 0xd0,
    0x0, 0x0, 0x0, 0x1, 0xff, 0xf1, 0x6f, 0xfa,
    0x0, 0x0, 0x0, 0x0, 0xd, 0xff, 0x37, 0xff,
    0x90, 0x0, 0x0, 0x0, 0x0, 0xcf, 0xf4, 0x7f,
    0xf9, 0x0, 0x0, 0x0, 0x0, 0xc, 0xff, 0x47,
    0xff, 0x90, 0x0, 0x0, 0x0, 0x0, 0xcf, 0xf4,
    0x7f, 0xf9, 0x0, 0x0, 0x0, 0x0, 0xc, 0xff,
    0x47, 0xff, 0x90, 0x0, 0x0, 0x0, 0x0, 0xcf,
    0xf4, 0x6f, 0xfa, 0x0, 0x0, 0x0, 0x0, 0xd,
    0xff, 0x34, 0xff, 0xd0, 0x0, 0x0, 0x0, 0x1,
    0xff, 0xf1, 0xf, 0xff, 0x60, 0x0, 0x0, 0x0,
    0x9f, 0xfd, 0x0, 0x8f, 0xff, 0x60, 0x0, 0x1,
    0x9f, 0xff, 0x60, 0x0, 0xdf, 0xff, 0xfc, 0xbc,
    0xff, 0xff, 0xa0, 0x0, 0x1, 0xbf, 0xff, 0xff,
    0xff, 0xff, 0x90, 0x0, 0x0, 0x0, 0x39, 0xdf,
    0xfe, 0xc8, 0x20, 0x0, 0x0,

    /* U+00D3 "Ó" */
    0x0, 0x0, 0x0, 0x0, 0xcf, 0xf7, 0x0, 0x0,
    0x0, 0x0, 0x0, 0x0, 0x5f, 0xfb, 0x0, 0x0,
    0x0, 0x0, 0x0, 0x0, 0xe, 0xfd, 0x10, 0x0,
    0x0, 0x0, 0x0, 0x0, 0x2, 0x77, 0x20, 0x0,
    0x0, 0x0, 0x0, 0x0, 0x0, 0x0, 0x0, 0x0,
    0x0, 0x0, 0x0, 0x0, 0x0, 0x0, 0x0, 0x0,
    0x0, 0x0, 0x0, 0x0, 0x0, 0x39, 0xde, 0xfe,
    0xc8, 0x20, 0x0, 0x0, 0x1, 0xbf, 0xff, 0xff,
    0xff, 0xff, 0x90, 0x0, 0x0, 0xdf, 0xff, 0xfb,
    0xbc, 0xff, 0xff, 0xa0, 0x0, 0x8f, 0xff, 0x60,
    0x0, 0x0, 0x8f, 0xff, 0x60, 0xf, 0xff, 0x50,
    0x0, 0x0, 0x0, 0x9f, 0xfd, 0x4, 0xff, 0xd0,
    0x0, 0x0, 0x0, 0x1, 0xff, 0xf1, 0x6f, 0xfa,
    0x0, 0x0, 0x0, 0x0, 0xd, 0xff, 0x37, 0xff,
    0x90, 0x0, 0x0, 0x0, 0x0, 0xcf, 0xf4, 0x7f,
    0xf9, 0x0, 0x0, 0x0, 0x0, 0xc, 0xff, 0x47,
    0xff, 0x90, 0x0, 0x0, 0x0, 0x0, 0xcf, 0xf4,
    0x7f, 0xf9, 0x0, 0x0, 0x0, 0x0, 0xc, 0xff,
    0x47, 0xff, 0x90, 0x0, 0x0, 0x0, 0x0, 0xcf,
    0xf4, 0x6f, 0xfa, 0x0, 0x0, 0x0, 0x0, 0xd,
    0xff, 0x34, 0xff, 0xd0, 0x0, 0x0, 0x0, 0x1,
    0xff, 0xf1, 0xf, 0xff, 0x60, 0x0, 0x0, 0x0,
    0x9f, 0xfd, 0x0, 0x8f, 0xff, 0x60, 0x0, 0x1,
    0x9f, 0xff, 0x60, 0x0, 0xdf, 0xff, 0xfc, 0xbc,
    0xff, 0xff, 0xa0, 0x0, 0x1, 0xbf, 0xff, 0xff,
    0xff, 0xff, 0x90, 0x0, 0x0, 0x0, 0x39, 0xdf,
    0xfe, 0xc8, 0x20, 0x0, 0x0,

    /* U+00D4 "Ô" */
    0x0, 0x0, 0x0, 0xbf, 0xff, 0x90, 0x0, 0x0,
    0x0, 0x0, 0x0, 0x8f, 0xfa, 0xff, 0x50, 0x0,
    0x0, 0x0, 0x0, 0x5f, 0xf9, 0xc, 0xff, 0x30,
    0x0, 0x0, 0x0, 0x2f, 0xfe, 0x10, 0x2f, 0xfd,
    0x10, 0x0, 0x0, 0x2, 0x44, 0x20, 0x0, 0x34,
    0x42, 0x0, 0x0, 0x0, 0x0, 0x0, 0x0, 0x0,
    0x0, 0x0, 0x0, 0x0, 0x0, 0x39, 0xde, 0xfe,
    0xc8, 0x20, 0x0, 0x0, 0x1, 0xbf, 0xff, 0xff,
    0xff, 0xff, 0x90, 0x0, 0x0, 0xdf, 0xff, 0xfb,
    0xbc, 0xff, 0xff, 0xa0, 0x0, 0x8f, 0xff, 0x60,
    0x0, 0x0, 0x8f, 0xff, 0x60, 0xf, 0xff, 0x50,
    0x0, 0x0, 0x0, 0x9f, 0xfd, 0x4, 0xff, 0xd0,
    0x0, 0x0, 0x0, 0x1, 0xff, 0xf1, 0x6f, 0xfa,
    0x0, 0x0, 0x0, 0x0, 0xd, 0xff, 0x37, 0xff,
    0x90, 0x0, 0x0, 0x0, 0x0, 0xcf, 0xf4, 0x7f,
    0xf9, 0x0, 0x0, 0x0, 0x0, 0xc, 0xff, 0x47,
    0xff, 0x90, 0x0, 0x0, 0x0, 0x0, 0xcf, 0xf4,
    0x7f, 0xf9, 0x0, 0x0, 0x0, 0x0, 0xc, 0xff,
    0x47, 0xff, 0x90, 0x0, 0x0, 0x0, 0x0, 0xcf,
    0xf4, 0x6f, 0xfa, 0x0, 0x0, 0x0, 0x0, 0xd,
    0xff, 0x34, 0xff, 0xd0, 0x0, 0x0, 0x0, 0x1,
    0xff, 0xf1, 0xf, 0xff, 0x60, 0x0, 0x0, 0x0,
    0x9f, 0xfd, 0x0, 0x8f, 0xff, 0x60, 0x0, 0x1,
    0x9f, 0xff, 0x60, 0x0, 0xdf, 0xff, 0xfc, 0xbc,
    0xff, 0xff, 0xa0, 0x0, 0x1, 0xbf, 0xff, 0xff,
    0xff, 0xff, 0x90, 0x0, 0x0, 0x0, 0x39, 0xdf,
    0xfe, 0xc8, 0x20, 0x0, 0x0,

    /* U+00D5 "Õ" */
    0x0, 0x0, 0xa, 0xfd, 0x30, 0x7, 0x40, 0x0,
    0x0, 0x0, 0xa, 0xff, 0xff, 0x55, 0xff, 0x10,
    0x0, 0x0, 0x3, 0xfe, 0x36, 0xff, 0xff, 0x70,
    0x0, 0x0, 0x0, 0x5, 0x40, 0x5, 0xef, 0x80,
    0x0, 0x0, 0x0, 0x0, 0x0, 0x0, 0x0, 0x0,
    0x0, 0x0, 0x0, 0x0, 0x0, 0x0, 0x0, 0x0,
    0x0, 0x0, 0x0, 0x0, 0x0, 0x39, 0xde, 0xfe,
    0xc8, 0x20, 0x0, 0x0, 0x1, 0xbf, 0xff, 0xff,
    0xff, 0xff, 0x90, 0x0, 0x0, 0xdf, 0xff, 0xfb,
    0xbc, 0xff, 0xff, 0xa0, 0x0, 0x8f, 0xff, 0x60,
    0x0, 0x0, 0x8f, 0xff, 0x60, 0xf, 0xff, 0x50,
    0x0, 0x0, 0x0, 0x9f, 0xfd, 0x4, 0xff, 0xd0,
    0x0, 0x0, 0x0, 0x1, 0xff, 0xf1, 0x6f, 0xfa,
    0x0, 0x0, 0x0, 0x0, 0xd, 0xff, 0x37, 0xff,
    0x90, 0x0, 0x0, 0x0, 0x0, 0xcf, 0xf4, 0x7f,
    0xf9, 0x0, 0x0, 0x0, 0x0, 0xc, 0xff, 0x47,
    0xff, 0x90, 0x0, 0x0, 0x0, 0x0, 0xcf, 0xf4,
    0x7f, 0xf9, 0x0, 0x0, 0x0, 0x0, 0xc, 0xff,
    0x47, 0xff, 0x90, 0x0, 0x0, 0x0, 0x0, 0xcf,
    0xf4, 0x6f, 0xfa, 0x0, 0x0, 0x0, 0x0, 0xd,
    0xff, 0x34, 0xff, 0xd0, 0x0, 0x0, 0x0, 0x1,
    0xff, 0xf1, 0xf, 0xff, 0x60, 0x0, 0x0, 0x0,
    0x9f, 0xfd, 0x0, 0x8f, 0xff, 0x60, 0x0, 0x1,
    0x9f, 0xff, 0x60, 0x0, 0xdf, 0xff, 0xfc, 0xbc,
    0xff, 0xff, 0xa0, 0x0, 0x1, 0xbf, 0xff, 0xff,
    0xff, 0xff, 0x90, 0x0, 0x0, 0x0, 0x39, 0xdf,
    0xfe, 0xc8, 0x20, 0x0, 0x0,

    /* U+00D6 "Ö" */
    0x0, 0x0, 0xbf, 0xb0, 0x1, 0xcf, 0x90, 0x0,
    0x0, 0x0, 0x6f, 0xff, 0x50, 0x8f, 0xff, 0x40,
    0x0, 0x0, 0x5, 0xff, 0xf5, 0x7, 0xff, 0xf3,
    0x0, 0x0, 0x0, 0x9, 0xd9, 0x0, 0xa, 0xd7,
    0x0, 0x0, 0x0, 0x0, 0x0, 0x0, 0x0, 0x0,
    0x0, 0x0, 0x0, 0x0, 0x0, 0x0, 0x0, 0x0,
    0x0, 0x0, 0x0, 0x0, 0x0, 0x39, 0xde, 0xfe,
    0xc8, 0x20, 0x0, 0x0, 0x1, 0xbf, 0xff, 0xff,
    0xff, 0xff, 0x90, 0x0, 0x0, 0xdf, 0xff, 0xfb,
    0xbc, 0xff, 0xff, 0xa0, 0x0, 0x8f, 0xff, 0x60,
    0x0, 0x0, 0x8f, 0xff, 0x60, 0xf, 0xff, 0x50,
    0x0, 0x0, 0x0, 0x9f, 0xfd, 0x4, 0xff, 0xd0,
    0x0, 0x0, 0x0, 0x1, 0xff, 0xf1, 0x6f, 0xfa,
    0x0, 0x0, 0x0, 0x0, 0xd, 0xff, 0x37, 0xff,
    0x90, 0x0, 0x0, 0x0, 0x0, 0xcf, 0xf4, 0x7f,
    0xf9, 0x0, 0x0, 0x0, 0x0, 0xc, 0xff, 0x47,
    0xff, 0x90, 0x0, 0x0, 0x0, 0x0, 0xcf, 0xf4,
    0x7f, 0xf9, 0x0, 0x0, 0x0, 0x0, 0xc, 0xff,
    0x47, 0xff, 0x90, 0x0, 0x0, 0x0, 0x0, 0xcf,
    0xf4, 0x6f, 0xfa, 0x0, 0x0, 0x0, 0x0, 0xd,
    0xff, 0x34, 0xff, 0xd0, 0x0, 0x0, 0x0, 0x1,
    0xff, 0xf1, 0xf, 0xff, 0x60, 0x0, 0x0, 0x0,
    0x9f, 0xfd, 0x0, 0x8f, 0xff, 0x60, 0x0, 0x1,
    0x9f, 0xff, 0x60, 0x0, 0xdf, 0xff, 0xfc, 0xbc,
    0xff, 0xff, 0xa0, 0x0, 0x1, 0xbf, 0xff, 0xff,
    0xff, 0xff, 0x90, 0x0, 0x0, 0x0, 0x39, 0xdf,
    0xfe, 0xc8, 0x20, 0x0, 0x0,

    /* U+00D7 "×" */
    0x0, 0x10, 0x0, 0x0, 0x0, 0x10, 0x0, 0x2e,
    0x90, 0x0, 0x0, 0x4f, 0x60, 0xd, 0xff, 0xa0,
    0x0, 0x4f, 0xff, 0x30, 0x2e, 0xff, 0xa0, 0x5f,
    0xff, 0x70, 0x0, 0x2e, 0xff, 0xcf, 0xff, 0x60,
    0x0, 0x0, 0x2e, 0xff, 0xff, 0x60, 0x0, 0x0,
    0x0, 0x7f, 0xff, 0xd0, 0x0, 0x0, 0x0, 0x6f,
    0xff, 0xff, 0xb0, 0x0, 0x0, 0x6f, 0xff, 0x6d,
    0xff, 0xb0, 0x0, 0x6f, 0xff, 0x50, 0x1d, 0xff,
    0xb0, 0xb, 0xff, 0x50, 0x0, 0x1d, 0xfe, 0x20,
    0xa, 0x40, 0x0, 0x0, 0x1b, 0x20,

    /* U+00D8 "Ø" */
    0x0, 0x0, 0x0, 0x0, 0x0, 0x0, 0x93, 0x0,
    0x0, 0x0, 0x0, 0x0, 0x0, 0x0, 0x5f, 0xe0,
    0x0, 0x0, 0x0, 0x39, 0xde, 0xfe, 0xcf, 0xf8,
    0x0, 0x0, 0x1, 0xbf, 0xff, 0xff, 0xff, 0xff,
    0xa0, 0x0, 0x0, 0xdf, 0xff, 0xfb, 0xbc, 0xff,
    0xff, 0xa0, 0x0, 0x8f, 0xff, 0x60, 0x0, 0x1f,
    0xff, 0xff, 0x60, 0xf, 0xff, 0x50, 0x0, 0x8,
    0xfc, 0x9f, 0xfd, 0x4, 0xff, 0xd0, 0x0, 0x0,
    0xef, 0x51, 0xff, 0xf1, 0x6f, 0xfa, 0x0, 0x0,
    0x5f, 0xe0, 0xd, 0xff, 0x37, 0xff, 0x90, 0x0,
    0xc, 0xf7, 0x0, 0xcf, 0xf4, 0x7f, 0xf9, 0x0,
    0x3, 0xff, 0x10, 0xc, 0xff, 0x47, 0xff, 0x90,
    0x0, 0xaf, 0xa0, 0x0, 0xcf, 0xf4, 0x7f, 0xf9,
    0x0, 0x1f, 0xf3, 0x0, 0xc, 0xff, 0x47, 0xff,
    0x90, 0x8, 0xfc, 0x0, 0x0, 0xcf, 0xf4, 0x6f,
    0xfa, 0x0, 0xef, 0x50, 0x0, 0xd, 0xff, 0x34,
    0xff, 0xd0, 0x6f, 0xe0, 0x0, 0x1, 0xff, 0xf1,
    0xf, 0xff, 0x6c, 0xf7, 0x0, 0x0, 0x9f, 0xfd,
    0x0, 0x8f, 0xff, 0xff, 0x10, 0x1, 0x9f, 0xff,
    0x60, 0x0, 0xdf, 0xff, 0xfc, 0xbc, 0xff, 0xff,
    0xa0, 0x0, 0x1, 0xdf, 0xff, 0xff, 0xff, 0xff,
    0x90, 0x0, 0x0, 0x8, 0xff, 0xdf, 0xfe, 0xc8,
    0x20, 0x0, 0x0, 0x0, 0xef, 0x50, 0x0, 0x0,
    0x0, 0x0, 0x0, 0x0, 0x1a, 0xd0, 0x0, 0x0,
    0x0, 0x0, 0x0, 0x0, 0x0, 0x0, 0x0, 0x0,
    0x0, 0x0, 0x0, 0x0,

    /* U+00D9 "Ù" */
    0x0, 0x0, 0xb, 0xff, 0x90, 0x0, 0x0, 0x0,
    0x0, 0x0, 0x1, 0xdf, 0xf2, 0x0, 0x0, 0x0,
    0x0, 0x0, 0x0, 0x3f, 0xfb, 0x0, 0x0, 0x0,
    0x0, 0x0, 0x0, 0x4, 0x77, 0x0, 0x0, 0x0,
    0x0, 0x0, 0x0, 0x0, 0x0, 0x0, 0x0, 0x0,
    0x0, 0x0, 0x0, 0x0, 0x0, 0x0, 0x0, 0x0,
    0x1f, 0xff, 0x0, 0x0, 0x0, 0x0, 0x3f, 0xfd,
    0x1f, 0xff, 0x0, 0x0, 0x0, 0x0, 0x3f, 0xfd,
    0x1f, 0xff, 0x0, 0x0, 0x0, 0x0, 0x3f, 0xfd,
    0x1f, 0xff, 0x0, 0x0, 0x0, 0x0, 0x3f, 0xfd,
    0x1f, 0xff, 0x0, 0x0, 0x0, 0x0, 0x3f, 0xfd,
    0x1f, 0xff, 0x0, 0x0, 0x0, 0x0, 0x3f, 0xfd,
    0x1f, 0xff, 0x0, 0x0, 0x0, 0x0, 0x3f, 0xfd,
    0x1f, 0xff, 0x0, 0x0, 0x0, 0x0, 0x3f, 0xfd,
    0x1f, 0xff, 0x0, 0x0, 0x0, 0x0, 0x3f, 0xfd,
    0x1f, 0xff, 0x0, 0x0, 0x0, 0x0, 0x3f, 0xfd,
    0x1f, 0xff, 0x0, 0x0, 0x0, 0x0, 0x3f, 0xfd,
    0x1f, 0xff, 0x0, 0x0, 0x0, 0x0, 0x3f, 0xfd,
    0x1f, 0xff, 0x0, 0x0, 0x0, 0x0, 0x3f, 0xfc,
    0xf, 0xff, 0x10, 0x0, 0x0, 0x0, 0x5f, 0xfb,
    0xc, 0xff, 0x80, 0x0, 0x0, 0x0, 0xcf, 0xf7,
    0x6, 0xff, 0xf7, 0x0, 0x0, 0x1a, 0xff, 0xf2,
    0x0, 0xbf, 0xff, 0xfc, 0xbc, 0xff, 0xff, 0x70,
    0x0, 0xa, 0xff, 0xff, 0xff, 0xff, 0xf7, 0x0,
    0x0, 0x0, 0x39, 0xdf, 0xfe, 0xc8, 0x10, 0x0,

    /* U+00DA "Ú" */
    0x0, 0x0, 0x0, 0x0, 0xdf, 0xf7, 0x0, 0x0,
    0x0, 0x0, 0x0, 0x6, 0xff, 0xa0, 0x0, 0x0,
    0x0, 0x0, 0x0, 0x1e, 0xfd, 0x0, 0x0, 0x0,
    0x0, 0x0, 0x0, 0x37, 0x72, 0x0, 0x0, 0x0,
    0x0, 0x0, 0x0, 0x0, 0x0, 0x0, 0x0, 0x0,
    0x0, 0x0, 0x0, 0x0, 0x0, 0x0, 0x0, 0x0,
    0x1f, 0xff, 0x0, 0x0, 0x0, 0x0, 0x3f, 0xfd,
    0x1f, 0xff, 0x0, 0x0, 0x0, 0x0, 0x3f, 0xfd,
    0x1f, 0xff, 0x0, 0x0, 0x0, 0x0, 0x3f, 0xfd,
    0x1f, 0xff, 0x0, 0x0, 0x0, 0x0, 0x3f, 0xfd,
    0x1f, 0xff, 0x0, 0x0, 0x0, 0x0, 0x3f, 0xfd,
    0x1f, 0xff, 0x0, 0x0, 0x0, 0x0, 0x3f, 0xfd,
    0x1f, 0xff, 0x0, 0x0, 0x0, 0x0, 0x3f, 0xfd,
    0x1f, 0xff, 0x0, 0x0, 0x0, 0x0, 0x3f, 0xfd,
    0x1f, 0xff, 0x0, 0x0, 0x0, 0x0, 0x3f, 0xfd,
    0x1f, 0xff, 0x0, 0x0, 0x0, 0x0, 0x3f, 0xfd,
    0x1f, 0xff, 0x0, 0x0, 0x0, 0x0, 0x3f, 0xfd,
    0x1f, 0xff, 0x0, 0x0, 0x0, 0x0, 0x3f, 0xfd,
    0x1f, 0xff, 0x0, 0x0, 0x0, 0x0, 0x3f, 0xfc,
    0xf, 0xff, 0x10, 0x0, 0x0, 0x0, 0x5f, 0xfb,
    0xc, 0xff, 0x80, 0x0, 0x0, 0x0, 0xcf, 0xf7,
    0x6, 0xff, 0xf7, 0x0, 0x0, 0x1a, 0xff, 0xf2,
    0x0, 0xbf, 0xff, 0xfc, 0xbc, 0xff, 0xff, 0x70,
    0x0, 0xa, 0xff, 0xff, 0xff, 0xff, 0xf7, 0x0,
    0x0, 0x0, 0x39, 0xdf, 0xfe, 0xc8, 0x10, 0x0,

    /* U+00DB "Û" */
    0x0, 0x0, 0x0, 0xcf, 0xff, 0x80, 0x0, 0x0,
    0x0, 0x0, 0xa, 0xff, 0xaf, 0xf6, 0x0, 0x0,
    0x0, 0x0, 0x8f, 0xf7, 0xc, 0xff, 0x40, 0x0,
    0x0, 0x5, 0xff, 0xc0, 0x2, 0xef, 0xe2, 0x0,
    0x0, 0x0, 0x0, 0x0, 0x0, 0x0, 0x0, 0x0,
    0x0, 0x0, 0x0, 0x0, 0x0, 0x0, 0x0, 0x0,
    0x1f, 0xff, 0x0, 0x0, 0x0, 0x0, 0x3f, 0xfd,
    0x1f, 0xff, 0x0, 0x0, 0x0, 0x0, 0x3f, 0xfd,
    0x1f, 0xff, 0x0, 0x0, 0x0, 0x0, 0x3f, 0xfd,
    0x1f, 0xff, 0x0, 0x0, 0x0, 0x0, 0x3f, 0xfd,
    0x1f, 0xff, 0x0, 0x0, 0x0, 0x0, 0x3f, 0xfd,
    0x1f, 0xff, 0x0, 0x0, 0x0, 0x0, 0x3f, 0xfd,
    0x1f, 0xff, 0x0, 0x0, 0x0, 0x0, 0x3f, 0xfd,
    0x1f, 0xff, 0x0, 0x0, 0x0, 0x0, 0x3f, 0xfd,
    0x1f, 0xff, 0x0, 0x0, 0x0, 0x0, 0x3f, 0xfd,
    0x1f, 0xff, 0x0, 0x0, 0x0, 0x0, 0x3f, 0xfd,
    0x1f, 0xff, 0x0, 0x0, 0x0, 0x0, 0x3f, 0xfd,
    0x1f, 0xff, 0x0, 0x0, 0x0, 0x0, 0x3f, 0xfd,
    0x1f, 0xff, 0x0, 0x0, 0x0, 0x0, 0x3f, 0xfc,
    0xf, 0xff, 0x10, 0x0, 0x0, 0x0, 0x5f, 0xfb,
    0xc, 0xff, 0x80, 0x0, 0x0, 0x0, 0xcf, 0xf7,
    0x6, 0xff, 0xf7, 0x0, 0x0, 0x1a, 0xff, 0xf2,
    0x0, 0xbf, 0xff, 0xfc, 0xbc, 0xff, 0xff, 0x70,
    0x0, 0xa, 0xff, 0xff, 0xff, 0xff, 0xf7, 0x0,
    0x0, 0x0, 0x39, 0xdf, 0xfe, 0xc8, 0x10, 0x0,

    /* U+00DC "Ü" */
    0x0, 0x1, 0xbf, 0xa0, 0x2, 0xcf, 0x90, 0x0,
    0x0, 0x7, 0xff, 0xf5, 0x9, 0xff, 0xf3, 0x0,
    0x0, 0x6, 0xff, 0xf4, 0x8, 0xff, 0xf2, 0x0,
    0x0, 0x0, 0x9d, 0x80, 0x1, 0xad, 0x70, 0x0,
    0x0, 0x0, 0x0, 0x0, 0x0, 0x0, 0x0, 0x0,
    0x0, 0x0, 0x0, 0x0, 0x0, 0x0, 0x0, 0x0,
    0x1f, 0xff, 0x0, 0x0, 0x0, 0x0, 0x3f, 0xfd,
    0x1f, 0xff, 0x0, 0x0, 0x0, 0x0, 0x3f, 0xfd,
    0x1f, 0xff, 0x0, 0x0, 0x0, 0x0, 0x3f, 0xfd,
    0x1f, 0xff, 0x0, 0x0, 0x0, 0x0, 0x3f, 0xfd,
    0x1f, 0xff, 0x0, 0x0, 0x0, 0x0, 0x3f, 0xfd,
    0x1f, 0xff, 0x0, 0x0, 0x0, 0x0, 0x3f, 0xfd,
    0x1f, 0xff, 0x0, 0x0, 0x0, 0x0, 0x3f, 0xfd,
    0x1f, 0xff, 0x0, 0x0, 0x0, 0x0, 0x3f, 0xfd,
    0x1f, 0xff, 0x0, 0x0, 0x0, 0x0, 0x3f, 0xfd,
    0x1f, 0xff, 0x0, 0x0, 0x0, 0x0, 0x3f, 0xfd,
    0x1f, 0xff, 0x0, 0x0, 0x0, 0x0, 0x3f, 0xfd,
    0x1f, 0xff, 0x0, 0x0, 0x0, 0x0, 0x3f, 0xfd,
    0x1f, 0xff, 0x0, 0x0, 0x0, 0x0, 0x3f, 0xfc,
    0xf, 0xff, 0x10, 0x0, 0x0, 0x0, 0x5f, 0xfb,
    0xc, 0xff, 0x80, 0x0, 0x0, 0x0, 0xcf, 0xf7,
    0x6, 0xff, 0xf7, 0x0, 0x0, 0x1a, 0xff, 0xf2,
    0x0, 0xbf, 0xff, 0xfc, 0xbc, 0xff, 0xff, 0x70,
    0x0, 0xa, 0xff, 0xff, 0xff, 0xff, 0xf7, 0x0,
    0x0, 0x0, 0x39, 0xdf, 0xfe, 0xc8, 0x10, 0x0,

    /* U+00DD "Ý" */
    0x0, 0x0, 0x0, 0x0, 0x37, 0x76, 0x0, 0x0,
    0x0, 0x0, 0x0, 0x0, 0xd, 0xff, 0x50, 0x0,
    0x0, 0x0, 0x0, 0x0, 0x6, 0xff, 0x90, 0x0,
    0x0, 0x0, 0x0, 0x0, 0x0, 0xef, 0xc0, 0x0,
    0x0, 0x0, 0x0, 0x0, 0x0, 0x0, 0x0, 0x0,
    0x0, 0x0, 0x0, 0x0, 0x0, 0x0, 0x0, 0x0,
    0x0, 0x0, 0x0, 0x6f, 0xfe, 0x10, 0x0, 0x0,
    0x0, 0xb, 0xff, 0xa0, 0xdf, 0xf8, 0x0, 0x0,
    0x0, 0x4, 0xff, 0xf2, 0x4, 0xff, 0xf2, 0x0,
    0x0, 0x0, 0xdf, 0xf8, 0x0, 0xb, 0xff, 0xa0,
    0x0, 0x0, 0x6f, 0xfe, 0x0, 0x0, 0x2f, 0xff,
    0x30, 0x0, 0xe, 0xff, 0x60, 0x0, 0x0, 0x9f,
    0xfc, 0x0, 0x8, 0xff, 0xd0, 0x0, 0x0, 0x1,
    0xef, 0xf5, 0x1, 0xff, 0xf4, 0x0, 0x0, 0x0,
    0x6, 0xff, 0xd0, 0xaf, 0xfb, 0x0, 0x0, 0x0,
    0x0, 0xd, 0xff, 0xbf, 0xff, 0x20, 0x0, 0x0,
    0x0, 0x0, 0x4f, 0xff, 0xff, 0x90, 0x0, 0x0,
    0x0, 0x0, 0x0, 0xbf, 0xff, 0xe1, 0x0, 0x0,
    0x0, 0x0, 0x0, 0x2, 0xff, 0xf6, 0x0, 0x0,
    0x0, 0x0, 0x0, 0x0, 0xe, 0xff, 0x20, 0x0,
    0x0, 0x0, 0x0, 0x0, 0x0, 0xef, 0xf2, 0x0,
    0x0, 0x0, 0x0, 0x0, 0x0, 0xe, 0xff, 0x20,
    0x0, 0x0, 0x0, 0x0, 0x0, 0x0, 0xef, 0xf2,
    0x0, 0x0, 0x0, 0x0, 0x0, 0x0, 0xe, 0xff,
    0x20, 0x0, 0x0, 0x0, 0x0, 0x0, 0x0, 0xef,
    0xf2, 0x0, 0x0, 0x0, 0x0, 0x0, 0x0, 0xe,
    0xff, 0x20, 0x0, 0x0, 0x0,

    /* U+00DE "Þ" */
    0xff, 0xf1, 0x0, 0x0, 0x0, 0x0, 0x0, 0xf,
    0xff, 0x10, 0x0, 0x0, 0x0, 0x0, 0x0, 0xff,
    0xf1, 0x0, 0x0, 0x0, 0x0, 0x0, 0xf, 0xff,
    0xff, 0xff, 0xfe, 0xc7, 0x10, 0x0, 0xff, 0xff,
    0xff, 0xff, 0xff, 0xfe, 0x30, 0xf, 0xff, 0xbb,
    0xbb, 0xbd, 0xff, 0xfe, 0x10, 0xff, 0xf1, 0x0,
    0x0, 0x3, 0xef, 0xf9, 0xf, 0xff, 0x10, 0x0,
    0x0, 0x4, 0xff, 0xe0, 0xff, 0xf1, 0x0, 0x0,
    0x0, 0xf, 0xff, 0xf, 0xff, 0x10, 0x0, 0x0,
    0x0, 0xff, 0xf0, 0xff, 0xf1, 0x0, 0x0, 0x0,
    0x5f, 0xfe, 0xf, 0xff, 0x10, 0x0, 0x0, 0x3e,
    0xff, 0x90, 0xff, 0xfb, 0xbb, 0xbb, 0xdf, 0xff,
    0xe1, 0xf, 0xff, 0xff, 0xff, 0xff, 0xff, 0xe3,
    0x0, 0xff, 0xff, 0xff, 0xff, 0xec, 0x70, 0x0,
    0xf, 0xff, 0x10, 0x0, 0x0, 0x0, 0x0, 0x0,
    0xff, 0xf1, 0x0, 0x0, 0x0, 0x0, 0x0, 0xf,
    0xff, 0x10, 0x0, 0x0, 0x0, 0x0, 0x0, 0xff,
    0xf1, 0x0, 0x0, 0x0, 0x0, 0x0, 0x0,

    /* U+00DF "ß" */
    0x0, 0x1, 0x7c, 0xef, 0xeb, 0x50, 0x0, 0x0,
    0x0, 0x5e, 0xff, 0xff, 0xff, 0xfb, 0x0, 0x0,
    0x4, 0xff, 0xfd, 0x86, 0x9e, 0xff, 0xa0, 0x0,
    0xe, 0xff, 0x70, 0x0, 0x1, 0xef, 0xf0, 0x0,
    0x5f, 0xfa, 0x0, 0x0, 0x0, 0xcf, 0xf1, 0x0,
    0xaf, 0xf4, 0x0, 0x0, 0x2, 0xff, 0xe0, 0x0,
    0xcf, 0xf1, 0x0, 0x0, 0x3e, 0xff, 0x60, 0x0,
    0xdf, 0xf0, 0x0, 0x8, 0xff, 0xf6, 0x0, 0x0,
    0xef, 0xf0, 0x0, 0x5f, 0xfd, 0x20, 0x0, 0x0,
    0xef, 0xf0, 0x0, 0x8f, 0xf9, 0x0, 0x0, 0x0,
    0xef, 0xf0, 0x0, 0x4f, 0xff, 0xe7, 0x10, 0x0,
    0xef, 0xf0, 0x0, 0x4, 0xcf, 0xff, 0xf7, 0x0,
    0xef, 0xf0, 0x0, 0x0, 0x2, 0x9f, 0xff, 0x70,
    0xef, 0xf0, 0x0, 0x0, 0x0, 0x2, 0xff, 0xf0,
    0xef, 0xf0, 0x26, 0x60, 0x0, 0x0, 0xbf, 0xf2,
    0xef, 0xf0, 0xef, 0xf2, 0x0, 0x0, 0xef, 0xf1,
    0xef, 0xf0, 0x7f, 0xfe, 0x86, 0x7d, 0xff, 0xb0,
    0xef, 0xf0, 0x9, 0xff, 0xff, 0xff, 0xfd, 0x10,
    0xef, 0xf0, 0x0, 0x4a, 0xef, 0xfc, 0x70, 0x0,

    /* U+00E0 "à" */
    0x0, 0x6, 0xff, 0xd0, 0x0, 0x0, 0x0, 0x0,
    0x0, 0xa, 0xff, 0x60, 0x0, 0x0, 0x0, 0x0,
    0x0, 0x1e, 0xfe, 0x0, 0x0, 0x0, 0x0, 0x0,
    0x0, 0x3e, 0xe6, 0x0, 0x0, 0x0, 0x0, 0x0,
    0x0, 0x0, 0x0, 0x0, 0x0, 0x0, 0x0, 0x4a,
    0xef, 0xfc, 0x81, 0x0, 0x0, 0x0, 0xaf, 0xff,
    0xff, 0xff, 0xe2, 0x0, 0x0, 0x8f, 0xff, 0x96,
    0x7c, 0xff, 0xd0, 0x0, 0x1f, 0xff, 0x20, 0x0,
    0xc, 0xff, 0x40, 0x0, 0x38, 0x60, 0x0, 0x0,
    0x6f, 0xf7, 0x0, 0x0, 0x0, 0x23, 0x33, 0x37,
    0xff, 0x80, 0x0, 0x19, 0xef, 0xff, 0xff, 0xff,
    0xf8, 0x0, 0x1d, 0xff, 0xff, 0xff, 0xff, 0xff,
    0x80, 0x8, 0xff, 0xb3, 0x0, 0x0, 0x5f, 0xf8,
    0x0, 0xbf, 0xf2, 0x0, 0x0, 0x8, 0xff, 0x80,
    0xa, 0xff, 0x50, 0x0, 0x3, 0xff, 0xf8, 0x0,
    0x6f, 0xff, 0x96, 0x7a, 0xfd, 0xff, 0xd6, 0x20,
    0xaf, 0xff, 0xff, 0xff, 0x2b, 0xff, 0xf7, 0x0,
    0x5b, 0xef, 0xea, 0x20, 0x2c, 0xff, 0x70,

    /* U+00E1 "á" */
    0x0, 0x0, 0x0, 0x1f, 0xff, 0x20, 0x0, 0x0,
    0x0, 0x0, 0xa, 0xff, 0x70, 0x0, 0x0, 0x0,
    0x0, 0x2, 0xff, 0xb0, 0x0, 0x0, 0x0, 0x0,
    0x0, 0xaf, 0xd1, 0x0, 0x0, 0x0, 0x0, 0x0,
    0x0, 0x0, 0x0, 0x0, 0x0, 0x0, 0x0, 0x4a,
    0xef, 0xfc, 0x81, 0x0, 0x0, 0x0, 0xaf, 0xff,
    0xff, 0xff, 0xe2, 0x0, 0x0, 0x8f, 0xff, 0x96,
    0x7c, 0xff, 0xd0, 0x0, 0x1f, 0xff, 0x20, 0x0,
    0xc, 0xff, 0x40, 0x0, 0x38, 0x60, 0x0, 0x0,
    0x6f, 0xf7, 0x0, 0x0, 0x0, 0x23, 0x33, 0x37,
    0xff, 0x80, 0x0, 0x19, 0xef, 0xff, 0xff, 0xff,
    0xf8, 0x0, 0x1d, 0xff, 0xff, 0xff, 0xff, 0xff,
    0x80, 0x8, 0xff, 0xb3, 0x0, 0x0, 0x5f, 0xf8,
    0x0, 0xbf, 0xf2, 0x0, 0x0, 0x8, 0xff, 0x80,
    0xa, 0xff, 0x50, 0x0, 0x3, 0xff, 0xf8, 0x0,
    0x6f, 0xff, 0x96, 0x7a, 0xfd, 0xff, 0xd6, 0x20,
    0xaf, 0xff, 0xff, 0xff, 0x2b, 0xff, 0xf7, 0x0,
    0x5b, 0xef, 0xea, 0x20, 0x2c, 0xff, 0x70,

    /* U+00E2 "â" */
    0x0, 0x0, 0x5f, 0xff, 0xe2, 0x0, 0x0, 0x0,
    0x0, 0x3f, 0xfe, 0xff, 0xd1, 0x0, 0x0, 0x0,
    0x2e, 0xfe, 0x14, 0xff, 0xc0, 0x0, 0x0, 0xa,
    0xdc, 0x20, 0x5, 0xdd, 0x70, 0x0, 0x0, 0x0,
    0x0, 0x0, 0x0, 0x0, 0x0, 0x0, 0x0, 0x4a,
    0xef, 0xfc, 0x81, 0x0, 0x0, 0x0, 0xaf, 0xff,
    0xff, 0xff, 0xe2, 0x0, 0x0, 0x8f, 0xff, 0x96,
    0x7c, 0xff, 0xd0, 0x0, 0x1f, 0xff, 0x20, 0x0,
    0xc, 0xff, 0x40, 0x0, 0x38, 0x60, 0x0, 0x0,
    0x6f, 0xf7, 0x0, 0x0, 0x0, 0x23, 0x33, 0x37,
    0xff, 0x80, 0x0, 0x19, 0xef, 0xff, 0xff, 0xff,
    0xf8, 0x0, 0x1d, 0xff, 0xff, 0xff, 0xff, 0xff,
    0x80, 0x8, 0xff, 0xb3, 0x0, 0x0, 0x5f, 0xf8,
    0x0, 0xbf, 0xf2, 0x0, 0x0, 0x8, 0xff, 0x80,
    0xa, 0xff, 0x50, 0x0, 0x3, 0xff, 0xf8, 0x0,
    0x6f, 0xff, 0x96, 0x7a, 0xfd, 0xff, 0xd6, 0x20,
    0xaf, 0xff, 0xff, 0xff, 0x2b, 0xff, 0xf7, 0x0,
    0x5b, 0xef, 0xea, 0x20, 0x2c, 0xff, 0x70,

    /* U+00E3 "ã" */
    0x0, 0x5, 0xee, 0x70, 0x5, 0x90, 0x0, 0x0,
    0x2, 0xff, 0xff, 0xa4, 0xef, 0x50, 0x0, 0x0,
    0xaf, 0xb4, 0xdf, 0xff, 0xc0, 0x0, 0x0, 0x2,
    0xa1, 0x1, 0xbf, 0xc1, 0x0, 0x0, 0x0, 0x0,
    0x0, 0x0, 0x0, 0x0, 0x0, 0x0, 0x0, 0x4a,
    0xef, 0xfc, 0x81, 0x0, 0x0, 0x0, 0xaf, 0xff,
    0xff, 0xff, 0xe2, 0x0, 0x0, 0x8f, 0xff, 0x96,
    0x7c, 0xff, 0xd0, 0x0, 0x1f, 0xff, 0x20, 0x0,
    0xc, 0xff, 0x40, 0x0, 0x38, 0x60, 0x0, 0x0,
    0x6f, 0xf7, 0x0, 0x0, 0x0, 0x23, 0x33, 0x37,
    0xff, 0x80, 0x0, 0x19, 0xef, 0xff, 0xff, 0xff,
    0xf8, 0x0, 0x1d, 0xff, 0xff, 0xff, 0xff, 0xff,
    0x80, 0x8, 0xff, 0xb3, 0x0, 0x0, 0x5f, 0xf8,
    0x0, 0xbf, 0xf2, 0x0, 0x0, 0x8, 0xff, 0x80,
    0xa, 0xff, 0x50, 0x0, 0x3, 0xff, 0xf8, 0x0,
    0x6f, 0xff, 0x96, 0x7a, 0xfd, 0xff, 0xd6, 0x20,
    0xaf, 0xff, 0xff, 0xff, 0x2b, 0xff, 0xf7, 0x0,
    0x5b, 0xef, 0xea, 0x20, 0x2c, 0xff, 0x70,

    /* U+00E4 "ä" */
    0x0, 0x4d, 0xe6, 0x0, 0xaf, 0xc1, 0x0, 0x0,
    0xc, 0xff, 0xf0, 0x4f, 0xff, 0x80, 0x0, 0x0,
    0xbf, 0xff, 0x3, 0xff, 0xf7, 0x0, 0x0, 0x2,
    0xbc, 0x40, 0x8, 0xda, 0x0, 0x0, 0x0, 0x0,
    0x0, 0x0, 0x0, 0x0, 0x0, 0x0, 0x0, 0x4a,
    0xef, 0xfc, 0x81, 0x0, 0x0, 0x0, 0xaf, 0xff,
    0xff, 0xff, 0xe2, 0x0, 0x0, 0x8f, 0xff, 0x96,
    0x7c, 0xff, 0xd0, 0x0, 0x1f, 0xff, 0x20, 0x0,
    0xc, 0xff, 0x40, 0x0, 0x38, 0x60, 0x0, 0x0,
    0x6f, 0xf7, 0x0, 0x0, 0x0, 0x23, 0x33, 0x37,
    0xff, 0x80, 0x0, 0x19, 0xef, 0xff, 0xff, 0xff,
    0xf8, 0x0, 0x1d, 0xff, 0xff, 0xff, 0xff, 0xff,
    0x80, 0x8, 0xff, 0xb3, 0x0, 0x0, 0x5f, 0xf8,
    0x0, 0xbf, 0xf2, 0x0, 0x0, 0x8, 0xff, 0x80,
    0xa, 0xff, 0x50, 0x0, 0x3, 0xff, 0xf8, 0x0,
    0x6f, 0xff, 0x96, 0x7a, 0xfd, 0xff, 0xd6, 0x20,
    0xaf, 0xff, 0xff, 0xff, 0x2b, 0xff, 0xf7, 0x0,
    0x5b, 0xef, 0xea, 0x20, 0x2c, 0xff, 0x70,

    /* U+00E5 "å" */
    0x0, 0x0, 0x5, 0xa9, 0x30, 0x0, 0x0, 0x0,
    0x0, 0x7, 0xff, 0xff, 0x30, 0x0, 0x0, 0x0,
    0x0, 0xdf, 0x25, 0xfa, 0x0, 0x0, 0x0, 0x0,
    0xd, 0xf2, 0x5f, 0x90, 0x0, 0x0, 0x0, 0x0,
    0x6f, 0xff, 0xf3, 0x0, 0x0, 0x0, 0x0, 0x0,
    0x49, 0x92, 0x0, 0x0, 0x0, 0x0, 0x0, 0x0,
    0x0, 0x0, 0x0, 0x0, 0x0, 0x0, 0x4a, 0xef,
    0xfc, 0x81, 0x0, 0x0, 0x0, 0xaf, 0xff, 0xff,
    0xff, 0xe2, 0x0, 0x0, 0x8f, 0xff, 0x96, 0x7c,
    0xff, 0xd0, 0x0, 0x1f, 0xff, 0x20, 0x0, 0xc,
    0xff, 0x40, 0x0, 0x38, 0x60, 0x0, 0x0, 0x6f,
    0xf7, 0x0, 0x0, 0x0, 0x23, 0x33, 0x37, 0xff,
    0x80, 0x0, 0x19, 0xef, 0xff, 0xff, 0xff, 0xf8,
    0x0, 0x1d, 0xff, 0xff, 0xff, 0xff, 0xff, 0x80,
    0x8, 0xff, 0xb3, 0x0, 0x0, 0x5f, 0xf8, 0x0,
    0xbf, 0xf2, 0x0, 0x0, 0x8, 0xff, 0x80, 0xa,
    0xff, 0x50, 0x0, 0x3, 0xff, 0xf8, 0x0, 0x6f,
    0xff, 0x96, 0x7a, 0xfd, 0xff, 0xd6, 0x20, 0xaf,
    0xff, 0xff, 0xff, 0x2b, 0xff, 0xf7, 0x0, 0x5b,
    0xef, 0xea, 0x20, 0x2c, 0xff, 0x70,

    /* U+00E6 "æ" */
    0x0, 0x4, 0xae, 0xfe, 0xc6, 0x0, 0x3, 0xae,
    0xfe, 0xb4, 0x0, 0x0, 0xa, 0xff, 0xff, 0xff,
    0xfa, 0x7, 0xff, 0xff, 0xff, 0xfa, 0x0, 0xa,
    0xff, 0xe8, 0x67, 0xcf, 0xfd, 0xff, 0xd8, 0x68,
    0xef, 0xf9, 0x2, 0xff, 0xd1, 0x0, 0x0, 0xaf,
    0xff, 0xb0, 0x0, 0x1, 0xdf, 0xf2, 0x3, 0x84,
    0x0, 0x0, 0x3, 0xff, 0xf1, 0x0, 0x0, 0x5,
    0xff, 0x80, 0x0, 0x1, 0x23, 0x33, 0x4f, 0xfd,
    0x33, 0x33, 0x33, 0x4f, 0xfb, 0x1, 0x9e, 0xff,
    0xff, 0xff, 0xff, 0xff, 0xff, 0xff, 0xff, 0xff,
    0xc1, 0xdf, 0xff, 0xff, 0xff, 0xff, 0xff, 0xff,
    0xff, 0xff, 0xff, 0xfd, 0x8f, 0xfb, 0x30, 0x0,
    0x3, 0xff, 0xc0, 0x0, 0x0, 0x0, 0x0, 0xb,
    0xff, 0x20, 0x0, 0x0, 0x7f, 0xff, 0x20, 0x0,
    0x0, 0x5, 0x0, 0xbf, 0xf6, 0x0, 0x0, 0x4f,
    0xff, 0xfc, 0x10, 0x0, 0x9, 0xfc, 0x26, 0xff,
    0xfb, 0x88, 0xcf, 0xfd, 0x6f, 0xff, 0xa8, 0x9d,
    0xff, 0xd1, 0xa, 0xff, 0xff, 0xff, 0xfd, 0x20,
    0x6f, 0xff, 0xff, 0xff, 0xd2, 0x0, 0x5, 0xbe,
    0xff, 0xc7, 0x0, 0x0, 0x29, 0xdf, 0xfc, 0x70,
    0x0,

    /* U+00E7 "ç" */
    0x0, 0x0, 0x5b, 0xef, 0xec, 0x70, 0x0, 0x0,
    0x3, 0xdf, 0xff, 0xff, 0xff, 0xe3, 0x0, 0x2,
    0xef, 0xff, 0xb9, 0xae, 0xff, 0xe2, 0x0, 0xbf,
    0xfb, 0x10, 0x0, 0xa, 0xff, 0xb0, 0x2f, 0xfe,
    0x0, 0x0, 0x0, 0xe, 0xff, 0x16, 0xff, 0x80,
    0x0, 0x0, 0x0, 0x67, 0x40, 0x8f, 0xf5, 0x0,
    0x0, 0x0, 0x0, 0x0, 0x8, 0xff, 0x50, 0x0,
    0x0, 0x0, 0x0, 0x0, 0x6f, 0xf8, 0x0, 0x0,
    0x0, 0x5, 0x74, 0x2, 0xff, 0xe0, 0x0, 0x0,
    0x0, 0xdf, 0xf2, 0xc, 0xff, 0xb1, 0x0, 0x0,
    0xaf, 0xfb, 0x0, 0x2e, 0xff, 0xfa, 0x9a, 0xef,
    0xff, 0x20, 0x0, 0x3d, 0xff, 0xff, 0xff, 0xfe,
    0x30, 0x0, 0x0, 0x6, 0xbf, 0xff, 0xc7, 0x0,
    0x0, 0x0, 0x0, 0x0, 0x7f, 0x90, 0x0, 0x0,
    0x0, 0x0, 0x0, 0x9, 0xff, 0xe3, 0x0, 0x0,
    0x0, 0x0, 0x0, 0x13, 0x9f, 0xd0, 0x0, 0x0,
    0x0, 0x0, 0x40, 0x5, 0xff, 0x0, 0x0, 0x0,
    0x0, 0x3f, 0xfe, 0xff, 0xb0, 0x0, 0x0, 0x0,
    0x2, 0xae, 0xfe, 0x91, 0x0, 0x0,

    /* U+00E8 "è" */
    0x0, 0x0, 0xdf, 0xf4, 0x0, 0x0, 0x0, 0x0,
    0x0, 0x3, 0xff, 0xd0, 0x0, 0x0, 0x0, 0x0,
    0x0, 0x7, 0xff, 0x60, 0x0, 0x0, 0x0, 0x0,
    0x0, 0xb, 0xec, 0x0, 0x0, 0x0, 0x0, 0x0,
    0x0, 0x0, 0x0, 0x0, 0x0, 0x0, 0x0, 0x6,
    0xce, 0xfe, 0xa5, 0x0, 0x0, 0x0, 0x3e, 0xff,
    0xff, 0xff, 0xfb, 0x10, 0x0, 0x2f, 0xff, 0xd9,
    0x8a, 0xff, 0xfc, 0x0, 0xc, 0xff, 0x50, 0x0,
    0x0, 0xbf, 0xf6, 0x2, 0xff, 0xa0, 0x0, 0x0,
    0x1, 0xff, 0xc0, 0x6f, 0xff, 0xff, 0xff, 0xff,
    0xff, 0xfe, 0x8, 0xff, 0xff, 0xff, 0xff, 0xff,
    0xff, 0xf0, 0x8f, 0xf8, 0x33, 0x33, 0x33, 0x33,
    0x33, 0x6, 0xff, 0x90, 0x0, 0x0, 0x0, 0x0,
    0x0, 0x2f, 0xfe, 0x10, 0x0, 0x0, 0x2e, 0x60,
    0x0, 0xcf, 0xfc, 0x10, 0x0, 0x1c, 0xff, 0x60,
    0x2, 0xff, 0xfe, 0x98, 0x9e, 0xff, 0xc0, 0x0,
    0x3, 0xef, 0xff, 0xff, 0xff, 0xc1, 0x0, 0x0,
    0x0, 0x6c, 0xef, 0xeb, 0x60, 0x0, 0x0,

    /* U+00E9 "é" */
    0x0, 0x0, 0x0, 0xa, 0xff, 0x90, 0x0, 0x0,
    0x0, 0x0, 0x2, 0xff, 0xd0, 0x0, 0x0, 0x0,
    0x0, 0x0, 0xbf, 0xf2, 0x0, 0x0, 0x0, 0x0,
    0x0, 0x3e, 0xf6, 0x0, 0x0, 0x0, 0x0, 0x0,
    0x0, 0x0, 0x0, 0x0, 0x0, 0x0, 0x0, 0x6,
    0xce, 0xfe, 0xa5, 0x0, 0x0, 0x0, 0x3e, 0xff,
    0xff, 0xff, 0xfb, 0x10, 0x0, 0x2f, 0xff, 0xd9,
    0x8a, 0xff, 0xfc, 0x0, 0xc, 0xff, 0x50, 0x0,
    0x0, 0xbf, 0xf6, 0x2, 0xff, 0xa0, 0x0, 0x0,
    0x1, 0xff, 0xc0, 0x6f, 0xff, 0xff, 0xff, 0xff,
    0xff, 0xfe, 0x8, 0xff, 0xff, 0xff, 0xff, 0xff,
    0xff, 0xf0, 0x8f, 0xf8, 0x33, 0x33, 0x33, 0x33,
    0x33, 0x6, 0xff, 0x90, 0x0, 0x0, 0x0, 0x0,
    0x0, 0x2f, 0xfe, 0x10, 0x0, 0x0, 0x2e, 0x60,
    0x0, 0xcf, 0xfc, 0x10, 0x0, 0x1c, 0xff, 0x60,
    0x2, 0xff, 0xfe, 0x98, 0x9e, 0xff, 0xc0, 0x0,
    0x3, 0xef, 0xff, 0xff, 0xff, 0xc1, 0x0, 0x0,
    0x0, 0x6c, 0xef, 0xeb, 0x60, 0x0, 0x0,

    /* U+00EA "ê" */
    0x0, 0x0, 0xc, 0xff, 0xf8, 0x0, 0x0, 0x0,
    0x0, 0xb, 0xff, 0xdf, 0xf6, 0x0, 0x0, 0x0,
    0x9, 0xff, 0x70, 0xbf, 0xf4, 0x0, 0x0, 0x5,
    0xdd, 0x80, 0x0, 0xbd, 0xc1, 0x0, 0x0, 0x0,
    0x0, 0x0, 0x0, 0x0, 0x0, 0x0, 0x0, 0x6,
    0xce, 0xfe, 0xa5, 0x0, 0x0, 0x0, 0x3e, 0xff,
    0xff, 0xff, 0xfb, 0x10, 0x0, 0x2f, 0xff, 0xd9,
    0x8a, 0xff, 0xfc, 0x0, 0xc, 0xff, 0x50, 0x0,
    0x0, 0xbf, 0xf6, 0x2, 0xff, 0xa0, 0x0, 0x0,
    0x1, 0xff, 0xc0, 0x6f, 0xff, 0xff, 0xff, 0xff,
    0xff, 0xfe, 0x8, 0xff, 0xff, 0xff, 0xff, 0xff,
    0xff, 0xf0, 0x8f, 0xf8, 0x33, 0x33, 0x33, 0x33,
    0x33, 0x6, 0xff, 0x90, 0x0, 0x0, 0x0, 0x0,
    0x0, 0x2f, 0xfe, 0x10, 0x0, 0x0, 0x2e, 0x60,
    0x0, 0xcf, 0xfc, 0x10, 0x0, 0x1c, 0xff, 0x60,
    0x2, 0xff, 0xfe, 0x98, 0x9e, 0xff, 0xc0, 0x0,
    0x3, 0xef, 0xff, 0xff, 0xff, 0xc1, 0x0, 0x0,
    0x0, 0x6c, 0xef, 0xeb, 0x60, 0x0, 0x0,

    /* U+00EB "ë" */
    0x0, 0xa, 0xfc, 0x10, 0x4d, 0xe6, 0x0, 0x0,
    0x4, 0xff, 0xf7, 0xc, 0xff, 0xf0, 0x0, 0x0,
    0x4f, 0xff, 0x70, 0xcf, 0xff, 0x0, 0x0, 0x0,
    0x8d, 0x90, 0x2, 0xbc, 0x40, 0x0, 0x0, 0x0,
    0x0, 0x0, 0x0, 0x0, 0x0, 0x0, 0x0, 0x6,
    0xce, 0xfe, 0xa5, 0x0, 0x0, 0x0, 0x3e, 0xff,
    0xff, 0xff, 0xfb, 0x10, 0x0, 0x2f, 0xff, 0xd9,
    0x8a, 0xff, 0xfc, 0x0, 0xc, 0xff, 0x50, 0x0,
    0x0, 0xbf, 0xf6, 0x2, 0xff, 0xa0, 0x0, 0x0,
    0x1, 0xff, 0xc0, 0x6f, 0xff, 0xff, 0xff, 0xff,
    0xff, 0xfe, 0x8, 0xff, 0xff, 0xff, 0xff, 0xff,
    0xff, 0xf0, 0x8f, 0xf8, 0x33, 0x33, 0x33, 0x33,
    0x33, 0x6, 0xff, 0x90, 0x0, 0x0, 0x0, 0x0,
    0x0, 0x2f, 0xfe, 0x10, 0x0, 0x0, 0x2e, 0x60,
    0x0, 0xcf, 0xfc, 0x10, 0x0, 0x1c, 0xff, 0x60,
    0x2, 0xff, 0xfe, 0x98, 0x9e, 0xff, 0xc0, 0x0,
    0x3, 0xef, 0xff, 0xff, 0xff, 0xc1, 0x0, 0x0,
    0x0, 0x6c, 0xef, 0xeb, 0x60, 0x0, 0x0,

    /* U+00EC "ì" */
    0xb, 0xff, 0x80, 0x0, 0x1e, 0xff, 0x10, 0x0,
    0x4f, 0xf9, 0x0, 0x0, 0x8e, 0xe2, 0x0, 0x0,
    0x0, 0x0, 0x0, 0xef, 0xf0, 0x0, 0xe, 0xff,
    0x0, 0x0, 0xef, 0xf0, 0x0, 0xe, 0xff, 0x0,
    0x0, 0xef, 0xf0, 0x0, 0xe, 0xff, 0x0, 0x0,
    0xef, 0xf0, 0x0, 0xe, 0xff, 0x0, 0x0, 0xef,
    0xf0, 0x0, 0xe, 0xff, 0x0, 0x0, 0xef, 0xf0,
    0x0, 0xe, 0xff, 0x0, 0x0, 0xef, 0xf0, 0x0,
    0xe, 0xff, 0x0,

    /* U+00ED "í" */
    0x0, 0x6f, 0xfd, 0x0, 0xe, 0xff, 0x20, 0x7,
    0xff, 0x60, 0x0, 0xdf, 0xa0, 0x0, 0x0, 0x0,
    0x0, 0x0, 0xef, 0xf0, 0x0, 0xe, 0xff, 0x0,
    0x0, 0xef, 0xf0, 0x0, 0xe, 0xff, 0x0, 0x0,
    0xef, 0xf0, 0x0, 0xe, 0xff, 0x0, 0x0, 0xef,
    0xf0, 0x0, 0xe, 0xff, 0x0, 0x0, 0xef, 0xf0,
    0x0, 0xe, 0xff, 0x0, 0x0, 0xef, 0xf0, 0x0,
    0xe, 0xff, 0x0, 0x0, 0xef, 0xf0, 0x0, 0xe,
    0xff, 0x0, 0x0,

    /* U+00EE "î" */
    0x0, 0x9, 0xff, 0xfb, 0x0, 0x0, 0x8, 0xff,
    0xdf, 0xfb, 0x0, 0x7, 0xff, 0x90, 0x7f, 0xfa,
    0x2, 0x99, 0x70, 0x0, 0x69, 0x93, 0x0, 0x0,
    0x0, 0x0, 0x0, 0x0, 0x0, 0xe, 0xff, 0x0,
    0x0, 0x0, 0x0, 0xef, 0xf0, 0x0, 0x0, 0x0,
    0xe, 0xff, 0x0, 0x0, 0x0, 0x0, 0xef, 0xf0,
    0x0, 0x0, 0x0, 0xe, 0xff, 0x0, 0x0, 0x0,
    0x0, 0xef, 0xf0, 0x0, 0x0, 0x0, 0xe, 0xff,
    0x0, 0x0, 0x0, 0x0, 0xef, 0xf0, 0x0, 0x0,
    0x0, 0xe, 0xff, 0x0, 0x0, 0x0, 0x0, 0xef,
    0xf0, 0x0, 0x0, 0x0, 0xe, 0xff, 0x0, 0x0,
    0x0, 0x0, 0xef, 0xf0, 0x0, 0x0, 0x0, 0xe,
    0xff, 0x0, 0x0, 0x0, 0x0, 0xef, 0xf0, 0x0,
    0x0,

    /* U+00EF "ï" */
    0x7, 0xfd, 0x30, 0x1c, 0xf9, 0x1, 0xff, 0xfb,
    0x8, 0xff, 0xf3, 0xf, 0xff, 0xa0, 0x8f, 0xff,
    0x30, 0x5c, 0xb2, 0x1, 0xad, 0x70, 0x0, 0x0,
    0x0, 0x0, 0x0, 0x0, 0x0, 0xe, 0xff, 0x0,
    0x0, 0x0, 0x0, 0xef, 0xf0, 0x0, 0x0, 0x0,
    0xe, 0xff, 0x0, 0x0, 0x0, 0x0, 0xef, 0xf0,
    0x0, 0x0, 0x0, 0xe, 0xff, 0x0, 0x0, 0x0,
    0x0, 0xef, 0xf0, 0x0, 0x0, 0x0, 0xe, 0xff,
    0x0, 0x0, 0x0, 0x0, 0xef, 0xf0, 0x0, 0x0,
    0x0, 0xe, 0xff, 0x0, 0x0, 0x0, 0x0, 0xef,
    0xf0, 0x0, 0x0, 0x0, 0xe, 0xff, 0x0, 0x0,
    0x0, 0x0, 0xef, 0xf0, 0x0, 0x0, 0x0, 0xe,
    0xff, 0x0, 0x0, 0x0, 0x0, 0xef, 0xf0, 0x0,
    0x0,

    /* U+00F0 "ð" */
    0x0, 0x0, 0x0, 0x0, 0x1, 0x0, 0x0, 0x0,
    0x0, 0x0, 0xa8, 0x12, 0xf8, 0x0, 0x0, 0x0,
    0x0, 0x2f, 0xff, 0xef, 0x50, 0x0, 0x0, 0x0,
    0x3, 0xcf, 0xff, 0xe2, 0x0, 0x0, 0x0, 0x0,
    0x0, 0x8f, 0xff, 0xf3, 0x0, 0x0, 0x0, 0x0,
    0x2f, 0xf7, 0xff, 0xe2, 0x0, 0x0, 0x0, 0x0,
    0x95, 0x4, 0xff, 0xc0, 0x0, 0x0, 0x0, 0x0,
    0x0, 0x8, 0xff, 0x50, 0x0, 0x1, 0x8d, 0xff,
    0xc6, 0xe, 0xfc, 0x0, 0x4, 0xef, 0xff, 0xff,
    0xfc, 0xbf, 0xf2, 0x3, 0xff, 0xfd, 0x75, 0x7c,
    0xff, 0xff, 0x60, 0xcf, 0xf9, 0x0, 0x0, 0x6,
    0xff, 0xf9, 0x3f, 0xfd, 0x0, 0x0, 0x0, 0xa,
    0xff, 0xb6, 0xff, 0x80, 0x0, 0x0, 0x0, 0x4f,
    0xfc, 0x8f, 0xf5, 0x0, 0x0, 0x0, 0x2, 0xff,
    0xc7, 0xff, 0x60, 0x0, 0x0, 0x0, 0x2f, 0xfb,
    0x6f, 0xf8, 0x0, 0x0, 0x0, 0x5, 0xff, 0x82,
    0xff, 0xe1, 0x0, 0x0, 0x0, 0xcf, 0xf4, 0xb,
    0xff, 0xc1, 0x0, 0x0, 0x9f, 0xfd, 0x0, 0x1e,
    0xff, 0xfa, 0x9a, 0xef, 0xff, 0x30, 0x0, 0x2c,
    0xff, 0xff, 0xff, 0xfe, 0x40, 0x0, 0x0, 0x5,
    0xbe, 0xfe, 0xc7, 0x0, 0x0,

    /* U+00F1 "ñ" */
    0x0, 0x9, 0xfd, 0x40, 0xa, 0x50, 0x0, 0x0,
    0x7f, 0xff, 0xf6, 0x7f, 0xf1, 0x0, 0x0, 0xef,
    0x76, 0xff, 0xff, 0x70, 0x0, 0x0, 0x48, 0x0,
    0x3d, 0xf9, 0x0, 0x0, 0x0, 0x0, 0x0, 0x0,
    0x0, 0x0, 0x0, 0xef, 0xf0, 0x29, 0xef, 0xeb,
    0x40, 0x0, 0xef, 0xf3, 0xff, 0xff, 0xff, 0xf8,
    0x0, 0xef, 0xff, 0xe7, 0x34, 0x8f, 0xff, 0x50,
    0xef, 0xfe, 0x20, 0x0, 0x5, 0xff, 0xc0, 0xef,
    0xf7, 0x0, 0x0, 0x0, 0xef, 0xf1, 0xef, 0xf2,
    0x0, 0x0, 0x0, 0xbf, 0xf2, 0xef, 0xf0, 0x0,
    0x0, 0x0, 0xbf, 0xf3, 0xef, 0xf0, 0x0, 0x0,
    0x0, 0xbf, 0xf3, 0xef, 0xf0, 0x0, 0x0, 0x0,
    0xbf, 0xf3, 0xef, 0xf0, 0x0, 0x0, 0x0, 0xbf,
    0xf3, 0xef, 0xf0, 0x0, 0x0, 0x0, 0xbf, 0xf3,
    0xef, 0xf0, 0x0, 0x0, 0x0, 0xbf, 0xf3, 0xef,
    0xf0, 0x0, 0x0, 0x0, 0xbf, 0xf3, 0xef, 0xf0,
    0x0, 0x0, 0x0, 0xbf, 0xf3,

    /* U+00F2 "ò" */
    0x0, 0x0, 0xaf, 0xf9, 0x0, 0x0, 0x0, 0x0,
    0x0, 0x0, 0xdf, 0xf2, 0x0, 0x0, 0x0, 0x0,
    0x0, 0x3, 0xff, 0xa0, 0x0, 0x0, 0x0, 0x0,
    0x0, 0x7, 0xee, 0x20, 0x0, 0x0, 0x0, 0x0,
    0x0, 0x0, 0x0, 0x0, 0x0, 0x0, 0x0, 0x5,
    0xbe, 0xfe, 0xc7, 0x10, 0x0, 0x0, 0x3d, 0xff,
    0xff, 0xff, 0xfe, 0x50, 0x0, 0x2e, 0xff, 0xfa,
    0x9a, 0xef, 0xff, 0x40, 0xb, 0xff, 0xb1, 0x0,
    0x0, 0x9f, 0xfe, 0x2, 0xff, 0xe0, 0x0, 0x0,
    0x0, 0xbf, 0xf6, 0x6f, 0xf8, 0x0, 0x0, 0x0,
    0x5, 0xff, 0x98, 0xff, 0x50, 0x0, 0x0, 0x0,
    0x2f, 0xfb, 0x8f, 0xf5, 0x0, 0x0, 0x0, 0x2,
    0xff, 0xb6, 0xff, 0x80, 0x0, 0x0, 0x0, 0x4f,
    0xf9, 0x2f, 0xfe, 0x0, 0x0, 0x0, 0xb, 0xff,
    0x60, 0xcf, 0xfb, 0x10, 0x0, 0x8, 0xff, 0xe0,
    0x2, 0xef, 0xff, 0xa9, 0xae, 0xff, 0xf4, 0x0,
    0x3, 0xdf, 0xff, 0xff, 0xff, 0xe5, 0x0, 0x0,
    0x0, 0x6b, 0xef, 0xec, 0x71, 0x0, 0x0,

    /* U+00F3 "ó" */
    0x0, 0x0, 0x0, 0x5, 0xff, 0xd0, 0x0, 0x0,
    0x0, 0x0, 0x0, 0xdf, 0xf2, 0x0, 0x0, 0x0,
    0x0, 0x0, 0x6f, 0xf7, 0x0, 0x0, 0x0, 0x0,
    0x0, 0xd, 0xfb, 0x0, 0x0, 0x0, 0x0, 0x0,
    0x0, 0x0, 0x0, 0x0, 0x0, 0x0, 0x0, 0x5,
    0xbe, 0xfe, 0xc7, 0x10, 0x0, 0x0, 0x3d, 0xff,
    0xff, 0xff, 0xfe, 0x50, 0x0, 0x2e, 0xff, 0xfa,
    0x9a, 0xef, 0xff, 0x40, 0xb, 0xff, 0xb1, 0x0,
    0x0, 0x9f, 0xfe, 0x2, 0xff, 0xe0, 0x0, 0x0,
    0x0, 0xbf, 0xf6, 0x6f, 0xf8, 0x0, 0x0, 0x0,
    0x5, 0xff, 0x98, 0xff, 0x50, 0x0, 0x0, 0x0,
    0x2f, 0xfb, 0x8f, 0xf5, 0x0, 0x0, 0x0, 0x2,
    0xff, 0xb6, 0xff, 0x80, 0x0, 0x0, 0x0, 0x4f,
    0xf9, 0x2f, 0xfe, 0x0, 0x0, 0x0, 0xb, 0xff,
    0x60, 0xcf, 0xfb, 0x10, 0x0, 0x8, 0xff, 0xe0,
    0x2, 0xef, 0xff, 0xa9, 0xae, 0xff, 0xf4, 0x0,
    0x3, 0xdf, 0xff, 0xff, 0xff, 0xe5, 0x0, 0x0,
    0x0, 0x6b, 0xef, 0xec, 0x71, 0x0, 0x0,

    /* U+00F4 "ô" */
    0x0, 0x0, 0x9, 0xff, 0xfb, 0x0, 0x0, 0x0,
    0x0, 0x7, 0xff, 0xdf, 0xfa, 0x0, 0x0, 0x0,
    0x5, 0xff, 0xb0, 0x8f, 0xf8, 0x0, 0x0, 0x2,
    0xcd, 0xb0, 0x0, 0x9d, 0xc4, 0x0, 0x0, 0x0,
    0x0, 0x0, 0x0, 0x0, 0x0, 0x0, 0x0, 0x5,
    0xbe, 0xfe, 0xc7, 0x10, 0x0, 0x0, 0x3d, 0xff,
    0xff, 0xff, 0xfe, 0x50, 0x0, 0x2e, 0xff, 0xfa,
    0x9a, 0xef, 0xff, 0x40, 0xb, 0xff, 0xb1, 0x0,
    0x0, 0x9f, 0xfe, 0x2, 0xff, 0xe0, 0x0, 0x0,
    0x0, 0xbf, 0xf6, 0x6f, 0xf8, 0x0, 0x0, 0x0,
    0x5, 0xff, 0x98, 0xff, 0x50, 0x0, 0x0, 0x0,
    0x2f, 0xfb, 0x8f, 0xf5, 0x0, 0x0, 0x0, 0x2,
    0xff, 0xb6, 0xff, 0x80, 0x0, 0x0, 0x0, 0x4f,
    0xf9, 0x2f, 0xfe, 0x0, 0x0, 0x0, 0xb, 0xff,
    0x60, 0xcf, 0xfb, 0x10, 0x0, 0x8, 0xff, 0xe0,
    0x2, 0xef, 0xff, 0xa9, 0xae, 0xff, 0xf4, 0x0,
    0x3, 0xdf, 0xff, 0xff, 0xff, 0xe5, 0x0, 0x0,
    0x0, 0x6b, 0xef, 0xec, 0x71, 0x0, 0x0,

    /* U+00F5 "õ" */
    0x0, 0x0, 0x8f, 0xd4, 0x0, 0x96, 0x0, 0x0,
    0x0, 0x6f, 0xff, 0xf7, 0x6f, 0xf1, 0x0, 0x0,
    0xe, 0xf8, 0x5f, 0xff, 0xf8, 0x0, 0x0, 0x0,
    0x49, 0x0, 0x3c, 0xf9, 0x0, 0x0, 0x0, 0x0,
    0x0, 0x0, 0x0, 0x0, 0x0, 0x0, 0x0, 0x5,
    0xbe, 0xfe, 0xc7, 0x10, 0x0, 0x0, 0x3d, 0xff,
    0xff, 0xff, 0xfe, 0x50, 0x0, 0x2e, 0xff, 0xfa,
    0x9a, 0xef, 0xff, 0x40, 0xb, 0xff, 0xb1, 0x0,
    0x0, 0x9f, 0xfe, 0x2, 0xff, 0xe0, 0x0, 0x0,
    0x0, 0xbf, 0xf6, 0x6f, 0xf8, 0x0, 0x0, 0x0,
    0x5, 0xff, 0x98, 0xff, 0x50, 0x0, 0x0, 0x0,
    0x2f, 0xfb, 0x8f, 0xf5, 0x0, 0x0, 0x0, 0x2,
    0xff, 0xb6, 0xff, 0x80, 0x0, 0x0, 0x0, 0x4f,
    0xf9, 0x2f, 0xfe, 0x0, 0x0, 0x0, 0xb, 0xff,
    0x60, 0xcf, 0xfb, 0x10, 0x0, 0x8, 0xff, 0xe0,
    0x2, 0xef, 0xff, 0xa9, 0xae, 0xff, 0xf4, 0x0,
    0x3, 0xdf, 0xff, 0xff, 0xff, 0xe5, 0x0, 0x0,
    0x0, 0x6b, 0xef, 0xec, 0x71, 0x0, 0x0,

    /* U+00F6 "ö" */
    0x0, 0x7, 0xed, 0x30, 0x1c, 0xf9, 0x0, 0x0,
    0x1, 0xff, 0xfb, 0x8, 0xff, 0xf3, 0x0, 0x0,
    0xf, 0xff, 0xb0, 0x8f, 0xff, 0x30, 0x0, 0x0,
    0x5c, 0xb2, 0x1, 0xad, 0x70, 0x0, 0x0, 0x0,
    0x0, 0x0, 0x0, 0x0, 0x0, 0x0, 0x0, 0x5,
    0xbe, 0xfe, 0xc7, 0x10, 0x0, 0x0, 0x3d, 0xff,
    0xff, 0xff, 0xfe, 0x50, 0x0, 0x2e, 0xff, 0xfa,
    0x9a, 0xef, 0xff, 0x40, 0xb, 0xff, 0xb1, 0x0,
    0x0, 0x9f, 0xfe, 0x2, 0xff, 0xe0, 0x0, 0x0,
    0x0, 0xbf, 0xf6, 0x6f, 0xf8, 0x0, 0x0, 0x0,
    0x5, 0xff, 0x98, 0xff, 0x50, 0x0, 0x0, 0x0,
    0x2f, 0xfb, 0x8f, 0xf5, 0x0, 0x0, 0x0, 0x2,
    0xff, 0xb6, 0xff, 0x80, 0x0, 0x0, 0x0, 0x4f,
    0xf9, 0x2f, 0xfe, 0x0, 0x0, 0x0, 0xb, 0xff,
    0x60, 0xcf, 0xfb, 0x10, 0x0, 0x8, 0xff, 0xe0,
    0x2, 0xef, 0xff, 0xa9, 0xae, 0xff, 0xf4, 0x0,
    0x3, 0xdf, 0xff, 0xff, 0xff, 0xe5, 0x0, 0x0,
    0x0, 0x6b, 0xef, 0xec, 0x71, 0x0, 0x0,

    /* U+00F7 "÷" */
    0x0, 0x0, 0x9, 0xfc, 0x20, 0x0, 0x0, 0x0,
    0x5, 0xff, 0xfa, 0x0, 0x0, 0x0, 0x0, 0x5f,
    0xff, 0xb0, 0x0, 0x0, 0x0, 0x0, 0xcf, 0xf3,
    0x0, 0x0, 0x0, 0x0, 0x0, 0x20, 0x0, 0x0,
    0x0, 0x0, 0x0, 0x0, 0x0, 0x0, 0x0, 0x2f,
    0xff, 0xff, 0xff, 0xff, 0xff, 0x82, 0xff, 0xff,
    0xff, 0xff, 0xff, 0xf8, 0x19, 0x99, 0x99, 0x99,
    0x99, 0x99, 0x50, 0x0, 0x0, 0x2, 0x0, 0x0,
    0x0, 0x0, 0x0, 0xc, 0xfe, 0x30, 0x0, 0x0,
    0x0, 0x5, 0xff, 0xfb, 0x0, 0x0, 0x0, 0x0,
    0x5f, 0xff, 0xa0, 0x0, 0x0, 0x0, 0x0, 0x9f,
    0xc2, 0x0, 0x0,

    /* U+00F8 "ø" */
    0x0, 0x0, 0x0, 0x0, 0x0, 0x1, 0x0, 0x0,
    0x0, 0x0, 0x0, 0x0, 0x0, 0xad, 0x30, 0x0,
    0x0, 0x5b, 0xef, 0xec, 0xcf, 0xf1, 0x0, 0x3,
    0xdf, 0xff, 0xff, 0xff, 0xfb, 0x0, 0x2, 0xef,
    0xff, 0xa9, 0xaf, 0xff, 0xf4, 0x0, 0xbf, 0xfb,
    0x10, 0x4, 0xff, 0xff, 0xe0, 0x2f, 0xfe, 0x0,
    0x0, 0xdf, 0x7b, 0xff, 0x66, 0xff, 0x80, 0x0,
    0x9f, 0xc0, 0x5f, 0xf9, 0x8f, 0xf5, 0x0, 0x3f,
    0xf2, 0x2, 0xff, 0xb8, 0xff, 0x50, 0xd, 0xf8,
    0x0, 0x2f, 0xfb, 0x6f, 0xf8, 0x8, 0xfd, 0x0,
    0x4, 0xff, 0x92, 0xff, 0xe3, 0xff, 0x30, 0x0,
    0xbf, 0xf6, 0xc, 0xff, 0xff, 0x80, 0x0, 0x8f,
    0xfe, 0x0, 0x2e, 0xff, 0xfb, 0x9a, 0xef, 0xff,
    0x40, 0x0, 0x5f, 0xff, 0xff, 0xff, 0xfe, 0x50,
    0x0, 0xc, 0xff, 0xbe, 0xfe, 0xc7, 0x10, 0x0,
    0x1, 0xde, 0x0, 0x0, 0x0, 0x0, 0x0, 0x0,
    0x0, 0x20, 0x0, 0x0, 0x0, 0x0, 0x0,

    /* U+00F9 "ù" */
    0x0, 0x0, 0xbf, 0xf8, 0x0, 0x0, 0x0, 0x0,
    0x0, 0x1, 0xef, 0xf1, 0x0, 0x0, 0x0, 0x0,
    0x0, 0x4, 0xff, 0x90, 0x0, 0x0, 0x0, 0x0,
    0x0, 0x8, 0xee, 0x10, 0x0, 0x0, 0x0, 0x0,
    0x0, 0x0, 0x0, 0x0, 0x0, 0x0, 0xff, 0xe0,
    0x0, 0x0, 0x0, 0xdf, 0xf1, 0xf, 0xfe, 0x0,
    0x0, 0x0, 0xd, 0xff, 0x10, 0xff, 0xe0, 0x0,
    0x0, 0x0, 0xdf, 0xf1, 0xf, 0xfe, 0x0, 0x0,
    0x0, 0xd, 0xff, 0x10, 0xff, 0xe0, 0x0, 0x0,
    0x0, 0xdf, 0xf1, 0xf, 0xfe, 0x0, 0x0, 0x0,
    0xd, 0xff, 0x10, 0xff, 0xe0, 0x0, 0x0, 0x0,
    0xdf, 0xf1, 0xf, 0xfe, 0x0, 0x0, 0x0, 0xd,
    0xff, 0x10, 0xff, 0xe0, 0x0, 0x0, 0x0, 0xff,
    0xf1, 0xe, 0xff, 0x10, 0x0, 0x0, 0x5f, 0xff,
    0x10, 0x9f, 0xfa, 0x0, 0x0, 0x2e, 0xff, 0xf1,
    0x3, 0xff, 0xfd, 0x87, 0xaf, 0xee, 0xff, 0x10,
    0x6, 0xff, 0xff, 0xff, 0xf3, 0xcf, 0xf1, 0x0,
    0x3, 0xae, 0xfe, 0xa2, 0xc, 0xff, 0x10,

    /* U+00FA "ú" */
    0x0, 0x0, 0x0, 0x7, 0xff, 0xc0, 0x0, 0x0,
    0x0, 0x0, 0x0, 0xef, 0xf2, 0x0, 0x0, 0x0,
    0x0, 0x0, 0x8f, 0xf5, 0x0, 0x0, 0x0, 0x0,
    0x0, 0x1e, 0xf9, 0x0, 0x0, 0x0, 0x0, 0x0,
    0x0, 0x0, 0x0, 0x0, 0x0, 0x0, 0xff, 0xe0,
    0x0, 0x0, 0x0, 0xdf, 0xf1, 0xf, 0xfe, 0x0,
    0x0, 0x0, 0xd, 0xff, 0x10, 0xff, 0xe0, 0x0,
    0x0, 0x0, 0xdf, 0xf1, 0xf, 0xfe, 0x0, 0x0,
    0x0, 0xd, 0xff, 0x10, 0xff, 0xe0, 0x0, 0x0,
    0x0, 0xdf, 0xf1, 0xf, 0xfe, 0x0, 0x0, 0x0,
    0xd, 0xff, 0x10, 0xff, 0xe0, 0x0, 0x0, 0x0,
    0xdf, 0xf1, 0xf, 0xfe, 0x0, 0x0, 0x0, 0xd,
    0xff, 0x10, 0xff, 0xe0, 0x0, 0x0, 0x0, 0xff,
    0xf1, 0xe, 0xff, 0x10, 0x0, 0x0, 0x5f, 0xff,
    0x10, 0x9f, 0xfa, 0x0, 0x0, 0x2e, 0xff, 0xf1,
    0x3, 0xff, 0xfd, 0x87, 0xaf, 0xee, 0xff, 0x10,
    0x6, 0xff, 0xff, 0xff, 0xf3, 0xcf, 0xf1, 0x0,
    0x3, 0xae, 0xfe, 0xa2, 0xc, 0xff, 0x10,

    /* U+00FB "û" */
    0x0, 0x0, 0xa, 0xff, 0xfb, 0x0, 0x0, 0x0,
    0x0, 0x9, 0xff, 0xdf, 0xfa, 0x0, 0x0, 0x0,
    0x8, 0xff, 0x80, 0x8f, 0xf9, 0x0, 0x0, 0x2,
    0x99, 0x70, 0x0, 0x69, 0x93, 0x0, 0x0, 0x0,
    0x0, 0x0, 0x0, 0x0, 0x0, 0x0, 0xff, 0xe0,
    0x0, 0x0, 0x0, 0xdf, 0xf1, 0xf, 0xfe, 0x0,
    0x0, 0x0, 0xd, 0xff, 0x10, 0xff, 0xe0, 0x0,
    0x0, 0x0, 0xdf, 0xf1, 0xf, 0xfe, 0x0, 0x0,
    0x0, 0xd, 0xff, 0x10, 0xff, 0xe0, 0x0, 0x0,
    0x0, 0xdf, 0xf1, 0xf, 0xfe, 0x0, 0x0, 0x0,
    0xd, 0xff, 0x10, 0xff, 0xe0, 0x0, 0x0, 0x0,
    0xdf, 0xf1, 0xf, 0xfe, 0x0, 0x0, 0x0, 0xd,
    0xff, 0x10, 0xff, 0xe0, 0x0, 0x0, 0x0, 0xff,
    0xf1, 0xe, 0xff, 0x10, 0x0, 0x0, 0x5f, 0xff,
    0x10, 0x9f, 0xfa, 0x0, 0x0, 0x2e, 0xff, 0xf1,
    0x3, 0xff, 0xfd, 0x87, 0xaf, 0xee, 0xff, 0x10,
    0x6, 0xff, 0xff, 0xff, 0xf3, 0xcf, 0xf1, 0x0,
    0x3, 0xae, 0xfe, 0xa2, 0xc, 0xff, 0x10,

    /* U+00FC "ü" */
    0x0, 0x8, 0xfd, 0x20, 0x2c, 0xf8, 0x0, 0x0,
    0x1, 0xff, 0xfa, 0x9, 0xff, 0xf2, 0x0, 0x0,
    0x1f, 0xff, 0xa0, 0x8f, 0xff, 0x20, 0x0, 0x0,
    0x6c, 0xb1, 0x1, 0xad, 0x60, 0x0, 0x0, 0x0,
    0x0, 0x0, 0x0, 0x0, 0x0, 0x0, 0xff, 0xe0,
    0x0, 0x0, 0x0, 0xdf, 0xf1, 0xf, 0xfe, 0x0,
    0x0, 0x0, 0xd, 0xff, 0x10, 0xff, 0xe0, 0x0,
    0x0, 0x0, 0xdf, 0xf1, 0xf, 0xfe, 0x0, 0x0,
    0x0, 0xd, 0xff, 0x10, 0xff, 0xe0, 0x0, 0x0,
    0x0, 0xdf, 0xf1, 0xf, 0xfe, 0x0, 0x0, 0x0,
    0xd, 0xff, 0x10, 0xff, 0xe0, 0x0, 0x0, 0x0,
    0xdf, 0xf1, 0xf, 0xfe, 0x0, 0x0, 0x0, 0xd,
    0xff, 0x10, 0xff, 0xe0, 0x0, 0x0, 0x0, 0xff,
    0xf1, 0xe, 0xff, 0x10, 0x0, 0x0, 0x5f, 0xff,
    0x10, 0x9f, 0xfa, 0x0, 0x0, 0x2e, 0xff, 0xf1,
    0x3, 0xff, 0xfd, 0x87, 0xaf, 0xee, 0xff, 0x10,
    0x6, 0xff, 0xff, 0xff, 0xf3, 0xcf, 0xf1, 0x0,
    0x3, 0xae, 0xfe, 0xa2, 0xc, 0xff, 0x10,

    /* U+00FD "ý" */
    0x0, 0x0, 0x0, 0x6, 0xff, 0xc0, 0x0, 0x0,
    0x0, 0x0, 0x0, 0xef, 0xf2, 0x0, 0x0, 0x0,
    0x0, 0x0, 0x7f, 0xf6, 0x0, 0x0, 0x0, 0x0,
    0x0, 0xe, 0xfa, 0x0, 0x0, 0x0, 0x0, 0x0,
    0x0, 0x0, 0x0, 0x0, 0x0, 0x0, 0xff, 0xe0,
    0x0, 0x0, 0x0, 0xdf, 0xf1, 0xf, 0xfe, 0x0,
    0x0, 0x0, 0xd, 0xff, 0x10, 0xff, 0xe0, 0x0,
    0x0, 0x0, 0xdf, 0xf1, 0xf, 0xfe, 0x0, 0x0,
    0x0, 0xd, 0xff, 0x10, 0xff, 0xe0, 0x0, 0x0,
    0x0, 0xdf, 0xf1, 0xf, 0xfe, 0x0, 0x0, 0x0,
    0xd, 0xff, 0x10, 0xff, 0xe0, 0x0, 0x0, 0x0,
    0xdf, 0xf1, 0xf, 0xfe, 0x0, 0x0, 0x0, 0xd,
    0xff, 0x10, 0xff, 0xe0, 0x0, 0x0, 0x0, 0xff,
    0xf1, 0xe, 0xff, 0x10, 0x0, 0x0, 0x5f, 0xff,
    0x10, 0xaf, 0xfa, 0x0, 0x0, 0x2e, 0xff, 0xf1,
    0x3, 0xff, 0xfd, 0x87, 0xaf, 0xef, 0xff, 0x10,
    0x6, 0xff, 0xff, 0xff, 0xf3, 0xcf, 0xf1, 0x0,
    0x3, 0xae, 0xfe, 0xa2, 0xc, 0xff, 0x10, 0x0,
    0x0, 0x0, 0x0, 0x0, 0xcf, 0xf1, 0x0, 0x0,
    0x0, 0x0, 0x0, 0xc, 0xff, 0x10, 0x0, 0x0,
    0x0, 0x0, 0x0, 0xdf, 0xf1, 0x0, 0x27, 0x77,
    0x77, 0x77, 0x8f, 0xff, 0x0, 0x4, 0xff, 0xff,
    0xff, 0xff, 0xff, 0xb0, 0x0, 0x4f, 0xff, 0xff,
    0xff, 0xff, 0xb1, 0x0,

    /* U+00FE "þ" */
    0xef, 0xf0, 0x0, 0x0, 0x0, 0x0, 0x0, 0xe,
    0xff, 0x0, 0x0, 0x0, 0x0, 0x0, 0x0, 0xef,
    0xf0, 0x0, 0x0, 0x0, 0x0, 0x0, 0xe, 0xff,
    0x0, 0x0, 0x0, 0x0, 0x0, 0x0, 0xef, 0xf0,
    0x0, 0x0, 0x0, 0x0, 0x0, 0xe, 0xff, 0x0,
    0x4c, 0xef, 0xd7, 0x10, 0x0, 0xef, 0xf0, 0x8f,
    0xff, 0xff, 0xfe, 0x30, 0xe, 0xff, 0x4f, 0xd9,
    0x8a, 0xff, 0xff, 0x20, 0xef, 0xff, 0x70, 0x0,
    0x1, 0xcf, 0xfb, 0xe, 0xff, 0x90, 0x0, 0x0,
    0x1, 0xef, 0xf1, 0xef, 0xf2, 0x0, 0x0, 0x0,
    0x9, 0xff, 0x5e, 0xff, 0x0, 0x0, 0x0, 0x0,
    0x7f, 0xf6, 0xef, 0xf0, 0x0, 0x0, 0x0, 0x7,
    0xff, 0x6e, 0xff, 0x20, 0x0, 0x0, 0x0, 0x9f,
    0xf5, 0xef, 0xf8, 0x0, 0x0, 0x0, 0x1e, 0xff,
    0x2e, 0xff, 0xf6, 0x0, 0x0, 0x1c, 0xff, 0xb0,
    0xef, 0xff, 0xfd, 0x88, 0xaf, 0xff, 0xf2, 0xe,
    0xff, 0xff, 0xff, 0xff, 0xff, 0xe4, 0x0, 0xef,
    0xf1, 0x7c, 0xef, 0xfd, 0x81, 0x0, 0xe, 0xff,
    0x0, 0x0, 0x0, 0x0, 0x0, 0x0, 0xef, 0xf0,
    0x0, 0x0, 0x0, 0x0, 0x0, 0xe, 0xff, 0x0,
    0x0, 0x0, 0x0, 0x0, 0x0, 0xef, 0xf0, 0x0,
    0x0, 0x0, 0x0, 0x0, 0xe, 0xff, 0x0, 0x0,
    0x0, 0x0, 0x0, 0x0, 0xef, 0xf0, 0x0, 0x0,
    0x0, 0x0, 0x0, 0x0,

    /* U+00FF "ÿ" */
    0x0, 0x8, 0xfd, 0x20, 0x2c, 0xf8, 0x0, 0x0,
    0x1, 0xff, 0xfa, 0x9, 0xff, 0xf2, 0x0, 0x0,
    0x1f, 0xff, 0xa0, 0x8f, 0xff, 0x20, 0x0, 0x0,
    0x6c, 0xb1, 0x1, 0xad, 0x60, 0x0, 0x0, 0x0,
    0x0, 0x0, 0x0, 0x0, 0x0, 0x0, 0xff, 0xe0,
    0x0, 0x0, 0x0, 0xdf, 0xf1, 0xf, 0xfe, 0x0,
    0x0, 0x0, 0xd, 0xff, 0x10, 0xff, 0xe0, 0x0,
    0x0, 0x0, 0xdf, 0xf1, 0xf, 0xfe, 0x0, 0x0,
    0x0, 0xd, 0xff, 0x10, 0xff, 0xe0, 0x0, 0x0,
    0x0, 0xdf, 0xf1, 0xf, 0xfe, 0x0, 0x0, 0x0,
    0xd, 0xff, 0x10, 0xff, 0xe0, 0x0, 0x0, 0x0,
    0xdf, 0xf1, 0xf, 0xfe, 0x0, 0x0, 0x0, 0xd,
    0xff, 0x10, 0xff, 0xe0, 0x0, 0x0, 0x0, 0xff,
    0xf1, 0xe, 0xff, 0x10, 0x0, 0x0, 0x5f, 0xff,
    0x10, 0xaf, 0xfa, 0x0, 0x0, 0x2e, 0xff, 0xf1,
    0x3, 0xff, 0xfd, 0x87, 0xaf, 0xef, 0xff, 0x10,
    0x6, 0xff, 0xff, 0xff, 0xf3, 0xcf, 0xf1, 0x0,
    0x3, 0xae, 0xfe, 0xa2, 0xc, 0xff, 0x10, 0x0,
    0x0, 0x0, 0x0, 0x0, 0xcf, 0xf1, 0x0, 0x0,
    0x0, 0x0, 0x0, 0xc, 0xff, 0x10, 0x0, 0x0,
    0x0, 0x0, 0x0, 0xdf, 0xf1, 0x0, 0x27, 0x77,
    0x77, 0x77, 0x8f, 0xff, 0x0, 0x4, 0xff, 0xff,
    0xff, 0xff, 0xff, 0xb0, 0x0, 0x4f, 0xff, 0xff,
    0xff, 0xff, 0xb1, 0x0,

    /* U+2022 "•" */
    0x0, 0x2, 0x31, 0x0, 0x0, 0x1c, 0xff, 0xf8,
    0x0, 0xd, 0xff, 0xff, 0xf7, 0x3, 0xff, 0xff,
    0xff, 0xe0, 0x5f, 0xff, 0xff, 0xff, 0x2, 0xff,
    0xff, 0xff, 0xd0, 0xa, 0xff, 0xff, 0xf5, 0x0,
    0x8, 0xef, 0xc4, 0x0,

    /* U+F001 "" */
    0x0, 0x0, 0x0, 0x0, 0x0, 0x0, 0x0, 0x0,
    0x0, 0x0, 0x0, 0x0, 0x1, 0x30, 0x0, 0x0,
    0x0, 0x0, 0x0, 0x0, 0x0, 0x0, 0x0, 0x0,
    0x0, 0x38, 0xdf, 0xf9, 0x0, 0x0, 0x0, 0x0,
    0x0, 0x0, 0x0, 0x0, 0x0, 0x15, 0xae, 0xff,
    0xff, 0xff, 0x0, 0x0, 0x0, 0x0, 0x0, 0x0,
    0x0, 0x2, 0x7c, 0xff, 0xff, 0xff, 0xff, 0xff,
    0x0, 0x0, 0x0, 0x0, 0x0, 0x0, 0x49, 0xef,
    0xff, 0xff, 0xff, 0xff, 0xff, 0xff, 0x0, 0x0,
    0x0, 0x0, 0x16, 0xbf, 0xff, 0xff, 0xff, 0xff,
    0xff, 0xff, 0xff, 0xff, 0x0, 0x0, 0x0, 0x8,
    0xff, 0xff, 0xff, 0xff, 0xff, 0xff, 0xff, 0xff,
    0xff, 0xff, 0x0, 0x0, 0x0, 0xf, 0xff, 0xff,
    0xff, 0xff, 0xff, 0xff, 0xff, 0xff, 0xff, 0xff,
    0x0, 0x0, 0x0, 0xf, 0xff, 0xff, 0xff, 0xff,
    0xff, 0xff, 0xff, 0xe9, 0xbf, 0xff, 0x0, 0x0,
    0x0, 0xf, 0xff, 0xff, 0xff, 0xff, 0xff, 0xfc,
    0x73, 0x0, 0x8f, 0xff, 0x0, 0x0, 0x0, 0xf,
    0xff, 0xff, 0xff, 0xfe, 0xa5, 0x10, 0x0, 0x0,
    0x8f, 0xff, 0x0, 0x0, 0x0, 0xf, 0xff, 0xff,
    0xd8, 0x40, 0x0, 0x0, 0x0, 0x0, 0x8f, 0xff,
    0x0, 0x0, 0x0, 0xf, 0xff, 0xa2, 0x0, 0x0,
    0x0, 0x0, 0x0, 0x0, 0x8f, 0xff, 0x0, 0x0,
    0x0, 0xf, 0xff, 0x80, 0x0, 0x0, 0x0, 0x0,
    0x0, 0x0, 0x8f, 0xff, 0x0, 0x0, 0x0, 0xf,
    0xff, 0x80, 0x0, 0x0, 0x0, 0x0, 0x0, 0x0,
    0x8f, 0xff, 0x0, 0x0, 0x0, 0xf, 0xff, 0x80,
    0x0, 0x0, 0x0, 0x0, 0x0, 0x0, 0x8f, 0xff,
    0x0, 0x0, 0x0, 0xf, 0xff, 0x80, 0x0, 0x0,
    0x0, 0x0, 0x0, 0x0, 0x8f, 0xff, 0x0, 0x0,
    0x0, 0xf, 0xff, 0x80, 0x0, 0x0, 0x0, 0x0,
    0x0, 0x0, 0x8f, 0xff, 0x0, 0x0, 0x0, 0xf,
    0xff, 0x80, 0x0, 0x0, 0x0, 0x1, 0x7a, 0xca,
    0xcf, 0xff, 0x0, 0x0, 0x0, 0xf, 0xff, 0x80,
    0x0, 0x0, 0x0, 0x5f, 0xff, 0xff, 0xff, 0xff,
    0x0, 0x0, 0x0, 0xf, 0xff, 0x80, 0x0, 0x0,
    0x2, 0xff, 0xff, 0xff, 0xff, 0xff, 0x0, 0x1,
    0x33, 0x1f, 0xff, 0x80, 0x0, 0x0, 0x7, 0xff,
    0xff, 0xff, 0xff, 0xff, 0x3, 0xcf, 0xff, 0xff,
    0xff, 0x80, 0x0, 0x0, 0x5, 0xff, 0xff, 0xff,
    0xff, 0xfd, 0x5f, 0xff, 0xff, 0xff, 0xff, 0x80,
    0x0, 0x0, 0x0, 0xbf, 0xff, 0xff, 0xff, 0xf4,
    0xdf, 0xff, 0xff, 0xff, 0xff, 0x80, 0x0, 0x0,
    0x0, 0x7, 0xef, 0xff, 0xfb, 0x20, 0xff, 0xff,
    0xff, 0xff, 0xff, 0x70, 0x0, 0x0, 0x0, 0x0,
    0x1, 0x32, 0x0, 0x0, 0xaf, 0xff, 0xff, 0xff,
    0xff, 0x20, 0x0, 0x0, 0x0, 0x0, 0x0, 0x0,
    0x0, 0x0, 0xa, 0xff, 0xff, 0xff, 0xe4, 0x0,
    0x0, 0x0, 0x0, 0x0, 0x0, 0x0, 0x0, 0x0,
    0x0, 0x27, 0xaa, 0x95, 0x0, 0x0, 0x0, 0x0,
    0x0, 0x0, 0x0, 0x0, 0x0, 0x0,

    /* U+F008 "" */
    0x9b, 0x0, 0xc, 0xff, 0xff, 0xff, 0xff, 0xff,
    0xff, 0xff, 0xff, 0xb0, 0x0, 0xb9, 0xfe, 0x44,
    0x4e, 0xff, 0xff, 0xff, 0xff, 0xff, 0xff, 0xff,
    0xff, 0xe4, 0x44, 0xef, 0xff, 0xff, 0xff, 0xff,
    0xaa, 0xaa, 0xaa, 0xaa, 0xaa, 0xaa, 0xff, 0xff,
    0xff, 0xff, 0xff, 0x88, 0x8f, 0xfd, 0x0, 0x0,
    0x0, 0x0, 0x0, 0x0, 0xef, 0xf8, 0x88, 0xff,
    0xfc, 0x0, 0xc, 0xfd, 0x0, 0x0, 0x0, 0x0,
    0x0, 0x0, 0xef, 0xb0, 0x0, 0xcf, 0xfc, 0x0,
    0xc, 0xfd, 0x0, 0x0, 0x0, 0x0, 0x0, 0x0,
    0xef, 0xb0, 0x0, 0xcf, 0xfd, 0x0, 0xd, 0xfd,
    0x0, 0x0, 0x0, 0x0, 0x0, 0x0, 0xef, 0xd0,
    0x0, 0xdf, 0xff, 0xff, 0xff, 0xfd, 0x0, 0x0,
    0x0, 0x0, 0x0, 0x0, 0xef, 0xff, 0xff, 0xff,
    0xff, 0xcc, 0xcf, 0xfe, 0x0, 0x0, 0x0, 0x0,
    0x0, 0x0, 0xef, 0xfc, 0xcc, 0xff, 0xfc, 0x0,
    0xc, 0xff, 0xdd, 0xdd, 0xdd, 0xdd, 0xdd, 0xdd,
    0xff, 0xc0, 0x0, 0xcf, 0xfc, 0x0, 0xc, 0xff,
    0xff, 0xff, 0xff, 0xff, 0xff, 0xff, 0xff, 0xb0,
    0x0, 0xcf, 0xfc, 0x0, 0xc, 0xff, 0xdd, 0xdd,
    0xdd, 0xdd, 0xdd, 0xdd, 0xff, 0xc0, 0x0, 0xcf,
    0xff, 0xcc, 0xcf, 0xfe, 0x0, 0x0, 0x0, 0x0,
    0x0, 0x0, 0xef, 0xfc, 0xcc, 0xff, 0xff, 0xff,
    0xff, 0xfd, 0x0, 0x0, 0x0, 0x0, 0x0, 0x0,
    0xef, 0xff, 0xff, 0xff, 0xfd, 0x0, 0xd, 0xfd,
    0x0, 0x0, 0x0, 0x0, 0x0, 0x0, 0xef, 0xd0,
    0x0, 0xdf, 0xfc, 0x0, 0xc, 0xfd, 0x0, 0x0,
    0x0, 0x0, 0x0, 0x0, 0xef, 0xb0, 0x0, 0xcf,
    0xfc, 0x0, 0xc, 0xfd, 0x0, 0x0, 0x0, 0x0,
    0x0, 0x0, 0xef, 0xb0, 0x0, 0xcf, 0xff, 0x88,
    0x8f, 0xfd, 0x0, 0x0, 0x0, 0x0, 0x0, 0x0,
    0xef, 0xf8, 0x88, 0xff, 0xff, 0xff, 0xff, 0xff,
    0xaa, 0xaa, 0xaa, 0xaa, 0xaa, 0xaa, 0xff, 0xff,
    0xff, 0xff, 0xfe, 0x44, 0x4e, 0xff, 0xff, 0xff,
    0xff, 0xff, 0xff, 0xff, 0xff, 0xe4, 0x44, 0xef,
    0xab, 0x0, 0xc, 0xff, 0xff, 0xff, 0xff, 0xff,
    0xff, 0xff, 0xff, 0xb0, 0x0, 0xb9,

    /* U+F00B "" */
    0x9f, 0xff, 0xff, 0xfb, 0x0, 0xaf, 0xff, 0xff,
    0xff, 0xff, 0xff, 0xff, 0xff, 0xf9, 0xff, 0xff,
    0xff, 0xff, 0x21, 0xff, 0xff, 0xff, 0xff, 0xff,
    0xff, 0xff, 0xff, 0xff, 0xff, 0xff, 0xff, 0xff,
    0x21, 0xff, 0xff, 0xff, 0xff, 0xff, 0xff, 0xff,
    0xff, 0xff, 0xff, 0xff, 0xff, 0xff, 0x21, 0xff,
    0xff, 0xff, 0xff, 0xff, 0xff, 0xff, 0xff, 0xff,
    0xff, 0xff, 0xff, 0xff, 0x21, 0xff, 0xff, 0xff,
    0xff, 0xff, 0xff, 0xff, 0xff, 0xff, 0xff, 0xff,
    0xff, 0xff, 0x21, 0xff, 0xff, 0xff, 0xff, 0xff,
    0xff, 0xff, 0xff, 0xff, 0xaf, 0xff, 0xff, 0xfc,
    0x0, 0xcf, 0xff, 0xff, 0xff, 0xff, 0xff, 0xff,
    0xff, 0xfa, 0x0, 0x0, 0x0, 0x0, 0x0, 0x0,
    0x0, 0x0, 0x0, 0x0, 0x0, 0x0, 0x0, 0x0,
    0x0, 0x0, 0x0, 0x0, 0x0, 0x0, 0x0, 0x0,
    0x0, 0x0, 0x0, 0x0, 0x0, 0x0, 0x9f, 0xff,
    0xff, 0xfb, 0x0, 0xbf, 0xff, 0xff, 0xff, 0xff,
    0xff, 0xff, 0xff, 0xf9, 0xff, 0xff, 0xff, 0xff,
    0x21, 0xff, 0xff, 0xff, 0xff, 0xff, 0xff, 0xff,
    0xff, 0xff, 0xff, 0xff, 0xff, 0xff, 0x21, 0xff,
    0xff, 0xff, 0xff, 0xff, 0xff, 0xff, 0xff, 0xff,
    0xff, 0xff, 0xff, 0xff, 0x21, 0xff, 0xff, 0xff,
    0xff, 0xff, 0xff, 0xff, 0xff, 0xff, 0xff, 0xff,
    0xff, 0xff, 0x21, 0xff, 0xff, 0xff, 0xff, 0xff,
    0xff, 0xff, 0xff, 0xff, 0xff, 0xff, 0xff, 0xff,
    0x21, 0xff, 0xff, 0xff, 0xff, 0xff, 0xff, 0xff,
    0xff, 0xff, 0xaf, 0xff, 0xff, 0xfc, 0x0, 0xbf,
    0xff, 0xff, 0xff, 0xff, 0xff, 0xff, 0xff, 0xf9,
    0x0, 0x0, 0x0, 0x0, 0x0, 0x0, 0x0, 0x0,
    0x0, 0x0, 0x0, 0x0, 0x0, 0x0, 0x0, 0x0,
    0x0, 0x0, 0x0, 0x0, 0x0, 0x0, 0x0, 0x0,
    0x0, 0x0, 0x0, 0x0, 0xaf, 0xff, 0xff, 0xfc,
    0x0, 0xcf, 0xff, 0xff, 0xff, 0xff, 0xff, 0xff,
    0xff, 0xfa, 0xff, 0xff, 0xff, 0xff, 0x21, 0xff,
    0xff, 0xff, 0xff, 0xff, 0xff, 0xff, 0xff, 0xff,
    0xff, 0xff, 0xff, 0xff, 0x21, 0xff, 0xff, 0xff,
    0xff, 0xff, 0xff, 0xff, 0xff, 0xff, 0xff, 0xff,
    0xff, 0xff, 0x21, 0xff, 0xff, 0xff, 0xff, 0xff,
    0xff, 0xff, 0xff, 0xff, 0xff, 0xff, 0xff, 0xff,
    0x21, 0xff, 0xff, 0xff, 0xff, 0xff, 0xff, 0xff,
    0xff, 0xff, 0xff, 0xff, 0xff, 0xff, 0x21, 0xff,
    0xff, 0xff, 0xff, 0xff, 0xff, 0xff, 0xff, 0xff,
    0x9f, 0xff, 0xff, 0xfb, 0x0, 0xaf, 0xff, 0xff,
    0xff, 0xff, 0xff, 0xff, 0xff, 0xf9,

    /* U+F00C "" */
    0x0, 0x0, 0x0, 0x0, 0x0, 0x0, 0x0, 0x0,
    0x0, 0x0, 0x0, 0x6, 0xe9, 0x0, 0x0, 0x0,
    0x0, 0x0, 0x0, 0x0, 0x0, 0x0, 0x0, 0x0,
    0x0, 0x6f, 0xff, 0xa0, 0x0, 0x0, 0x0, 0x0,
    0x0, 0x0, 0x0, 0x0, 0x0, 0x0, 0x6, 0xff,
    0xff, 0xf9, 0x0, 0x0, 0x0, 0x0, 0x0, 0x0,
    0x0, 0x0, 0x0, 0x0, 0x6f, 0xff, 0xff, 0xff,
    0x0, 0x0, 0x0, 0x0, 0x0, 0x0, 0x0, 0x0,
    0x0, 0x6, 0xff, 0xff, 0xff, 0xf8, 0x0, 0x0,
    0x0, 0x0, 0x0, 0x0, 0x0, 0x0, 0x0, 0x6f,
    0xff, 0xff, 0xff, 0x80, 0x0, 0x0, 0x0, 0x0,
    0x0, 0x0, 0x0, 0x0, 0x6, 0xff, 0xff, 0xff,
    0xf8, 0x0, 0x0, 0x8e, 0x50, 0x0, 0x0, 0x0,
    0x0, 0x0, 0x6f, 0xff, 0xff, 0xff, 0x80, 0x0,
    0x9, 0xff, 0xf6, 0x0, 0x0, 0x0, 0x0, 0x6,
    0xff, 0xff, 0xff, 0xf8, 0x0, 0x0, 0x9f, 0xff,
    0xff, 0x60, 0x0, 0x0, 0x0, 0x6f, 0xff, 0xff,
    0xff, 0x80, 0x0, 0x0, 0xff, 0xff, 0xff, 0xf6,
    0x0, 0x0, 0x6, 0xff, 0xff, 0xff, 0xf8, 0x0,
    0x0, 0x0, 0x8f, 0xff, 0xff, 0xff, 0x60, 0x0,
    0x6f, 0xff, 0xff, 0xff, 0x80, 0x0, 0x0, 0x0,
    0x8, 0xff, 0xff, 0xff, 0xf6, 0x6, 0xff, 0xff,
    0xff, 0xf8, 0x0, 0x0, 0x0, 0x0, 0x0, 0x8f,
    0xff, 0xff, 0xff, 0xaf, 0xff, 0xff, 0xff, 0x80,
    0x0, 0x0, 0x0, 0x0, 0x0, 0x8, 0xff, 0xff,
    0xff, 0xff, 0xff, 0xff, 0xf8, 0x0, 0x0, 0x0,
    0x0, 0x0, 0x0, 0x0, 0x8f, 0xff, 0xff, 0xff,
    0xff, 0xff, 0x80, 0x0, 0x0, 0x0, 0x0, 0x0,
    0x0, 0x0, 0x8, 0xff, 0xff, 0xff, 0xff, 0xf8,
    0x0, 0x0, 0x0, 0x0, 0x0, 0x0, 0x0, 0x0,
    0x0, 0x8f, 0xff, 0xff, 0xff, 0x70, 0x0, 0x0,
    0x0, 0x0, 0x0, 0x0, 0x0, 0x0, 0x0, 0x7,
    0xff, 0xff, 0xf7, 0x0, 0x0, 0x0, 0x0, 0x0,
    0x0, 0x0, 0x0, 0x0, 0x0, 0x0, 0x7f, 0xff,
    0x70, 0x0, 0x0, 0x0, 0x0, 0x0, 0x0, 0x0,
    0x0, 0x0, 0x0, 0x0, 0x7, 0xe7, 0x0, 0x0,
    0x0, 0x0, 0x0, 0x0, 0x0, 0x0,

    /* U+F00D "" */
    0x0, 0x0, 0x0, 0x0, 0x0, 0x0, 0x0, 0x0,
    0x10, 0x0, 0x6, 0xff, 0x40, 0x0, 0x0, 0x0,
    0x0, 0x2d, 0xfa, 0x0, 0x6f, 0xff, 0xf5, 0x0,
    0x0, 0x0, 0x2, 0xef, 0xff, 0xa0, 0xef, 0xff,
    0xff, 0x50, 0x0, 0x0, 0x2e, 0xff, 0xff, 0xf2,
    0xcf, 0xff, 0xff, 0xf5, 0x0, 0x2, 0xef, 0xff,
    0xff, 0xf1, 0x2e, 0xff, 0xff, 0xff, 0x50, 0x2e,
    0xff, 0xff, 0xff, 0x50, 0x2, 0xef, 0xff, 0xff,
    0xf6, 0xef, 0xff, 0xff, 0xf5, 0x0, 0x0, 0x2e,
    0xff, 0xff, 0xff, 0xff, 0xff, 0xff, 0x50, 0x0,
    0x0, 0x2, 0xef, 0xff, 0xff, 0xff, 0xff, 0xf5,
    0x0, 0x0, 0x0, 0x0, 0x2e, 0xff, 0xff, 0xff,
    0xff, 0x50, 0x0, 0x0, 0x0, 0x0, 0x4, 0xff,
    0xff, 0xff, 0xf8, 0x0, 0x0, 0x0, 0x0, 0x0,
    0x2e, 0xff, 0xff, 0xff, 0xff, 0x50, 0x0, 0x0,
    0x0, 0x2, 0xef, 0xff, 0xff, 0xff, 0xff, 0xf5,
    0x0, 0x0, 0x0, 0x2e, 0xff, 0xff, 0xff, 0xff,
    0xff, 0xff, 0x50, 0x0, 0x2, 0xef, 0xff, 0xff,
    0xf6, 0xef, 0xff, 0xff, 0xf5, 0x0, 0x2e, 0xff,
    0xff, 0xff, 0x40, 0x2e, 0xff, 0xff, 0xff, 0x50,
    0xcf, 0xff, 0xff, 0xf4, 0x0, 0x2, 0xef, 0xff,
    0xff, 0xf1, 0xef, 0xff, 0xff, 0x40, 0x0, 0x0,
    0x2e, 0xff, 0xff, 0xf2, 0x6f, 0xff, 0xf4, 0x0,
    0x0, 0x0, 0x2, 0xef, 0xff, 0xa0, 0x6, 0xff,
    0x40, 0x0, 0x0, 0x0, 0x0, 0x2d, 0xfa, 0x0,
    0x0, 0x0, 0x0, 0x0, 0x0, 0x0, 0x0, 0x0,
    0x10, 0x0,

    /* U+F011 "" */
    0x0, 0x0, 0x0, 0x0, 0x0, 0x0, 0x69, 0x96,
    0x0, 0x0, 0x0, 0x0, 0x0, 0x0, 0x0, 0x0,
    0x0, 0x0, 0x0, 0x2, 0xff, 0xff, 0x20, 0x0,
    0x0, 0x0, 0x0, 0x0, 0x0, 0x0, 0x0, 0x0,
    0x0, 0x3, 0xff, 0xff, 0x30, 0x0, 0x0, 0x0,
    0x0, 0x0, 0x0, 0x0, 0x1, 0xa8, 0x0, 0x3,
    0xff, 0xff, 0x30, 0x0, 0x8a, 0x10, 0x0, 0x0,
    0x0, 0x0, 0x3e, 0xff, 0x60, 0x3, 0xff, 0xff,
    0x30, 0x6, 0xff, 0xe3, 0x0, 0x0, 0x0, 0x2,
    0xef, 0xff, 0xe0, 0x3, 0xff, 0xff, 0x30, 0xe,
    0xff, 0xff, 0x30, 0x0, 0x0, 0xd, 0xff, 0xff,
    0xe0, 0x3, 0xff, 0xff, 0x30, 0xe, 0xff, 0xff,
    0xd1, 0x0, 0x0, 0x9f, 0xff, 0xfe, 0x30, 0x3,
    0xff, 0xff, 0x30, 0x3, 0xef, 0xff, 0xf9, 0x0,
    0x2, 0xff, 0xff, 0xe2, 0x0, 0x3, 0xff, 0xff,
    0x30, 0x0, 0x2e, 0xff, 0xff, 0x20, 0x9, 0xff,
    0xff, 0x50, 0x0, 0x3, 0xff, 0xff, 0x30, 0x0,
    0x5, 0xff, 0xff, 0x90, 0xe, 0xff, 0xfc, 0x0,
    0x0, 0x3, 0xff, 0xff, 0x30, 0x0, 0x0, 0xcf,
    0xff, 0xe0, 0x3f, 0xff, 0xf5, 0x0, 0x0, 0x3,
    0xff, 0xff, 0x30, 0x0, 0x0, 0x6f, 0xff, 0xf3,
    0x6f, 0xff, 0xf0, 0x0, 0x0, 0x3, 0xff, 0xff,
    0x30, 0x0, 0x0, 0xf, 0xff, 0xf6, 0x7f, 0xff,
    0xe0, 0x0, 0x0, 0x3, 0xff, 0xff, 0x30, 0x0,
    0x0, 0xe, 0xff, 0xf8, 0x8f, 0xff, 0xd0, 0x0,
    0x0, 0x2, 0xff, 0xff, 0x20, 0x0, 0x0, 0xd,
    0xff, 0xf8, 0x8f, 0xff, 0xe0, 0x0, 0x0, 0x0,
    0xef, 0xfe, 0x0, 0x0, 0x0, 0xe, 0xff, 0xf7,
    0x6f, 0xff, 0xf0, 0x0, 0x0, 0x0, 0x2, 0x20,
    0x0, 0x0, 0x0, 0xf, 0xff, 0xf6, 0x3f, 0xff,
    0xf5, 0x0, 0x0, 0x0, 0x0, 0x0, 0x0, 0x0,
    0x0, 0x5f, 0xff, 0xf3, 0xe, 0xff, 0xfb, 0x0,
    0x0, 0x0, 0x0, 0x0, 0x0, 0x0, 0x0, 0xbf,
    0xff, 0xe0, 0x9, 0xff, 0xff, 0x40, 0x0, 0x0,
    0x0, 0x0, 0x0, 0x0, 0x4, 0xff, 0xff, 0x90,
    0x2, 0xff, 0xff, 0xe2, 0x0, 0x0, 0x0, 0x0,
    0x0, 0x0, 0x2e, 0xff, 0xff, 0x20, 0x0, 0x9f,
    0xff, 0xfe, 0x30, 0x0, 0x0, 0x0, 0x0, 0x3,
    0xef, 0xff, 0xf9, 0x0, 0x0, 0x1e, 0xff, 0xff,
    0xf8, 0x0, 0x0, 0x0, 0x0, 0x8f, 0xff, 0xff,
    0xd1, 0x0, 0x0, 0x3, 0xff, 0xff, 0xff, 0xfa,
    0x75, 0x57, 0xaf, 0xff, 0xff, 0xfe, 0x20, 0x0,
    0x0, 0x0, 0x3e, 0xff, 0xff, 0xff, 0xff, 0xff,
    0xff, 0xff, 0xff, 0xe3, 0x0, 0x0, 0x0, 0x0,
    0x2, 0xcf, 0xff, 0xff, 0xff, 0xff, 0xff, 0xff,
    0xfc, 0x10, 0x0, 0x0, 0x0, 0x0, 0x0, 0x6,
    0xef, 0xff, 0xff, 0xff, 0xff, 0xfe, 0x60, 0x0,
    0x0, 0x0, 0x0, 0x0, 0x0, 0x0, 0x4, 0x9d,
    0xff, 0xfe, 0xd9, 0x40, 0x0, 0x0, 0x0, 0x0,
    0x0, 0x0, 0x0, 0x0, 0x0, 0x0, 0x0, 0x0,
    0x0, 0x0, 0x0, 0x0, 0x0, 0x0,

    /* U+F013 "" */
    0x0, 0x0, 0x0, 0x0, 0x0, 0x0, 0x0, 0x0,
    0x0, 0x0, 0x0, 0x0, 0x0, 0x0, 0x0, 0x0,
    0x0, 0x0, 0x2c, 0xff, 0xff, 0xd6, 0x0, 0x0,
    0x0, 0x0, 0x0, 0x0, 0x0, 0x0, 0x0, 0x5,
    0xff, 0xff, 0xff, 0xa0, 0x0, 0x0, 0x0, 0x0,
    0x0, 0x0, 0x0, 0x0, 0x0, 0x5f, 0xff, 0xff,
    0xfa, 0x0, 0x0, 0x0, 0x0, 0x0, 0x0, 0x0,
    0x0, 0x0, 0x8, 0xff, 0xff, 0xff, 0xc1, 0x0,
    0x0, 0x0, 0x0, 0x0, 0x1, 0xc8, 0x0, 0x5d,
    0xff, 0xff, 0xff, 0xff, 0xf8, 0x0, 0x6d, 0x40,
    0x0, 0x0, 0xcf, 0xfe, 0xaf, 0xff, 0xff, 0xff,
    0xff, 0xff, 0xfc, 0xcf, 0xfe, 0x10, 0x0, 0x7f,
    0xff, 0xff, 0xff, 0xff, 0xff, 0xff, 0xff, 0xff,
    0xff, 0xff, 0xfb, 0x0, 0x1f, 0xff, 0xff, 0xff,
    0xff, 0xff, 0xff, 0xff, 0xff, 0xff, 0xff, 0xff,
    0xf4, 0x7, 0xff, 0xff, 0xff, 0xff, 0xff, 0xff,
    0xff, 0xff, 0xff, 0xff, 0xff, 0xff, 0xb0, 0xcf,
    0xff, 0xff, 0xff, 0xff, 0xe7, 0x32, 0x5d, 0xff,
    0xff, 0xff, 0xff, 0xff, 0x13, 0xcf, 0xff, 0xff,
    0xff, 0xe1, 0x0, 0x0, 0xb, 0xff, 0xff, 0xff,
    0xfe, 0x60, 0x0, 0x7f, 0xff, 0xff, 0xf4, 0x0,
    0x0, 0x0, 0xe, 0xff, 0xff, 0xfb, 0x10, 0x0,
    0x4, 0xff, 0xff, 0xfe, 0x0, 0x0, 0x0, 0x0,
    0x9f, 0xff, 0xff, 0x90, 0x0, 0x0, 0x5f, 0xff,
    0xff, 0xc0, 0x0, 0x0, 0x0, 0x8, 0xff, 0xff,
    0xfa, 0x0, 0x0, 0x4, 0xff, 0xff, 0xfe, 0x0,
    0x0, 0x0, 0x0, 0x9f, 0xff, 0xff, 0x80, 0x0,
    0x0, 0x7f, 0xff, 0xff, 0xf4, 0x0, 0x0, 0x0,
    0xe, 0xff, 0xff, 0xfb, 0x10, 0x3, 0xcf, 0xff,
    0xff, 0xff, 0xe1, 0x0, 0x0, 0xb, 0xff, 0xff,
    0xff, 0xfe, 0x60, 0xcf, 0xff, 0xff, 0xff, 0xff,
    0xe7, 0x32, 0x5d, 0xff, 0xff, 0xff, 0xff, 0xff,
    0x17, 0xff, 0xff, 0xff, 0xff, 0xff, 0xff, 0xff,
    0xff, 0xff, 0xff, 0xff, 0xff, 0xb0, 0x1e, 0xff,
    0xff, 0xff, 0xff, 0xff, 0xff, 0xff, 0xff, 0xff,
    0xff, 0xff, 0xf4, 0x0, 0x7f, 0xff, 0xff, 0xff,
    0xff, 0xff, 0xff, 0xff, 0xff, 0xff, 0xff, 0xfb,
    0x0, 0x0, 0xcf, 0xfe, 0xaf, 0xff, 0xff, 0xff,
    0xff, 0xff, 0xfc, 0xcf, 0xfe, 0x10, 0x0, 0x1,
    0xc8, 0x0, 0x5d, 0xff, 0xff, 0xff, 0xff, 0xf8,
    0x0, 0x5d, 0x40, 0x0, 0x0, 0x0, 0x0, 0x0,
    0x8, 0xff, 0xff, 0xff, 0xc0, 0x0, 0x0, 0x0,
    0x0, 0x0, 0x0, 0x0, 0x0, 0x0, 0x5f, 0xff,
    0xff, 0xfa, 0x0, 0x0, 0x0, 0x0, 0x0, 0x0,
    0x0, 0x0, 0x0, 0x5, 0xff, 0xff, 0xff, 0xa0,
    0x0, 0x0, 0x0, 0x0, 0x0, 0x0, 0x0, 0x0,
    0x0, 0x2c, 0xff, 0xff, 0xd6, 0x0, 0x0, 0x0,
    0x0, 0x0, 0x0, 0x0, 0x0, 0x0, 0x0, 0x0,
    0x0, 0x0, 0x0, 0x0, 0x0, 0x0, 0x0, 0x0,

    /* U+F015 "" */
    0x0, 0x0, 0x0, 0x0, 0x0, 0x0, 0x0, 0x37,
    0x60, 0x0, 0x0, 0x48, 0x88, 0x40, 0x0, 0x0,
    0x0, 0x0, 0x0, 0x0, 0x0, 0x0, 0x7, 0xff,
    0xfd, 0x10, 0x0, 0xaf, 0xff, 0xa0, 0x0, 0x0,
    0x0, 0x0, 0x0, 0x0, 0x0, 0x0, 0xaf, 0xff,
    0xff, 0xe3, 0x0, 0xbf, 0xff, 0xb0, 0x0, 0x0,
    0x0, 0x0, 0x0, 0x0, 0x0, 0x1c, 0xff, 0xff,
    0xff, 0xff, 0x60, 0xbf, 0xff, 0xb0, 0x0, 0x0,
    0x0, 0x0, 0x0, 0x0, 0x3, 0xef, 0xff, 0xf8,
    0xcf, 0xff, 0xf9, 0xbf, 0xff, 0xb0, 0x0, 0x0,
    0x0, 0x0, 0x0, 0x0, 0x6f, 0xff, 0xfe, 0x30,
    0xa, 0xff, 0xff, 0xff, 0xff, 0xb0, 0x0, 0x0,
    0x0, 0x0, 0x0, 0x8, 0xff, 0xff, 0xd2, 0x3,
    0x10, 0x7f, 0xff, 0xff, 0xff, 0xb0, 0x0, 0x0,
    0x0, 0x0, 0x1, 0xbf, 0xff, 0xfb, 0x0, 0x8f,
    0xd2, 0x4, 0xff, 0xff, 0xff, 0xb0, 0x0, 0x0,
    0x0, 0x0, 0x2d, 0xff, 0xff, 0x80, 0xb, 0xff,
    0xff, 0x40, 0x2d, 0xff, 0xff, 0xb0, 0x0, 0x0,
    0x0, 0x4, 0xff, 0xff, 0xf5, 0x2, 0xdf, 0xff,
    0xff, 0xf7, 0x1, 0xbf, 0xff, 0xfa, 0x0, 0x0,
    0x0, 0x7f, 0xff, 0xfe, 0x30, 0x3e, 0xff, 0xff,
    0xff, 0xff, 0xa0, 0x9, 0xff, 0xff, 0xc1, 0x0,
    0xa, 0xff, 0xff, 0xc1, 0x6, 0xff, 0xff, 0xff,
    0xff, 0xff, 0xfc, 0x10, 0x6f, 0xff, 0xfe, 0x30,
    0xbf, 0xff, 0xfa, 0x0, 0x9f, 0xff, 0xff, 0xff,
    0xff, 0xff, 0xff, 0xe3, 0x4, 0xef, 0xff, 0xf4,
    0xbf, 0xff, 0x70, 0x1b, 0xff, 0xff, 0xff, 0xff,
    0xff, 0xff, 0xff, 0xff, 0x50, 0x2d, 0xff, 0xf3,
    0xd, 0xf4, 0x2, 0xdf, 0xff, 0xff, 0xff, 0xff,
    0xff, 0xff, 0xff, 0xff, 0xf8, 0x0, 0xbf, 0x60,
    0x1, 0x20, 0xb, 0xff, 0xff, 0xff, 0xff, 0xff,
    0xff, 0xff, 0xff, 0xff, 0xff, 0x30, 0x3, 0x0,
    0x0, 0x0, 0xc, 0xff, 0xff, 0xff, 0xff, 0xff,
    0xff, 0xff, 0xff, 0xff, 0xff, 0x40, 0x0, 0x0,
    0x0, 0x0, 0xc, 0xff, 0xff, 0xff, 0xff, 0xff,
    0xff, 0xff, 0xff, 0xff, 0xff, 0x40, 0x0, 0x0,
    0x0, 0x0, 0xc, 0xff, 0xff, 0xff, 0xf4, 0x0,
    0x0, 0xcf, 0xff, 0xff, 0xff, 0x40, 0x0, 0x0,
    0x0, 0x0, 0xc, 0xff, 0xff, 0xff, 0xf2, 0x0,
    0x0, 0xaf, 0xff, 0xff, 0xff, 0x40, 0x0, 0x0,
    0x0, 0x0, 0xc, 0xff, 0xff, 0xff, 0xf2, 0x0,
    0x0, 0xaf, 0xff, 0xff, 0xff, 0x40, 0x0, 0x0,
    0x0, 0x0, 0xc, 0xff, 0xff, 0xff, 0xf2, 0x0,
    0x0, 0xaf, 0xff, 0xff, 0xff, 0x40, 0x0, 0x0,
    0x0, 0x0, 0xc, 0xff, 0xff, 0xff, 0xf2, 0x0,
    0x0, 0xaf, 0xff, 0xff, 0xff, 0x40, 0x0, 0x0,
    0x0, 0x0, 0xc, 0xff, 0xff, 0xff, 0xf2, 0x0,
    0x0, 0xaf, 0xff, 0xff, 0xff, 0x40, 0x0, 0x0,
    0x0, 0x0, 0x8, 0xff, 0xff, 0xff, 0xd0, 0x0,
    0x0, 0x6f, 0xff, 0xff, 0xfe, 0x10, 0x0, 0x0,

    /* U+F019 "" */
    0x0, 0x0, 0x0, 0x0, 0x0, 0x3, 0x55, 0x55,
    0x30, 0x0, 0x0, 0x0, 0x0, 0x0, 0x0, 0x0,
    0x0, 0x0, 0x0, 0x5f, 0xff, 0xff, 0xf5, 0x0,
    0x0, 0x0, 0x0, 0x0, 0x0, 0x0, 0x0, 0x0,
    0x0, 0x8f, 0xff, 0xff, 0xf8, 0x0, 0x0, 0x0,
    0x0, 0x0, 0x0, 0x0, 0x0, 0x0, 0x0, 0x8f,
    0xff, 0xff, 0xf8, 0x0, 0x0, 0x0, 0x0, 0x0,
    0x0, 0x0, 0x0, 0x0, 0x0, 0x8f, 0xff, 0xff,
    0xf8, 0x0, 0x0, 0x0, 0x0, 0x0, 0x0, 0x0,
    0x0, 0x0, 0x0, 0x8f, 0xff, 0xff, 0xf8, 0x0,
    0x0, 0x0, 0x0, 0x0, 0x0, 0x0, 0x0, 0x0,
    0x0, 0x8f, 0xff, 0xff, 0xf8, 0x0, 0x0, 0x0,
    0x0, 0x0, 0x0, 0x0, 0x0, 0x0, 0x0, 0x8f,
    0xff, 0xff, 0xf8, 0x0, 0x0, 0x0, 0x0, 0x0,
    0x0, 0x0, 0x0, 0x0, 0x0, 0x8f, 0xff, 0xff,
    0xf8, 0x0, 0x0, 0x0, 0x0, 0x0, 0x0, 0x0,
    0x0, 0x0, 0x0, 0x8f, 0xff, 0xff, 0xf8, 0x0,
    0x0, 0x0, 0x0, 0x0, 0x0, 0x0, 0x0, 0x0,
    0x0, 0x8f, 0xff, 0xff, 0xf8, 0x0, 0x0, 0x0,
    0x0, 0x0, 0x0, 0x0, 0x1c, 0xdd, 0xdd, 0xef,
    0xff, 0xff, 0xfe, 0xdd, 0xdd, 0xc1, 0x0, 0x0,
    0x0, 0x0, 0x4f, 0xff, 0xff, 0xff, 0xff, 0xff,
    0xff, 0xff, 0xff, 0xf4, 0x0, 0x0, 0x0, 0x0,
    0x9, 0xff, 0xff, 0xff, 0xff, 0xff, 0xff, 0xff,
    0xff, 0x90, 0x0, 0x0, 0x0, 0x0, 0x0, 0x9f,
    0xff, 0xff, 0xff, 0xff, 0xff, 0xff, 0xf9, 0x0,
    0x0, 0x0, 0x0, 0x0, 0x0, 0x9, 0xff, 0xff,
    0xff, 0xff, 0xff, 0xff, 0x90, 0x0, 0x0, 0x0,
    0x0, 0x0, 0x0, 0x0, 0x8f, 0xff, 0xff, 0xff,
    0xff, 0xf8, 0x0, 0x0, 0x0, 0x0, 0x0, 0x0,
    0x0, 0x0, 0x8, 0xff, 0xff, 0xff, 0xff, 0x80,
    0x0, 0x0, 0x0, 0x0, 0x0, 0x0, 0x0, 0x0,
    0x0, 0x8f, 0xff, 0xff, 0xf8, 0x0, 0x0, 0x0,
    0x0, 0x0, 0x1, 0x11, 0x11, 0x11, 0x10, 0x8,
    0xff, 0xff, 0x80, 0x1, 0x11, 0x11, 0x11, 0x10,
    0xbf, 0xff, 0xff, 0xff, 0xfd, 0x10, 0x8f, 0xf8,
    0x1, 0xdf, 0xff, 0xff, 0xff, 0xfb, 0xff, 0xff,
    0xff, 0xff, 0xff, 0xe2, 0x6, 0x60, 0x2d, 0xff,
    0xff, 0xff, 0xff, 0xff, 0xff, 0xff, 0xff, 0xff,
    0xff, 0xfe, 0x30, 0x3, 0xef, 0xff, 0xff, 0xff,
    0xff, 0xff, 0xff, 0xff, 0xff, 0xff, 0xff, 0xff,
    0xfd, 0xdf, 0xff, 0xff, 0xff, 0xff, 0xff, 0xff,
    0xff, 0xff, 0xff, 0xff, 0xff, 0xff, 0xff, 0xff,
    0xff, 0xff, 0xff, 0xff, 0xff, 0xff, 0xff, 0xff,
    0xff, 0xff, 0xff, 0xff, 0xff, 0xff, 0xff, 0xf4,
    0x1e, 0xb0, 0x8f, 0xff, 0xff, 0xff, 0xff, 0xff,
    0xff, 0xff, 0xff, 0xff, 0xff, 0xf5, 0x2e, 0xc1,
    0x8f, 0xff, 0xef, 0xff, 0xff, 0xff, 0xff, 0xff,
    0xff, 0xff, 0xff, 0xff, 0xff, 0xff, 0xff, 0xfe,
    0x37, 0x88, 0x88, 0x88, 0x88, 0x88, 0x88, 0x88,
    0x88, 0x88, 0x88, 0x88, 0x88, 0x73,

    /* U+F01C "" */
    0x0, 0x0, 0x0, 0x2b, 0xff, 0xff, 0xff, 0xff,
    0xff, 0xff, 0xff, 0xfe, 0x80, 0x0, 0x0, 0x0,
    0x0, 0x0, 0x1, 0xef, 0xff, 0xff, 0xff, 0xff,
    0xff, 0xff, 0xff, 0xff, 0xf8, 0x0, 0x0, 0x0,
    0x0, 0x0, 0xa, 0xff, 0xff, 0xff, 0xff, 0xff,
    0xff, 0xff, 0xff, 0xff, 0xff, 0x30, 0x0, 0x0,
    0x0, 0x0, 0x5f, 0xff, 0xd8, 0x88, 0x88, 0x88,
    0x88, 0x88, 0x88, 0x9f, 0xff, 0xd0, 0x0, 0x0,
    0x0, 0x1, 0xef, 0xff, 0x30, 0x0, 0x0, 0x0,
    0x0, 0x0, 0x0, 0xb, 0xff, 0xf8, 0x0, 0x0,
    0x0, 0xa, 0xff, 0xf8, 0x0, 0x0, 0x0, 0x0,
    0x0, 0x0, 0x0, 0x1, 0xef, 0xff, 0x30, 0x0,
    0x0, 0x5f, 0xff, 0xd0, 0x0, 0x0, 0x0, 0x0,
    0x0, 0x0, 0x0, 0x0, 0x5f, 0xff, 0xd0, 0x0,
    0x1, 0xef, 0xff, 0x30, 0x0, 0x0, 0x0, 0x0,
    0x0, 0x0, 0x0, 0x0, 0xb, 0xff, 0xf8, 0x0,
    0xa, 0xff, 0xf8, 0x0, 0x0, 0x0, 0x0, 0x0,
    0x0, 0x0, 0x0, 0x0, 0x1, 0xef, 0xff, 0x30,
    0x5f, 0xff, 0xd0, 0x0, 0x0, 0x0, 0x0, 0x0,
    0x0, 0x0, 0x0, 0x0, 0x0, 0x5f, 0xff, 0xd0,
    0xdf, 0xff, 0xb8, 0x88, 0x88, 0x70, 0x0, 0x0,
    0x0, 0x0, 0x48, 0x88, 0x88, 0x8e, 0xff, 0xf5,
    0xff, 0xff, 0xff, 0xff, 0xff, 0xf6, 0x0, 0x0,
    0x0, 0x0, 0xef, 0xff, 0xff, 0xff, 0xff, 0xf7,
    0xff, 0xff, 0xff, 0xff, 0xff, 0xfe, 0x0, 0x0,
    0x0, 0x7, 0xff, 0xff, 0xff, 0xff, 0xff, 0xf8,
    0xff, 0xff, 0xff, 0xff, 0xff, 0xff, 0x60, 0x0,
    0x0, 0xe, 0xff, 0xff, 0xff, 0xff, 0xff, 0xf8,
    0xff, 0xff, 0xff, 0xff, 0xff, 0xff, 0xff, 0xff,
    0xff, 0xff, 0xff, 0xff, 0xff, 0xff, 0xff, 0xf8,
    0xff, 0xff, 0xff, 0xff, 0xff, 0xff, 0xff, 0xff,
    0xff, 0xff, 0xff, 0xff, 0xff, 0xff, 0xff, 0xf8,
    0xff, 0xff, 0xff, 0xff, 0xff, 0xff, 0xff, 0xff,
    0xff, 0xff, 0xff, 0xff, 0xff, 0xff, 0xff, 0xf8,
    0xff, 0xff, 0xff, 0xff, 0xff, 0xff, 0xff, 0xff,
    0xff, 0xff, 0xff, 0xff, 0xff, 0xff, 0xff, 0xf8,
    0xff, 0xff, 0xff, 0xff, 0xff, 0xff, 0xff, 0xff,
    0xff, 0xff, 0xff, 0xff, 0xff, 0xff, 0xff, 0xf7,
    0xbf, 0xff, 0xff, 0xff, 0xff, 0xff, 0xff, 0xff,
    0xff, 0xff, 0xff, 0xff, 0xff, 0xff, 0xff, 0xf3,
    0x1b, 0xff, 0xff, 0xff, 0xff, 0xff, 0xff, 0xff,
    0xff, 0xff, 0xff, 0xff, 0xff, 0xff, 0xfe, 0x50,

    /* U+F021 "" */
    0x0, 0x0, 0x0, 0x0, 0x0, 0x0, 0x0, 0x0,
    0x0, 0x0, 0x0, 0x0, 0x58, 0x86, 0x0, 0x0,
    0x0, 0x0, 0x4, 0x9d, 0xef, 0xfe, 0xb7, 0x20,
    0x0, 0x0, 0xdf, 0xff, 0x0, 0x0, 0x0, 0x6,
    0xdf, 0xff, 0xff, 0xff, 0xff, 0xfb, 0x30, 0x0,
    0xdf, 0xff, 0x0, 0x0, 0x1, 0xbf, 0xff, 0xff,
    0xff, 0xff, 0xff, 0xff, 0xfa, 0x10, 0xcf, 0xff,
    0x0, 0x0, 0x2e, 0xff, 0xff, 0xff, 0xfe, 0xef,
    0xff, 0xff, 0xff, 0xe3, 0xbf, 0xff, 0x0, 0x2,
    0xef, 0xff, 0xff, 0x94, 0x0, 0x0, 0x4b, 0xff,
    0xff, 0xfe, 0xdf, 0xff, 0x0, 0xd, 0xff, 0xff,
    0xc2, 0x0, 0x0, 0x0, 0x0, 0x3c, 0xff, 0xff,
    0xff, 0xff, 0x0, 0x9f, 0xff, 0xf9, 0x0, 0x0,
    0x0, 0x0, 0x0, 0x0, 0x8f, 0xff, 0xff, 0xff,
    0x2, 0xff, 0xff, 0x90, 0x0, 0x0, 0x0, 0x0,
    0x11, 0x0, 0x8, 0xff, 0xff, 0xff, 0x9, 0xff,
    0xfd, 0x0, 0x0, 0x0, 0x0, 0x3, 0xff, 0xff,
    0xee, 0xff, 0xff, 0xff, 0xe, 0xff, 0xf4, 0x0,
    0x0, 0x0, 0x0, 0x4, 0xff, 0xff, 0xff, 0xff,
    0xff, 0xff, 0x3f, 0xff, 0xe0, 0x0, 0x0, 0x0,
    0x0, 0x4, 0xff, 0xff, 0xff, 0xff, 0xff, 0xff,
    0x2b, 0xcc, 0x60, 0x0, 0x0, 0x0, 0x0, 0x1,
    0xbc, 0xcc, 0xcc, 0xcc, 0xcc, 0xca, 0x0, 0x0,
    0x0, 0x0, 0x0, 0x0, 0x0, 0x0, 0x0, 0x0,
    0x0, 0x0, 0x0, 0x0, 0x0, 0x0, 0x0, 0x0,
    0x0, 0x0, 0x0, 0x0, 0x0, 0x0, 0x0, 0x0,
    0x0, 0x0, 0x0, 0x0, 0x0, 0x0, 0x0, 0x0,
    0x0, 0x0, 0x0, 0x0, 0x0, 0x0, 0x0, 0x0,
    0xac, 0xcc, 0xcc, 0xcc, 0xcc, 0xcb, 0x10, 0x0,
    0x0, 0x0, 0x0, 0x6, 0xbc, 0xb2, 0xff, 0xff,
    0xff, 0xff, 0xff, 0xff, 0x40, 0x0, 0x0, 0x0,
    0x0, 0xe, 0xff, 0xf2, 0xff, 0xff, 0xff, 0xff,
    0xff, 0xff, 0x40, 0x0, 0x0, 0x0, 0x0, 0x5f,
    0xff, 0xe0, 0xff, 0xff, 0xff, 0xee, 0xff, 0xff,
    0x30, 0x0, 0x0, 0x0, 0x0, 0xdf, 0xff, 0x90,
    0xff, 0xff, 0xff, 0x80, 0x0, 0x11, 0x0, 0x0,
    0x0, 0x0, 0xa, 0xff, 0xff, 0x20, 0xff, 0xff,
    0xff, 0xf8, 0x0, 0x0, 0x0, 0x0, 0x0, 0x0,
    0x9f, 0xff, 0xf9, 0x0, 0xff, 0xff, 0xff, 0xff,
    0xb2, 0x0, 0x0, 0x0, 0x0, 0x2c, 0xff, 0xff,
    0xd0, 0x0, 0xff, 0xfd, 0xef, 0xff, 0xff, 0xa4,
    0x0, 0x0, 0x4a, 0xff, 0xff, 0xfe, 0x20, 0x0,
    0xff, 0xfb, 0x3e, 0xff, 0xff, 0xff, 0xfe, 0xef,
    0xff, 0xff, 0xff, 0xe2, 0x0, 0x0, 0xff, 0xfc,
    0x1, 0xaf, 0xff, 0xff, 0xff, 0xff, 0xff, 0xff,
    0xfb, 0x10, 0x0, 0x0, 0xff, 0xfd, 0x0, 0x3,
    0xbf, 0xff, 0xff, 0xff, 0xff, 0xfd, 0x60, 0x0,
    0x0, 0x0, 0xff, 0xfd, 0x0, 0x0, 0x2, 0x7c,
    0xff, 0xff, 0xd9, 0x40, 0x0, 0x0, 0x0, 0x0,
    0x68, 0x85, 0x0, 0x0, 0x0, 0x0, 0x0, 0x0,
    0x0, 0x0, 0x0, 0x0, 0x0, 0x0,

    /* U+F026 "" */
    0x0, 0x0, 0x0, 0x0, 0x0, 0x0, 0x0, 0x0,
    0x0, 0x0, 0x0, 0x0, 0x3, 0xb6, 0x0, 0x0,
    0x0, 0x0, 0x0, 0x3f, 0xff, 0x0, 0x0, 0x0,
    0x0, 0x3, 0xff, 0xff, 0x0, 0x0, 0x0, 0x0,
    0x3f, 0xff, 0xff, 0x0, 0x0, 0x0, 0x3, 0xff,
    0xff, 0xff, 0x38, 0x88, 0x88, 0x8f, 0xff, 0xff,
    0xff, 0xef, 0xff, 0xff, 0xff, 0xff, 0xff, 0xff,
    0xff, 0xff, 0xff, 0xff, 0xff, 0xff, 0xff, 0xff,
    0xff, 0xff, 0xff, 0xff, 0xff, 0xff, 0xff, 0xff,
    0xff, 0xff, 0xff, 0xff, 0xff, 0xff, 0xff, 0xff,
    0xff, 0xff, 0xff, 0xff, 0xff, 0xff, 0xff, 0xff,
    0xff, 0xff, 0xff, 0xff, 0xff, 0xff, 0xff, 0xff,
    0xff, 0xff, 0xff, 0xff, 0xff, 0xff, 0xff, 0xff,
    0xff, 0xff, 0xff, 0xff, 0xff, 0xff, 0xff, 0xff,
    0x9f, 0xff, 0xff, 0xff, 0xff, 0xff, 0xff, 0x0,
    0x0, 0x0, 0x8, 0xff, 0xff, 0xff, 0x0, 0x0,
    0x0, 0x0, 0x8f, 0xff, 0xff, 0x0, 0x0, 0x0,
    0x0, 0x8, 0xff, 0xff, 0x0, 0x0, 0x0, 0x0,
    0x0, 0x8f, 0xff, 0x0, 0x0, 0x0, 0x0, 0x0,
    0x8, 0xfc, 0x0, 0x0, 0x0, 0x0, 0x0, 0x0,
    0x10,

    /* U+F027 "" */
    0x0, 0x0, 0x0, 0x0, 0x0, 0x0, 0x0, 0x0,
    0x0, 0x0, 0x0, 0x0, 0x0, 0x0, 0x0, 0x0,
    0x3b, 0x60, 0x0, 0x0, 0x0, 0x0, 0x0, 0x0,
    0x0, 0x0, 0x3e, 0xff, 0x0, 0x0, 0x0, 0x0,
    0x0, 0x0, 0x0, 0x0, 0x3f, 0xff, 0xf0, 0x0,
    0x0, 0x0, 0x0, 0x0, 0x0, 0x0, 0x3f, 0xff,
    0xff, 0x0, 0x0, 0x0, 0x0, 0x0, 0x0, 0x0,
    0x3f, 0xff, 0xff, 0xf0, 0x0, 0x0, 0x0, 0x38,
    0x88, 0x88, 0x8f, 0xff, 0xff, 0xff, 0x0, 0x0,
    0x0, 0xe, 0xff, 0xff, 0xff, 0xff, 0xff, 0xff,
    0xf0, 0x1, 0xb9, 0x0, 0xff, 0xff, 0xff, 0xff,
    0xff, 0xff, 0xff, 0x0, 0x6f, 0xfc, 0xf, 0xff,
    0xff, 0xff, 0xff, 0xff, 0xff, 0xf0, 0x1, 0xcf,
    0xf7, 0xff, 0xff, 0xff, 0xff, 0xff, 0xff, 0xff,
    0x0, 0x0, 0xef, 0xdf, 0xff, 0xff, 0xff, 0xff,
    0xff, 0xff, 0xf0, 0x0, 0xa, 0xff, 0xff, 0xff,
    0xff, 0xff, 0xff, 0xff, 0xff, 0x0, 0x0, 0xdf,
    0xdf, 0xff, 0xff, 0xff, 0xff, 0xff, 0xff, 0xf0,
    0x0, 0xbf, 0xf8, 0xff, 0xff, 0xff, 0xff, 0xff,
    0xff, 0xff, 0x0, 0x6f, 0xfd, 0xf, 0xff, 0xff,
    0xff, 0xff, 0xff, 0xff, 0xf0, 0x2, 0xdb, 0x10,
    0x9f, 0xff, 0xff, 0xff, 0xff, 0xff, 0xff, 0x0,
    0x0, 0x0, 0x0, 0x0, 0x0, 0x0, 0x9f, 0xff,
    0xff, 0xf0, 0x0, 0x0, 0x0, 0x0, 0x0, 0x0,
    0x0, 0x9f, 0xff, 0xff, 0x0, 0x0, 0x0, 0x0,
    0x0, 0x0, 0x0, 0x0, 0x9f, 0xff, 0xf0, 0x0,
    0x0, 0x0, 0x0, 0x0, 0x0, 0x0, 0x0, 0x9f,
    0xff, 0x0, 0x0, 0x0, 0x0, 0x0, 0x0, 0x0,
    0x0, 0x0, 0x8f, 0xc0, 0x0, 0x0, 0x0, 0x0,
    0x0, 0x0, 0x0, 0x0, 0x0, 0x20, 0x0, 0x0,
    0x0, 0x0,

    /* U+F028 "" */
    0x0, 0x0, 0x0, 0x0, 0x0, 0x0, 0x0, 0x0,
    0x0, 0x0, 0x0, 0x18, 0x50, 0x0, 0x0, 0x0,
    0x0, 0x0, 0x0, 0x0, 0x0, 0x0, 0x0, 0x0,
    0x0, 0x0, 0x0, 0x7f, 0xfa, 0x0, 0x0, 0x0,
    0x0, 0x0, 0x0, 0x0, 0x0, 0x0, 0x0, 0x0,
    0x0, 0x0, 0x0, 0x3f, 0xff, 0xc1, 0x0, 0x0,
    0x0, 0x0, 0x0, 0x0, 0x0, 0x3, 0xb6, 0x0,
    0x0, 0x0, 0x0, 0x2, 0xdf, 0xfc, 0x0, 0x0,
    0x0, 0x0, 0x0, 0x0, 0x0, 0x3f, 0xff, 0x0,
    0x0, 0x0, 0x21, 0x0, 0x1c, 0xff, 0x90, 0x0,
    0x0, 0x0, 0x0, 0x0, 0x3, 0xff, 0xff, 0x0,
    0x0, 0x4, 0xfe, 0x50, 0x1, 0xef, 0xf3, 0x0,
    0x0, 0x0, 0x0, 0x0, 0x3f, 0xff, 0xff, 0x0,
    0x0, 0x5, 0xff, 0xf6, 0x0, 0x4f, 0xfc, 0x0,
    0x0, 0x0, 0x0, 0x3, 0xff, 0xff, 0xff, 0x0,
    0x0, 0x0, 0x7f, 0xff, 0x40, 0xa, 0xff, 0x40,
    0x38, 0x88, 0x88, 0x8f, 0xff, 0xff, 0xff, 0x0,
    0x0, 0x0, 0x5, 0xff, 0xe0, 0x2, 0xff, 0xa0,
    0xef, 0xff, 0xff, 0xff, 0xff, 0xff, 0xff, 0x0,
    0x1c, 0xa1, 0x0, 0x8f, 0xf6, 0x0, 0xcf, 0xf0,
    0xff, 0xff, 0xff, 0xff, 0xff, 0xff, 0xff, 0x0,
    0x6f, 0xfd, 0x0, 0x1f, 0xfc, 0x0, 0x8f, 0xf2,
    0xff, 0xff, 0xff, 0xff, 0xff, 0xff, 0xff, 0x0,
    0x1c, 0xff, 0x80, 0xa, 0xff, 0x0, 0x4f, 0xf5,
    0xff, 0xff, 0xff, 0xff, 0xff, 0xff, 0xff, 0x0,
    0x0, 0xdf, 0xd0, 0x7, 0xff, 0x20, 0x3f, 0xf7,
    0xff, 0xff, 0xff, 0xff, 0xff, 0xff, 0xff, 0x0,
    0x0, 0xaf, 0xf0, 0x6, 0xff, 0x30, 0x2f, 0xf7,
    0xff, 0xff, 0xff, 0xff, 0xff, 0xff, 0xff, 0x0,
    0x0, 0xdf, 0xd0, 0x7, 0xff, 0x20, 0x3f, 0xf7,
    0xff, 0xff, 0xff, 0xff, 0xff, 0xff, 0xff, 0x0,
    0x1c, 0xff, 0x80, 0xa, 0xff, 0x0, 0x4f, 0xf5,
    0xff, 0xff, 0xff, 0xff, 0xff, 0xff, 0xff, 0x0,
    0x6f, 0xfd, 0x0, 0x1f, 0xfc, 0x0, 0x8f, 0xf2,
    0xff, 0xff, 0xff, 0xff, 0xff, 0xff, 0xff, 0x0,
    0x1c, 0xa1, 0x0, 0x9f, 0xf6, 0x0, 0xdf, 0xe0,
    0x9f, 0xff, 0xff, 0xff, 0xff, 0xff, 0xff, 0x0,
    0x0, 0x0, 0x5, 0xff, 0xe0, 0x3, 0xff, 0xa0,
    0x0, 0x0, 0x0, 0x8, 0xff, 0xff, 0xff, 0x0,
    0x0, 0x0, 0x7f, 0xff, 0x40, 0xa, 0xff, 0x40,
    0x0, 0x0, 0x0, 0x0, 0x8f, 0xff, 0xff, 0x0,
    0x0, 0x5, 0xff, 0xf6, 0x0, 0x4f, 0xfc, 0x0,
    0x0, 0x0, 0x0, 0x0, 0x8, 0xff, 0xff, 0x0,
    0x0, 0x4, 0xfe, 0x50, 0x1, 0xef, 0xf3, 0x0,
    0x0, 0x0, 0x0, 0x0, 0x0, 0x8f, 0xff, 0x0,
    0x0, 0x0, 0x21, 0x0, 0x1d, 0xff, 0x90, 0x0,
    0x0, 0x0, 0x0, 0x0, 0x0, 0x8, 0xfc, 0x0,
    0x0, 0x0, 0x0, 0x2, 0xdf, 0xfc, 0x0, 0x0,
    0x0, 0x0, 0x0, 0x0, 0x0, 0x0, 0x10, 0x0,
    0x0, 0x0, 0x0, 0x3f, 0xff, 0xc1, 0x0, 0x0,
    0x0, 0x0, 0x0, 0x0, 0x0, 0x0, 0x0, 0x0,
    0x0, 0x0, 0x0, 0x7f, 0xfa, 0x0, 0x0, 0x0,
    0x0, 0x0, 0x0, 0x0, 0x0, 0x0, 0x0, 0x0,
    0x0, 0x0, 0x0, 0x18, 0x50, 0x0, 0x0, 0x0,

    /* U+F03E "" */
    0x1b, 0xff, 0xff, 0xff, 0xff, 0xff, 0xff, 0xff,
    0xff, 0xff, 0xff, 0xff, 0xff, 0xb1, 0xbf, 0xff,
    0xff, 0xff, 0xff, 0xff, 0xff, 0xff, 0xff, 0xff,
    0xff, 0xff, 0xff, 0xfb, 0xff, 0xff, 0xff, 0xff,
    0xff, 0xff, 0xff, 0xff, 0xff, 0xff, 0xff, 0xff,
    0xff, 0xff, 0xff, 0xff, 0x93, 0x27, 0xff, 0xff,
    0xff, 0xff, 0xff, 0xff, 0xff, 0xff, 0xff, 0xff,
    0xff, 0xf9, 0x0, 0x0, 0x5f, 0xff, 0xff, 0xff,
    0xff, 0xff, 0xff, 0xff, 0xff, 0xff, 0xff, 0xf2,
    0x0, 0x0, 0xe, 0xff, 0xff, 0xff, 0xff, 0xff,
    0xff, 0xff, 0xff, 0xff, 0xff, 0xf2, 0x0, 0x0,
    0xe, 0xff, 0xff, 0xff, 0xff, 0xd8, 0xff, 0xff,
    0xff, 0xff, 0xff, 0xf7, 0x0, 0x0, 0x3f, 0xff,
    0xff, 0xff, 0xfc, 0x10, 0x6f, 0xff, 0xff, 0xff,
    0xff, 0xff, 0x50, 0x3, 0xdf, 0xff, 0xff, 0xff,
    0xc1, 0x0, 0x6, 0xff, 0xff, 0xff, 0xff, 0xff,
    0xfe, 0xef, 0xff, 0xff, 0xff, 0xfc, 0x10, 0x0,
    0x0, 0x6f, 0xff, 0xff, 0xff, 0xff, 0xff, 0xfe,
    0xff, 0xff, 0xff, 0xc1, 0x0, 0x0, 0x0, 0x6,
    0xff, 0xff, 0xff, 0xff, 0xff, 0xc1, 0x3e, 0xff,
    0xfc, 0x10, 0x0, 0x0, 0x0, 0x0, 0x9f, 0xff,
    0xff, 0xff, 0xfc, 0x10, 0x3, 0xef, 0xc1, 0x0,
    0x0, 0x0, 0x0, 0x0, 0x8f, 0xff, 0xff, 0xff,
    0xc1, 0x0, 0x0, 0x3b, 0x10, 0x0, 0x0, 0x0,
    0x0, 0x0, 0x8f, 0xff, 0xff, 0xfd, 0x10, 0x0,
    0x0, 0x0, 0x0, 0x0, 0x0, 0x0, 0x0, 0x0,
    0x8f, 0xff, 0xff, 0xf8, 0x0, 0x0, 0x0, 0x0,
    0x0, 0x0, 0x0, 0x0, 0x0, 0x0, 0x8f, 0xff,
    0xff, 0xf8, 0x0, 0x0, 0x0, 0x0, 0x0, 0x0,
    0x0, 0x0, 0x0, 0x0, 0x8f, 0xff, 0xff, 0xfc,
    0x88, 0x88, 0x88, 0x88, 0x88, 0x88, 0x88, 0x88,
    0x88, 0x88, 0xcf, 0xff, 0xff, 0xff, 0xff, 0xff,
    0xff, 0xff, 0xff, 0xff, 0xff, 0xff, 0xff, 0xff,
    0xff, 0xff, 0xbf, 0xff, 0xff, 0xff, 0xff, 0xff,
    0xff, 0xff, 0xff, 0xff, 0xff, 0xff, 0xff, 0xfb,
    0x1b, 0xff, 0xff, 0xff, 0xff, 0xff, 0xff, 0xff,
    0xff, 0xff, 0xff, 0xff, 0xff, 0xb1,

    /* U+F043 "" */
    0x0, 0x0, 0x0, 0x0, 0x39, 0x50, 0x0, 0x0,
    0x0, 0x0, 0x0, 0x0, 0x0, 0x0, 0xef, 0xf2,
    0x0, 0x0, 0x0, 0x0, 0x0, 0x0, 0x0, 0x4,
    0xff, 0xf8, 0x0, 0x0, 0x0, 0x0, 0x0, 0x0,
    0x0, 0xa, 0xff, 0xfe, 0x0, 0x0, 0x0, 0x0,
    0x0, 0x0, 0x0, 0x1f, 0xff, 0xff, 0x40, 0x0,
    0x0, 0x0, 0x0, 0x0, 0x0, 0x8f, 0xff, 0xff,
    0xc0, 0x0, 0x0, 0x0, 0x0, 0x0, 0x1, 0xff,
    0xff, 0xff, 0xf4, 0x0, 0x0, 0x0, 0x0, 0x0,
    0x8, 0xff, 0xff, 0xff, 0xfc, 0x0, 0x0, 0x0,
    0x0, 0x0, 0x2f, 0xff, 0xff, 0xff, 0xff, 0x60,
    0x0, 0x0, 0x0, 0x0, 0xcf, 0xff, 0xff, 0xff,
    0xff, 0xf1, 0x0, 0x0, 0x0, 0x7, 0xff, 0xff,
    0xff, 0xff, 0xff, 0xfb, 0x0, 0x0, 0x0, 0x3f,
    0xff, 0xff, 0xff, 0xff, 0xff, 0xff, 0x70, 0x0,
    0x0, 0xdf, 0xff, 0xff, 0xff, 0xff, 0xff, 0xff,
    0xf3, 0x0, 0x7, 0xff, 0xff, 0xff, 0xff, 0xff,
    0xff, 0xff, 0xfb, 0x0, 0xe, 0xff, 0xff, 0xff,
    0xff, 0xff, 0xff, 0xff, 0xff, 0x30, 0x6f, 0xff,
    0xff, 0xff, 0xff, 0xff, 0xff, 0xff, 0xff, 0x90,
    0xbf, 0xff, 0xff, 0xff, 0xff, 0xff, 0xff, 0xff,
    0xff, 0xe0, 0xdf, 0xff, 0xff, 0xff, 0xff, 0xff,
    0xff, 0xff, 0xff, 0xf1, 0xff, 0xfa, 0xd, 0xff,
    0xff, 0xff, 0xff, 0xff, 0xff, 0xf3, 0xef, 0xf8,
    0xa, 0xff, 0xff, 0xff, 0xff, 0xff, 0xff, 0xf2,
    0xdf, 0xfc, 0x6, 0xff, 0xff, 0xff, 0xff, 0xff,
    0xff, 0xf1, 0x9f, 0xff, 0x20, 0xcf, 0xff, 0xff,
    0xff, 0xff, 0xff, 0xd0, 0x4f, 0xff, 0xb0, 0x9,
    0xff, 0xff, 0xff, 0xff, 0xff, 0x70, 0xc, 0xff,
    0xfa, 0x0, 0x2, 0xcf, 0xff, 0xff, 0xfe, 0x10,
    0x2, 0xff, 0xff, 0xd6, 0x10, 0xbf, 0xff, 0xff,
    0xf5, 0x0, 0x0, 0x5f, 0xff, 0xff, 0xff, 0xff,
    0xff, 0xff, 0x80, 0x0, 0x0, 0x4, 0xef, 0xff,
    0xff, 0xff, 0xff, 0xf6, 0x0, 0x0, 0x0, 0x0,
    0x18, 0xff, 0xff, 0xff, 0xfa, 0x20, 0x0, 0x0,
    0x0, 0x0, 0x0, 0x4, 0x67, 0x64, 0x0, 0x0,
    0x0, 0x0,

    /* U+F048 "" */
    0x48, 0x88, 0x0, 0x0, 0x0, 0x0, 0x0, 0x7,
    0x70, 0xbf, 0xff, 0x30, 0x0, 0x0, 0x0, 0x0,
    0xbf, 0xf9, 0xbf, 0xff, 0x30, 0x0, 0x0, 0x0,
    0x1c, 0xff, 0xfc, 0xbf, 0xff, 0x30, 0x0, 0x0,
    0x1, 0xdf, 0xff, 0xfc, 0xbf, 0xff, 0x30, 0x0,
    0x0, 0x2e, 0xff, 0xff, 0xfc, 0xbf, 0xff, 0x30,
    0x0, 0x3, 0xef, 0xff, 0xff, 0xfc, 0xbf, 0xff,
    0x30, 0x0, 0x4f, 0xff, 0xff, 0xff, 0xfc, 0xbf,
    0xff, 0x30, 0x4, 0xff, 0xff, 0xff, 0xff, 0xfc,
    0xbf, 0xff, 0x30, 0x6f, 0xff, 0xff, 0xff, 0xff,
    0xfc, 0xbf, 0xff, 0x37, 0xff, 0xff, 0xff, 0xff,
    0xff, 0xfc, 0xbf, 0xff, 0xbf, 0xff, 0xff, 0xff,
    0xff, 0xff, 0xfc, 0xbf, 0xff, 0xff, 0xff, 0xff,
    0xff, 0xff, 0xff, 0xfc, 0xbf, 0xff, 0xff, 0xff,
    0xff, 0xff, 0xff, 0xff, 0xfc, 0xbf, 0xff, 0xff,
    0xff, 0xff, 0xff, 0xff, 0xff, 0xfc, 0xbf, 0xff,
    0xff, 0xff, 0xff, 0xff, 0xff, 0xff, 0xfc, 0xbf,
    0xff, 0x5d, 0xff, 0xff, 0xff, 0xff, 0xff, 0xfc,
    0xbf, 0xff, 0x31, 0xcf, 0xff, 0xff, 0xff, 0xff,
    0xfc, 0xbf, 0xff, 0x30, 0xb, 0xff, 0xff, 0xff,
    0xff, 0xfc, 0xbf, 0xff, 0x30, 0x0, 0xaf, 0xff,
    0xff, 0xff, 0xfc, 0xbf, 0xff, 0x30, 0x0, 0x9,
    0xff, 0xff, 0xff, 0xfc, 0xbf, 0xff, 0x30, 0x0,
    0x0, 0x7f, 0xff, 0xff, 0xfc, 0xbf, 0xff, 0x30,
    0x0, 0x0, 0x6, 0xff, 0xff, 0xfc, 0xbf, 0xff,
    0x30, 0x0, 0x0, 0x0, 0x5f, 0xff, 0xfc, 0xbf,
    0xff, 0x30, 0x0, 0x0, 0x0, 0x4, 0xff, 0xfb,
    0x9f, 0xfe, 0x20, 0x0, 0x0, 0x0, 0x0, 0x3d,
    0xd3, 0x0, 0x0, 0x0, 0x0, 0x0, 0x0, 0x0,
    0x0, 0x0,

    /* U+F04B "" */
    0x3, 0x75, 0x0, 0x0, 0x0, 0x0, 0x0, 0x0,
    0x0, 0x0, 0x0, 0x0, 0x7, 0xff, 0xfc, 0x30,
    0x0, 0x0, 0x0, 0x0, 0x0, 0x0, 0x0, 0x0,
    0x0, 0xef, 0xff, 0xff, 0x91, 0x0, 0x0, 0x0,
    0x0, 0x0, 0x0, 0x0, 0x0, 0xf, 0xff, 0xff,
    0xff, 0xe6, 0x0, 0x0, 0x0, 0x0, 0x0, 0x0,
    0x0, 0x0, 0xff, 0xff, 0xff, 0xff, 0xfd, 0x30,
    0x0, 0x0, 0x0, 0x0, 0x0, 0x0, 0xf, 0xff,
    0xff, 0xff, 0xff, 0xff, 0xa1, 0x0, 0x0, 0x0,
    0x0, 0x0, 0x0, 0xff, 0xff, 0xff, 0xff, 0xff,
    0xff, 0xf7, 0x0, 0x0, 0x0, 0x0, 0x0, 0xf,
    0xff, 0xff, 0xff, 0xff, 0xff, 0xff, 0xfd, 0x40,
    0x0, 0x0, 0x0, 0x0, 0xff, 0xff, 0xff, 0xff,
    0xff, 0xff, 0xff, 0xff, 0xb2, 0x0, 0x0, 0x0,
    0xf, 0xff, 0xff, 0xff, 0xff, 0xff, 0xff, 0xff,
    0xff, 0xf8, 0x0, 0x0, 0x0, 0xff, 0xff, 0xff,
    0xff, 0xff, 0xff, 0xff, 0xff, 0xff, 0xfe, 0x50,
    0x0, 0xf, 0xff, 0xff, 0xff, 0xff, 0xff, 0xff,
    0xff, 0xff, 0xff, 0xff, 0xb2, 0x0, 0xff, 0xff,
    0xff, 0xff, 0xff, 0xff, 0xff, 0xff, 0xff, 0xff,
    0xff, 0xf7, 0xf, 0xff, 0xff, 0xff, 0xff, 0xff,
    0xff, 0xff, 0xff, 0xff, 0xff, 0xff, 0xf4, 0xff,
    0xff, 0xff, 0xff, 0xff, 0xff, 0xff, 0xff, 0xff,
    0xff, 0xff, 0xff, 0x7f, 0xff, 0xff, 0xff, 0xff,
    0xff, 0xff, 0xff, 0xff, 0xff, 0xff, 0xff, 0xf4,
    0xff, 0xff, 0xff, 0xff, 0xff, 0xff, 0xff, 0xff,
    0xff, 0xff, 0xff, 0xf7, 0xf, 0xff, 0xff, 0xff,
    0xff, 0xff, 0xff, 0xff, 0xff, 0xff, 0xff, 0xb2,
    0x0, 0xff, 0xff, 0xff, 0xff, 0xff, 0xff, 0xff,
    0xff, 0xff, 0xfe, 0x50, 0x0, 0xf, 0xff, 0xff,
    0xff, 0xff, 0xff, 0xff, 0xff, 0xff, 0xf8, 0x0,
    0x0, 0x0, 0xff, 0xff, 0xff, 0xff, 0xff, 0xff,
    0xff, 0xff, 0xb2, 0x0, 0x0, 0x0, 0xf, 0xff,
    0xff, 0xff, 0xff, 0xff, 0xff, 0xfd, 0x40, 0x0,
    0x0, 0x0, 0x0, 0xff, 0xff, 0xff, 0xff, 0xff,
    0xff, 0xf7, 0x0, 0x0, 0x0, 0x0, 0x0, 0xf,
    0xff, 0xff, 0xff, 0xff, 0xff, 0xa1, 0x0, 0x0,
    0x0, 0x0, 0x0, 0x0, 0xff, 0xff, 0xff, 0xff,
    0xfd, 0x30, 0x0, 0x0, 0x0, 0x0, 0x0, 0x0,
    0xf, 0xff, 0xff, 0xff, 0xe6, 0x0, 0x0, 0x0,
    0x0, 0x0, 0x0, 0x0, 0x0, 0xef, 0xff, 0xff,
    0x91, 0x0, 0x0, 0x0, 0x0, 0x0, 0x0, 0x0,
    0x0, 0x6, 0xff, 0xfc, 0x30, 0x0, 0x0, 0x0,
    0x0, 0x0, 0x0, 0x0, 0x0, 0x0, 0x3, 0x74,
    0x0, 0x0, 0x0, 0x0, 0x0, 0x0, 0x0, 0x0,
    0x0, 0x0, 0x0,

    /* U+F04C "" */
    0x1a, 0xef, 0xff, 0xff, 0xd5, 0x0, 0x0, 0x1a,
    0xef, 0xff, 0xff, 0xd5, 0xa, 0xff, 0xff, 0xff,
    0xff, 0xf2, 0x0, 0xa, 0xff, 0xff, 0xff, 0xff,
    0xf2, 0xff, 0xff, 0xff, 0xff, 0xff, 0x70, 0x0,
    0xff, 0xff, 0xff, 0xff, 0xff, 0x7f, 0xff, 0xff,
    0xff, 0xff, 0xf8, 0x0, 0xf, 0xff, 0xff, 0xff,
    0xff, 0xf8, 0xff, 0xff, 0xff, 0xff, 0xff, 0x80,
    0x0, 0xff, 0xff, 0xff, 0xff, 0xff, 0x8f, 0xff,
    0xff, 0xff, 0xff, 0xf8, 0x0, 0xf, 0xff, 0xff,
    0xff, 0xff, 0xf8, 0xff, 0xff, 0xff, 0xff, 0xff,
    0x80, 0x0, 0xff, 0xff, 0xff, 0xff, 0xff, 0x8f,
    0xff, 0xff, 0xff, 0xff, 0xf8, 0x0, 0xf, 0xff,
    0xff, 0xff, 0xff, 0xf8, 0xff, 0xff, 0xff, 0xff,
    0xff, 0x80, 0x0, 0xff, 0xff, 0xff, 0xff, 0xff,
    0x8f, 0xff, 0xff, 0xff, 0xff, 0xf8, 0x0, 0xf,
    0xff, 0xff, 0xff, 0xff, 0xf8, 0xff, 0xff, 0xff,
    0xff, 0xff, 0x80, 0x0, 0xff, 0xff, 0xff, 0xff,
    0xff, 0x8f, 0xff, 0xff, 0xff, 0xff, 0xf8, 0x0,
    0xf, 0xff, 0xff, 0xff, 0xff, 0xf8, 0xff, 0xff,
    0xff, 0xff, 0xff, 0x80, 0x0, 0xff, 0xff, 0xff,
    0xff, 0xff, 0x8f, 0xff, 0xff, 0xff, 0xff, 0xf8,
    0x0, 0xf, 0xff, 0xff, 0xff, 0xff, 0xf8, 0xff,
    0xff, 0xff, 0xff, 0xff, 0x80, 0x0, 0xff, 0xff,
    0xff, 0xff, 0xff, 0x8f, 0xff, 0xff, 0xff, 0xff,
    0xf8, 0x0, 0xf, 0xff, 0xff, 0xff, 0xff, 0xf8,
    0xff, 0xff, 0xff, 0xff, 0xff, 0x80, 0x0, 0xff,
    0xff, 0xff, 0xff, 0xff, 0x8f, 0xff, 0xff, 0xff,
    0xff, 0xf8, 0x0, 0xf, 0xff, 0xff, 0xff, 0xff,
    0xf8, 0xff, 0xff, 0xff, 0xff, 0xff, 0x80, 0x0,
    0xff, 0xff, 0xff, 0xff, 0xff, 0x8f, 0xff, 0xff,
    0xff, 0xff, 0xf8, 0x0, 0xf, 0xff, 0xff, 0xff,
    0xff, 0xf8, 0xff, 0xff, 0xff, 0xff, 0xff, 0x80,
    0x0, 0xff, 0xff, 0xff, 0xff, 0xff, 0x8f, 0xff,
    0xff, 0xff, 0xff, 0xf7, 0x0, 0xf, 0xff, 0xff,
    0xff, 0xff, 0xf7, 0xef, 0xff, 0xff, 0xff, 0xff,
    0x60, 0x0, 0xef, 0xff, 0xff, 0xff, 0xff, 0x66,
    0xff, 0xff, 0xff, 0xff, 0xd0, 0x0, 0x6, 0xff,
    0xff, 0xff, 0xff, 0xd0, 0x4, 0x89, 0x99, 0x98,
    0x71, 0x0, 0x0, 0x4, 0x89, 0x99, 0x98, 0x71,
    0x0,

    /* U+F04D "" */
    0x3, 0x88, 0x88, 0x88, 0x88, 0x88, 0x88, 0x88,
    0x88, 0x88, 0x88, 0x60, 0x6, 0xff, 0xff, 0xff,
    0xff, 0xff, 0xff, 0xff, 0xff, 0xff, 0xff, 0xff,
    0xd0, 0xef, 0xff, 0xff, 0xff, 0xff, 0xff, 0xff,
    0xff, 0xff, 0xff, 0xff, 0xff, 0x6f, 0xff, 0xff,
    0xff, 0xff, 0xff, 0xff, 0xff, 0xff, 0xff, 0xff,
    0xff, 0xf7, 0xff, 0xff, 0xff, 0xff, 0xff, 0xff,
    0xff, 0xff, 0xff, 0xff, 0xff, 0xff, 0x8f, 0xff,
    0xff, 0xff, 0xff, 0xff, 0xff, 0xff, 0xff, 0xff,
    0xff, 0xff, 0xf8, 0xff, 0xff, 0xff, 0xff, 0xff,
    0xff, 0xff, 0xff, 0xff, 0xff, 0xff, 0xff, 0x8f,
    0xff, 0xff, 0xff, 0xff, 0xff, 0xff, 0xff, 0xff,
    0xff, 0xff, 0xff, 0xf8, 0xff, 0xff, 0xff, 0xff,
    0xff, 0xff, 0xff, 0xff, 0xff, 0xff, 0xff, 0xff,
    0x8f, 0xff, 0xff, 0xff, 0xff, 0xff, 0xff, 0xff,
    0xff, 0xff, 0xff, 0xff, 0xf8, 0xff, 0xff, 0xff,
    0xff, 0xff, 0xff, 0xff, 0xff, 0xff, 0xff, 0xff,
    0xff, 0x8f, 0xff, 0xff, 0xff, 0xff, 0xff, 0xff,
    0xff, 0xff, 0xff, 0xff, 0xff, 0xf8, 0xff, 0xff,
    0xff, 0xff, 0xff, 0xff, 0xff, 0xff, 0xff, 0xff,
    0xff, 0xff, 0x8f, 0xff, 0xff, 0xff, 0xff, 0xff,
    0xff, 0xff, 0xff, 0xff, 0xff, 0xff, 0xf8, 0xff,
    0xff, 0xff, 0xff, 0xff, 0xff, 0xff, 0xff, 0xff,
    0xff, 0xff, 0xff, 0x8f, 0xff, 0xff, 0xff, 0xff,
    0xff, 0xff, 0xff, 0xff, 0xff, 0xff, 0xff, 0xf8,
    0xff, 0xff, 0xff, 0xff, 0xff, 0xff, 0xff, 0xff,
    0xff, 0xff, 0xff, 0xff, 0x8f, 0xff, 0xff, 0xff,
    0xff, 0xff, 0xff, 0xff, 0xff, 0xff, 0xff, 0xff,
    0xf8, 0xff, 0xff, 0xff, 0xff, 0xff, 0xff, 0xff,
    0xff, 0xff, 0xff, 0xff, 0xff, 0x8f, 0xff, 0xff,
    0xff, 0xff, 0xff, 0xff, 0xff, 0xff, 0xff, 0xff,
    0xff, 0xf8, 0xff, 0xff, 0xff, 0xff, 0xff, 0xff,
    0xff, 0xff, 0xff, 0xff, 0xff, 0xff, 0x8f, 0xff,
    0xff, 0xff, 0xff, 0xff, 0xff, 0xff, 0xff, 0xff,
    0xff, 0xff, 0xf8, 0xff, 0xff, 0xff, 0xff, 0xff,
    0xff, 0xff, 0xff, 0xff, 0xff, 0xff, 0xff, 0x7a,
    0xff, 0xff, 0xff, 0xff, 0xff, 0xff, 0xff, 0xff,
    0xff, 0xff, 0xff, 0xf2, 0x1a, 0xef, 0xff, 0xff,
    0xff, 0xff, 0xff, 0xff, 0xff, 0xff, 0xff, 0xd5,
    0x0,

    /* U+F051 "" */
    0x5, 0x81, 0x0, 0x0, 0x0, 0x0, 0x0, 0x68,
    0x87, 0x5f, 0xfe, 0x20, 0x0, 0x0, 0x0, 0x0,
    0xef, 0xff, 0x7f, 0xff, 0xe3, 0x0, 0x0, 0x0,
    0x0, 0xff, 0xff, 0x8f, 0xff, 0xff, 0x40, 0x0,
    0x0, 0x0, 0xff, 0xff, 0x8f, 0xff, 0xff, 0xf5,
    0x0, 0x0, 0x0, 0xff, 0xff, 0x8f, 0xff, 0xff,
    0xff, 0x60, 0x0, 0x0, 0xff, 0xff, 0x8f, 0xff,
    0xff, 0xff, 0xf8, 0x0, 0x0, 0xff, 0xff, 0x8f,
    0xff, 0xff, 0xff, 0xff, 0x90, 0x0, 0xff, 0xff,
    0x8f, 0xff, 0xff, 0xff, 0xff, 0xfa, 0x0, 0xff,
    0xff, 0x8f, 0xff, 0xff, 0xff, 0xff, 0xff, 0xb0,
    0xff, 0xff, 0x8f, 0xff, 0xff, 0xff, 0xff, 0xff,
    0xfc, 0xff, 0xff, 0x8f, 0xff, 0xff, 0xff, 0xff,
    0xff, 0xff, 0xff, 0xff, 0x8f, 0xff, 0xff, 0xff,
    0xff, 0xff, 0xff, 0xff, 0xff, 0x8f, 0xff, 0xff,
    0xff, 0xff, 0xff, 0xff, 0xff, 0xff, 0x8f, 0xff,
    0xff, 0xff, 0xff, 0xff, 0xff, 0xff, 0xff, 0x8f,
    0xff, 0xff, 0xff, 0xff, 0xff, 0xe3, 0xff, 0xff,
    0x8f, 0xff, 0xff, 0xff, 0xff, 0xfe, 0x20, 0xff,
    0xff, 0x8f, 0xff, 0xff, 0xff, 0xff, 0xd2, 0x0,
    0xff, 0xff, 0x8f, 0xff, 0xff, 0xff, 0xfd, 0x10,
    0x0, 0xff, 0xff, 0x8f, 0xff, 0xff, 0xff, 0xc1,
    0x0, 0x0, 0xff, 0xff, 0x8f, 0xff, 0xff, 0xfb,
    0x0, 0x0, 0x0, 0xff, 0xff, 0x8f, 0xff, 0xff,
    0xa0, 0x0, 0x0, 0x0, 0xff, 0xff, 0x8f, 0xff,
    0xf9, 0x0, 0x0, 0x0, 0x0, 0xff, 0xff, 0x7f,
    0xff, 0x80, 0x0, 0x0, 0x0, 0x0, 0xff, 0xff,
    0x1c, 0xf6, 0x0, 0x0, 0x0, 0x0, 0x0, 0xcf,
    0xfd, 0x0, 0x0, 0x0, 0x0, 0x0, 0x0, 0x0,
    0x0, 0x0,

    /* U+F052 "" */
    0x0, 0x0, 0x0, 0x0, 0x0, 0x1, 0x9a, 0x50,
    0x0, 0x0, 0x0, 0x0, 0x0, 0x0, 0x0, 0x0,
    0x0, 0x0, 0x1e, 0xff, 0xf8, 0x0, 0x0, 0x0,
    0x0, 0x0, 0x0, 0x0, 0x0, 0x0, 0x1, 0xdf,
    0xff, 0xff, 0x60, 0x0, 0x0, 0x0, 0x0, 0x0,
    0x0, 0x0, 0x0, 0xc, 0xff, 0xff, 0xff, 0xf5,
    0x0, 0x0, 0x0, 0x0, 0x0, 0x0, 0x0, 0x0,
    0xbf, 0xff, 0xff, 0xff, 0xff, 0x40, 0x0, 0x0,
    0x0, 0x0, 0x0, 0x0, 0xa, 0xff, 0xff, 0xff,
    0xff, 0xff, 0xf3, 0x0, 0x0, 0x0, 0x0, 0x0,
    0x0, 0x9f, 0xff, 0xff, 0xff, 0xff, 0xff, 0xfe,
    0x20, 0x0, 0x0, 0x0, 0x0, 0x8, 0xff, 0xff,
    0xff, 0xff, 0xff, 0xff, 0xff, 0xe1, 0x0, 0x0,
    0x0, 0x0, 0x6f, 0xff, 0xff, 0xff, 0xff, 0xff,
    0xff, 0xff, 0xfd, 0x10, 0x0, 0x0, 0x5, 0xff,
    0xff, 0xff, 0xff, 0xff, 0xff, 0xff, 0xff, 0xff,
    0xc0, 0x0, 0x0, 0x4f, 0xff, 0xff, 0xff, 0xff,
    0xff, 0xff, 0xff, 0xff, 0xff, 0xfb, 0x0, 0x3,
    0xff, 0xff, 0xff, 0xff, 0xff, 0xff, 0xff, 0xff,
    0xff, 0xff, 0xff, 0xa0, 0xc, 0xff, 0xff, 0xff,
    0xff, 0xff, 0xff, 0xff, 0xff, 0xff, 0xff, 0xff,
    0xf5, 0xf, 0xff, 0xff, 0xff, 0xff, 0xff, 0xff,
    0xff, 0xff, 0xff, 0xff, 0xff, 0xf7, 0xa, 0xff,
    0xff, 0xff, 0xff, 0xff, 0xff, 0xff, 0xff, 0xff,
    0xff, 0xff, 0xf3, 0x1, 0xbf, 0xff, 0xff, 0xff,
    0xff, 0xff, 0xff, 0xff, 0xff, 0xff, 0xfe, 0x60,
    0x0, 0x0, 0x0, 0x0, 0x0, 0x0, 0x0, 0x0,
    0x0, 0x0, 0x0, 0x0, 0x0, 0x0, 0x0, 0x0,
    0x0, 0x0, 0x0, 0x0, 0x0, 0x0, 0x0, 0x0,
    0x0, 0x0, 0x6, 0xff, 0xff, 0xff, 0xff, 0xff,
    0xff, 0xff, 0xff, 0xff, 0xff, 0xff, 0xd1, 0xf,
    0xff, 0xff, 0xff, 0xff, 0xff, 0xff, 0xff, 0xff,
    0xff, 0xff, 0xff, 0xf7, 0xf, 0xff, 0xff, 0xff,
    0xff, 0xff, 0xff, 0xff, 0xff, 0xff, 0xff, 0xff,
    0xf8, 0xf, 0xff, 0xff, 0xff, 0xff, 0xff, 0xff,
    0xff, 0xff, 0xff, 0xff, 0xff, 0xf8, 0xf, 0xff,
    0xff, 0xff, 0xff, 0xff, 0xff, 0xff, 0xff, 0xff,
    0xff, 0xff, 0xf8, 0xe, 0xff, 0xff, 0xff, 0xff,
    0xff, 0xff, 0xff, 0xff, 0xff, 0xff, 0xff, 0xf6,
    0x5, 0xef, 0xff, 0xff, 0xff, 0xff, 0xff, 0xff,
    0xff, 0xff, 0xff, 0xff, 0xb0,

    /* U+F053 "" */
    0x0, 0x0, 0x0, 0x0, 0x0, 0x3, 0x93, 0x0,
    0x0, 0x0, 0x0, 0x0, 0x0, 0x4f, 0xff, 0x30,
    0x0, 0x0, 0x0, 0x0, 0x4, 0xff, 0xff, 0xe0,
    0x0, 0x0, 0x0, 0x0, 0x4f, 0xff, 0xff, 0xc0,
    0x0, 0x0, 0x0, 0x4, 0xff, 0xff, 0xfd, 0x10,
    0x0, 0x0, 0x0, 0x4f, 0xff, 0xff, 0xd1, 0x0,
    0x0, 0x0, 0x4, 0xff, 0xff, 0xfd, 0x10, 0x0,
    0x0, 0x0, 0x4f, 0xff, 0xff, 0xd1, 0x0, 0x0,
    0x0, 0x4, 0xff, 0xff, 0xfd, 0x10, 0x0, 0x0,
    0x0, 0x4f, 0xff, 0xff, 0xd1, 0x0, 0x0, 0x0,
    0x4, 0xff, 0xff, 0xfd, 0x10, 0x0, 0x0, 0x0,
    0x3f, 0xff, 0xff, 0xd1, 0x0, 0x0, 0x0, 0x0,
    0x7f, 0xff, 0xff, 0x70, 0x0, 0x0, 0x0, 0x0,
    0xb, 0xff, 0xff, 0xf6, 0x0, 0x0, 0x0, 0x0,
    0x0, 0xbf, 0xff, 0xff, 0x60, 0x0, 0x0, 0x0,
    0x0, 0xb, 0xff, 0xff, 0xf6, 0x0, 0x0, 0x0,
    0x0, 0x0, 0xbf, 0xff, 0xff, 0x60, 0x0, 0x0,
    0x0, 0x0, 0xb, 0xff, 0xff, 0xf6, 0x0, 0x0,
    0x0, 0x0, 0x0, 0xbf, 0xff, 0xff, 0x60, 0x0,
    0x0, 0x0, 0x0, 0xc, 0xff, 0xff, 0xf6, 0x0,
    0x0, 0x0, 0x0, 0x0, 0xcf, 0xff, 0xff, 0x60,
    0x0, 0x0, 0x0, 0x0, 0xc, 0xff, 0xff, 0xf0,
    0x0, 0x0, 0x0, 0x0, 0x0, 0xcf, 0xff, 0xa0,
    0x0, 0x0, 0x0, 0x0, 0x0, 0xb, 0xfa, 0x0,
    0x0, 0x0, 0x0, 0x0, 0x0, 0x0, 0x20, 0x0,

    /* U+F054 "" */
    0x0, 0x78, 0x0, 0x0, 0x0, 0x0, 0x0, 0x0,
    0xa, 0xff, 0xb0, 0x0, 0x0, 0x0, 0x0, 0x0,
    0x6f, 0xff, 0xfb, 0x0, 0x0, 0x0, 0x0, 0x0,
    0x4f, 0xff, 0xff, 0xb0, 0x0, 0x0, 0x0, 0x0,
    0x7, 0xff, 0xff, 0xfb, 0x0, 0x0, 0x0, 0x0,
    0x0, 0x7f, 0xff, 0xff, 0xb0, 0x0, 0x0, 0x0,
    0x0, 0x7, 0xff, 0xff, 0xfb, 0x0, 0x0, 0x0,
    0x0, 0x0, 0x7f, 0xff, 0xff, 0xb0, 0x0, 0x0,
    0x0, 0x0, 0x7, 0xff, 0xff, 0xfb, 0x0, 0x0,
    0x0, 0x0, 0x0, 0x7f, 0xff, 0xff, 0xb0, 0x0,
    0x0, 0x0, 0x0, 0x7, 0xff, 0xff, 0xfb, 0x0,
    0x0, 0x0, 0x0, 0x0, 0x7f, 0xff, 0xff, 0xa0,
    0x0, 0x0, 0x0, 0x0, 0x1e, 0xff, 0xff, 0xf0,
    0x0, 0x0, 0x0, 0x1, 0xcf, 0xff, 0xff, 0x50,
    0x0, 0x0, 0x0, 0x1c, 0xff, 0xff, 0xf5, 0x0,
    0x0, 0x0, 0x1, 0xcf, 0xff, 0xff, 0x50, 0x0,
    0x0, 0x0, 0x1c, 0xff, 0xff, 0xf5, 0x0, 0x0,
    0x0, 0x1, 0xcf, 0xff, 0xff, 0x50, 0x0, 0x0,
    0x0, 0x1c, 0xff, 0xff, 0xf5, 0x0, 0x0, 0x0,
    0x1, 0xdf, 0xff, 0xff, 0x50, 0x0, 0x0, 0x0,
    0x1d, 0xff, 0xff, 0xf5, 0x0, 0x0, 0x0, 0x0,
    0x7f, 0xff, 0xff, 0x50, 0x0, 0x0, 0x0, 0x0,
    0x2f, 0xff, 0xf5, 0x0, 0x0, 0x0, 0x0, 0x0,
    0x3, 0xff, 0x50, 0x0, 0x0, 0x0, 0x0, 0x0,
    0x0, 0x11, 0x0, 0x0, 0x0, 0x0, 0x0, 0x0,

    /* U+F067 "" */
    0x0, 0x0, 0x0, 0x0, 0x0, 0x5a, 0xa8, 0x10,
    0x0, 0x0, 0x0, 0x0, 0x0, 0x0, 0x0, 0x0,
    0x0, 0x3f, 0xff, 0xfb, 0x0, 0x0, 0x0, 0x0,
    0x0, 0x0, 0x0, 0x0, 0x0, 0x5, 0xff, 0xff,
    0xd0, 0x0, 0x0, 0x0, 0x0, 0x0, 0x0, 0x0,
    0x0, 0x0, 0x6f, 0xff, 0xfe, 0x0, 0x0, 0x0,
    0x0, 0x0, 0x0, 0x0, 0x0, 0x0, 0x6, 0xff,
    0xff, 0xe0, 0x0, 0x0, 0x0, 0x0, 0x0, 0x0,
    0x0, 0x0, 0x0, 0x6f, 0xff, 0xfe, 0x0, 0x0,
    0x0, 0x0, 0x0, 0x0, 0x0, 0x0, 0x0, 0x6,
    0xff, 0xff, 0xe0, 0x0, 0x0, 0x0, 0x0, 0x0,
    0x0, 0x0, 0x0, 0x0, 0x6f, 0xff, 0xfe, 0x0,
    0x0, 0x0, 0x0, 0x0, 0x0, 0x0, 0x0, 0x0,
    0x6, 0xff, 0xff, 0xe0, 0x0, 0x0, 0x0, 0x0,
    0x0, 0x0, 0x0, 0x0, 0x0, 0x6f, 0xff, 0xfe,
    0x0, 0x0, 0x0, 0x0, 0x0, 0x6f, 0xff, 0xff,
    0xff, 0xff, 0xff, 0xff, 0xff, 0xff, 0xff, 0xff,
    0xfc, 0x1f, 0xff, 0xff, 0xff, 0xff, 0xff, 0xff,
    0xff, 0xff, 0xff, 0xff, 0xff, 0xf7, 0xff, 0xff,
    0xff, 0xff, 0xff, 0xff, 0xff, 0xff, 0xff, 0xff,
    0xff, 0xff, 0x8f, 0xff, 0xff, 0xff, 0xff, 0xff,
    0xff, 0xff, 0xff, 0xff, 0xff, 0xff, 0xf7, 0x9f,
    0xff, 0xff, 0xff, 0xff, 0xff, 0xff, 0xff, 0xff,
    0xff, 0xff, 0xfe, 0x20, 0x23, 0x33, 0x33, 0x33,
    0x8f, 0xff, 0xfe, 0x33, 0x33, 0x33, 0x33, 0x10,
    0x0, 0x0, 0x0, 0x0, 0x6, 0xff, 0xff, 0xe0,
    0x0, 0x0, 0x0, 0x0, 0x0, 0x0, 0x0, 0x0,
    0x0, 0x6f, 0xff, 0xfe, 0x0, 0x0, 0x0, 0x0,
    0x0, 0x0, 0x0, 0x0, 0x0, 0x6, 0xff, 0xff,
    0xe0, 0x0, 0x0, 0x0, 0x0, 0x0, 0x0, 0x0,
    0x0, 0x0, 0x6f, 0xff, 0xfe, 0x0, 0x0, 0x0,
    0x0, 0x0, 0x0, 0x0, 0x0, 0x0, 0x6, 0xff,
    0xff, 0xe0, 0x0, 0x0, 0x0, 0x0, 0x0, 0x0,
    0x0, 0x0, 0x0, 0x6f, 0xff, 0xfe, 0x0, 0x0,
    0x0, 0x0, 0x0, 0x0, 0x0, 0x0, 0x0, 0x6,
    0xff, 0xff, 0xe0, 0x0, 0x0, 0x0, 0x0, 0x0,
    0x0, 0x0, 0x0, 0x0, 0x4f, 0xff, 0xfc, 0x0,
    0x0, 0x0, 0x0, 0x0, 0x0, 0x0, 0x0, 0x0,
    0x0, 0x8d, 0xdc, 0x30, 0x0, 0x0, 0x0, 0x0,
    0x0,

    /* U+F068 "" */
    0x1, 0x22, 0x22, 0x22, 0x22, 0x22, 0x22, 0x22,
    0x22, 0x22, 0x22, 0x10, 0x8, 0xff, 0xff, 0xff,
    0xff, 0xff, 0xff, 0xff, 0xff, 0xff, 0xff, 0xff,
    0xe1, 0xff, 0xff, 0xff, 0xff, 0xff, 0xff, 0xff,
    0xff, 0xff, 0xff, 0xff, 0xff, 0x7f, 0xff, 0xff,
    0xff, 0xff, 0xff, 0xff, 0xff, 0xff, 0xff, 0xff,
    0xff, 0xf8, 0xff, 0xff, 0xff, 0xff, 0xff, 0xff,
    0xff, 0xff, 0xff, 0xff, 0xff, 0xff, 0x77, 0xff,
    0xff, 0xff, 0xff, 0xff, 0xff, 0xff, 0xff, 0xff,
    0xff, 0xff, 0xe1, 0x1, 0x22, 0x22, 0x22, 0x22,
    0x22, 0x22, 0x22, 0x22, 0x22, 0x22, 0x10, 0x0,

    /* U+F06E "" */
    0x0, 0x0, 0x0, 0x0, 0x0, 0x26, 0xad, 0xef,
    0xfe, 0xc9, 0x50, 0x0, 0x0, 0x0, 0x0, 0x0,
    0x0, 0x0, 0x0, 0x0, 0x5c, 0xff, 0xff, 0xff,
    0xff, 0xff, 0xff, 0xa2, 0x0, 0x0, 0x0, 0x0,
    0x0, 0x0, 0x0, 0x3c, 0xff, 0xff, 0xff, 0xba,
    0xbd, 0xff, 0xff, 0xff, 0x91, 0x0, 0x0, 0x0,
    0x0, 0x0, 0x8, 0xff, 0xff, 0xfd, 0x50, 0x0,
    0x0, 0x18, 0xff, 0xff, 0xfe, 0x40, 0x0, 0x0,
    0x0, 0x0, 0xbf, 0xff, 0xff, 0xa0, 0x0, 0x0,
    0x0, 0x0, 0x3e, 0xff, 0xff, 0xf6, 0x0, 0x0,
    0x0, 0xc, 0xff, 0xff, 0xfb, 0x0, 0x0, 0x39,
    0x95, 0x0, 0x2, 0xef, 0xff, 0xff, 0x70, 0x0,
    0x0, 0xaf, 0xff, 0xff, 0xe0, 0x0, 0x0, 0x3f,
    0xff, 0xd2, 0x0, 0x5f, 0xff, 0xff, 0xf5, 0x0,
    0x7, 0xff, 0xff, 0xff, 0x70, 0x0, 0x0, 0x3f,
    0xff, 0xfe, 0x10, 0xd, 0xff, 0xff, 0xff, 0x20,
    0x2f, 0xff, 0xff, 0xff, 0x20, 0x0, 0x0, 0xaf,
    0xff, 0xff, 0x80, 0x8, 0xff, 0xff, 0xff, 0xc0,
    0xbf, 0xff, 0xff, 0xff, 0x0, 0x48, 0x6b, 0xff,
    0xff, 0xff, 0xd0, 0x5, 0xff, 0xff, 0xff, 0xf5,
    0xff, 0xff, 0xff, 0xfe, 0x0, 0x7f, 0xff, 0xff,
    0xff, 0xff, 0xf0, 0x4, 0xff, 0xff, 0xff, 0xf9,
    0xbf, 0xff, 0xff, 0xff, 0x0, 0x6f, 0xff, 0xff,
    0xff, 0xff, 0xe0, 0x5, 0xff, 0xff, 0xff, 0xf5,
    0x1f, 0xff, 0xff, 0xff, 0x20, 0x1f, 0xff, 0xff,
    0xff, 0xff, 0x90, 0x8, 0xff, 0xff, 0xff, 0xc0,
    0x6, 0xff, 0xff, 0xff, 0x70, 0x8, 0xff, 0xff,
    0xff, 0xff, 0x20, 0xd, 0xff, 0xff, 0xff, 0x20,
    0x0, 0xaf, 0xff, 0xff, 0xe0, 0x0, 0xaf, 0xff,
    0xff, 0xf4, 0x0, 0x5f, 0xff, 0xff, 0xf5, 0x0,
    0x0, 0xb, 0xff, 0xff, 0xfb, 0x0, 0x4, 0xad,
    0xc8, 0x10, 0x2, 0xef, 0xff, 0xff, 0x70, 0x0,
    0x0, 0x0, 0xbf, 0xff, 0xff, 0xa0, 0x0, 0x0,
    0x0, 0x0, 0x3e, 0xff, 0xff, 0xf6, 0x0, 0x0,
    0x0, 0x0, 0x7, 0xff, 0xff, 0xfd, 0x50, 0x0,
    0x0, 0x18, 0xff, 0xff, 0xfe, 0x40, 0x0, 0x0,
    0x0, 0x0, 0x0, 0x3c, 0xff, 0xff, 0xff, 0xba,
    0xac, 0xff, 0xff, 0xff, 0x91, 0x0, 0x0, 0x0,
    0x0, 0x0, 0x0, 0x0, 0x4c, 0xff, 0xff, 0xff,
    0xff, 0xff, 0xff, 0xa2, 0x0, 0x0, 0x0, 0x0,
    0x0, 0x0, 0x0, 0x0, 0x0, 0x26, 0xad, 0xff,
    0xfe, 0xc9, 0x50, 0x0, 0x0, 0x0, 0x0, 0x0,

    /* U+F070 "" */
    0x4, 0x40, 0x0, 0x0, 0x0, 0x0, 0x0, 0x0,
    0x0, 0x0, 0x0, 0x0, 0x0, 0x0, 0x0, 0x0,
    0x0, 0x4, 0xff, 0x80, 0x0, 0x0, 0x0, 0x0,
    0x0, 0x0, 0x0, 0x0, 0x0, 0x0, 0x0, 0x0,
    0x0, 0x0, 0x0, 0xef, 0xff, 0xc1, 0x0, 0x0,
    0x0, 0x0, 0x0, 0x0, 0x0, 0x0, 0x0, 0x0,
    0x0, 0x0, 0x0, 0x0, 0x8, 0xff, 0xff, 0xe3,
    0x0, 0x0, 0x0, 0x0, 0x0, 0x0, 0x0, 0x0,
    0x0, 0x0, 0x0, 0x0, 0x0, 0x0, 0x5, 0xff,
    0xff, 0xf7, 0x0, 0x0, 0x26, 0xad, 0xff, 0xed,
    0xb7, 0x30, 0x0, 0x0, 0x0, 0x0, 0x0, 0x0,
    0x2, 0xdf, 0xff, 0xfa, 0x16, 0xdf, 0xff, 0xff,
    0xff, 0xff, 0xff, 0xd7, 0x0, 0x0, 0x0, 0x0,
    0x0, 0x0, 0x0, 0xaf, 0xff, 0xff, 0xff, 0xff,
    0xff, 0xba, 0xbe, 0xff, 0xff, 0xfe, 0x60, 0x0,
    0x0, 0x0, 0x0, 0x0, 0x0, 0x7f, 0xff, 0xff,
    0xff, 0xc5, 0x0, 0x0, 0x3, 0xbf, 0xff, 0xff,
    0xb1, 0x0, 0x0, 0x0, 0x0, 0x0, 0x0, 0x3e,
    0xff, 0xff, 0xd0, 0x0, 0x0, 0x0, 0x0, 0x7f,
    0xff, 0xff, 0xe2, 0x0, 0x0, 0x0, 0x0, 0x0,
    0x0, 0x1b, 0xff, 0xff, 0xc1, 0x6, 0xba, 0x50,
    0x0, 0x7f, 0xff, 0xff, 0xe2, 0x0, 0x0, 0x0,
    0x0, 0x0, 0x0, 0x8, 0xff, 0xff, 0xe4, 0x7f,
    0xff, 0xc1, 0x0, 0xbf, 0xff, 0xff, 0xd1, 0x0,
    0x0, 0x0, 0xad, 0x20, 0x0, 0x4, 0xff, 0xff,
    0xfc, 0xff, 0xff, 0xc0, 0x3, 0xff, 0xff, 0xff,
    0xb0, 0x0, 0x0, 0x5f, 0xff, 0x50, 0x0, 0x2,
    0xdf, 0xff, 0xff, 0xff, 0xff, 0x50, 0xe, 0xff,
    0xff, 0xff, 0x50, 0x0, 0xe, 0xff, 0xff, 0x90,
    0x0, 0x0, 0xaf, 0xff, 0xff, 0xff, 0xfa, 0x0,
    0xbf, 0xff, 0xff, 0xfe, 0x0, 0x2, 0xff, 0xff,
    0xff, 0xc2, 0x0, 0x0, 0x6f, 0xff, 0xff, 0xff,
    0xb0, 0xa, 0xff, 0xff, 0xff, 0xf2, 0x0, 0xe,
    0xff, 0xff, 0xff, 0xc0, 0x0, 0x0, 0x3e, 0xff,
    0xff, 0xfa, 0x0, 0xcf, 0xff, 0xff, 0xfe, 0x0,
    0x0, 0x5f, 0xff, 0xff, 0xff, 0x0, 0x0, 0x0,
    0x1b, 0xff, 0xff, 0xd2, 0xe, 0xff, 0xff, 0xff,
    0x50, 0x0, 0x0, 0xbf, 0xff, 0xff, 0xf4, 0x0,
    0x0, 0x0, 0x7, 0xff, 0xff, 0xf9, 0xff, 0xff,
    0xff, 0x90, 0x0, 0x0, 0x0, 0xdf, 0xff, 0xff,
    0xc0, 0x0, 0x0, 0x0, 0x4, 0xef, 0xff, 0xff,
    0xff, 0xff, 0xc0, 0x0, 0x0, 0x0, 0x2, 0xef,
    0xff, 0xff, 0x80, 0x0, 0x0, 0x0, 0x1, 0xcf,
    0xff, 0xff, 0xff, 0xe1, 0x0, 0x0, 0x0, 0x0,
    0x2, 0xdf, 0xff, 0xff, 0x70, 0x0, 0x0, 0x0,
    0x0, 0x9f, 0xff, 0xff, 0xe2, 0x0, 0x0, 0x0,
    0x0, 0x0, 0x1, 0xbf, 0xff, 0xff, 0xc4, 0x0,
    0x0, 0x0, 0x0, 0x5f, 0xff, 0xff, 0x60, 0x0,
    0x0, 0x0, 0x0, 0x0, 0x0, 0x6e, 0xff, 0xff,
    0xfe, 0xba, 0xb5, 0x0, 0x0, 0x2d, 0xff, 0xff,
    0xa0, 0x0, 0x0, 0x0, 0x0, 0x0, 0x0, 0x7,
    0xdf, 0xff, 0xff, 0xff, 0xf8, 0x0, 0x0, 0xa,
    0xff, 0xff, 0xd2, 0x0, 0x0, 0x0, 0x0, 0x0,
    0x0, 0x0, 0x37, 0xbd, 0xef, 0xfd, 0xb4, 0x0,
    0x0, 0x7, 0xff, 0xff, 0xf5, 0x0, 0x0, 0x0,
    0x0, 0x0, 0x0, 0x0, 0x0, 0x0, 0x0, 0x0,
    0x0, 0x0, 0x0, 0x3, 0xef, 0xff, 0xf8, 0x0,
    0x0, 0x0, 0x0, 0x0, 0x0, 0x0, 0x0, 0x0,
    0x0, 0x0, 0x0, 0x0, 0x0, 0x1, 0xcf, 0xff,
    0xe0, 0x0, 0x0, 0x0, 0x0, 0x0, 0x0, 0x0,
    0x0, 0x0, 0x0, 0x0, 0x0, 0x0, 0x0, 0x0,
    0x8f, 0xf4, 0x0, 0x0, 0x0, 0x0, 0x0, 0x0,
    0x0, 0x0, 0x0, 0x0, 0x0, 0x0, 0x0, 0x0,
    0x0, 0x0, 0x44, 0x0,

    /* U+F071 "" */
    0x0, 0x0, 0x0, 0x0, 0x0, 0x0, 0x0, 0x4,
    0x87, 0x10, 0x0, 0x0, 0x0, 0x0, 0x0, 0x0,
    0x0, 0x0, 0x0, 0x0, 0x0, 0x0, 0x0, 0x5,
    0xff, 0xfd, 0x0, 0x0, 0x0, 0x0, 0x0, 0x0,
    0x0, 0x0, 0x0, 0x0, 0x0, 0x0, 0x0, 0x1,
    0xef, 0xff, 0xf7, 0x0, 0x0, 0x0, 0x0, 0x0,
    0x0, 0x0, 0x0, 0x0, 0x0, 0x0, 0x0, 0x0,
    0x8f, 0xff, 0xff, 0xf1, 0x0, 0x0, 0x0, 0x0,
    0x0, 0x0, 0x0, 0x0, 0x0, 0x0, 0x0, 0x0,
    0x2f, 0xff, 0xff, 0xff, 0xa0, 0x0, 0x0, 0x0,
    0x0, 0x0, 0x0, 0x0, 0x0, 0x0, 0x0, 0x0,
    0xb, 0xff, 0xff, 0xff, 0xff, 0x30, 0x0, 0x0,
    0x0, 0x0, 0x0, 0x0, 0x0, 0x0, 0x0, 0x0,
    0x4, 0xff, 0xff, 0xff, 0xff, 0xfc, 0x0, 0x0,
    0x0, 0x0, 0x0, 0x0, 0x0, 0x0, 0x0, 0x0,
    0x0, 0xdf, 0xff, 0xff, 0xff, 0xff, 0xf5, 0x0,
    0x0, 0x0, 0x0, 0x0, 0x0, 0x0, 0x0, 0x0,
    0x0, 0x6f, 0xff, 0xff, 0xff, 0xff, 0xff, 0xe0,
    0x0, 0x0, 0x0, 0x0, 0x0, 0x0, 0x0, 0x0,
    0x0, 0x1e, 0xff, 0xff, 0xff, 0xff, 0xff, 0xff,
    0x80, 0x0, 0x0, 0x0, 0x0, 0x0, 0x0, 0x0,
    0x0, 0x9, 0xff, 0xff, 0x80, 0x0, 0x1e, 0xff,
    0xff, 0x10, 0x0, 0x0, 0x0, 0x0, 0x0, 0x0,
    0x0, 0x2, 0xff, 0xff, 0xf6, 0x0, 0x0, 0xef,
    0xff, 0xfa, 0x0, 0x0, 0x0, 0x0, 0x0, 0x0,
    0x0, 0x0, 0xbf, 0xff, 0xff, 0x70, 0x0, 0xf,
    0xff, 0xff, 0xf3, 0x0, 0x0, 0x0, 0x0, 0x0,
    0x0, 0x0, 0x4f, 0xff, 0xff, 0xf8, 0x0, 0x0,
    0xff, 0xff, 0xff, 0xc0, 0x0, 0x0, 0x0, 0x0,
    0x0, 0x0, 0xd, 0xff, 0xff, 0xff, 0x80, 0x0,
    0xf, 0xff, 0xff, 0xff, 0x50, 0x0, 0x0, 0x0,
    0x0, 0x0, 0x7, 0xff, 0xff, 0xff, 0xf9, 0x0,
    0x1, 0xff, 0xff, 0xff, 0xfe, 0x0, 0x0, 0x0,
    0x0, 0x0, 0x1, 0xff, 0xff, 0xff, 0xff, 0xa0,
    0x0, 0x2f, 0xff, 0xff, 0xff, 0xf8, 0x0, 0x0,
    0x0, 0x0, 0x0, 0x9f, 0xff, 0xff, 0xff, 0xfb,
    0x0, 0x3, 0xff, 0xff, 0xff, 0xff, 0xf2, 0x0,
    0x0, 0x0, 0x0, 0x2f, 0xff, 0xff, 0xff, 0xff,
    0xd1, 0x0, 0x6f, 0xff, 0xff, 0xff, 0xff, 0xa0,
    0x0, 0x0, 0x0, 0xb, 0xff, 0xff, 0xff, 0xff,
    0xff, 0xff, 0xff, 0xff, 0xff, 0xff, 0xff, 0xff,
    0x30, 0x0, 0x0, 0x5, 0xff, 0xff, 0xff, 0xff,
    0xff, 0xf5, 0x1, 0xbf, 0xff, 0xff, 0xff, 0xff,
    0xfc, 0x0, 0x0, 0x0, 0xdf, 0xff, 0xff, 0xff,
    0xff, 0xf7, 0x0, 0x0, 0xef, 0xff, 0xff, 0xff,
    0xff, 0xf6, 0x0, 0x0, 0x7f, 0xff, 0xff, 0xff,
    0xff, 0xff, 0x40, 0x0, 0xc, 0xff, 0xff, 0xff,
    0xff, 0xff, 0xe0, 0x0, 0x1f, 0xff, 0xff, 0xff,
    0xff, 0xff, 0xf8, 0x0, 0x1, 0xff, 0xff, 0xff,
    0xff, 0xff, 0xff, 0x80, 0x9, 0xff, 0xff, 0xff,
    0xff, 0xff, 0xff, 0xf6, 0x13, 0xcf, 0xff, 0xff,
    0xff, 0xff, 0xff, 0xff, 0x10, 0xff, 0xff, 0xff,
    0xff, 0xff, 0xff, 0xff, 0xff, 0xff, 0xff, 0xff,
    0xff, 0xff, 0xff, 0xff, 0xf7, 0xe, 0xff, 0xff,
    0xff, 0xff, 0xff, 0xff, 0xff, 0xff, 0xff, 0xff,
    0xff, 0xff, 0xff, 0xff, 0xff, 0x60, 0x7f, 0xff,
    0xff, 0xff, 0xff, 0xff, 0xff, 0xff, 0xff, 0xff,
    0xff, 0xff, 0xff, 0xff, 0xff, 0xe0, 0x0, 0x48,
    0x99, 0x99, 0x99, 0x99, 0x99, 0x99, 0x99, 0x99,
    0x99, 0x99, 0x99, 0x99, 0x98, 0x71, 0x0,

    /* U+F074 "" */
    0x0, 0x0, 0x0, 0x0, 0x0, 0x0, 0x0, 0x0,
    0x0, 0x0, 0x6, 0xa2, 0x0, 0x0, 0x0, 0x0,
    0x0, 0x0, 0x0, 0x0, 0x0, 0x0, 0x0, 0x0,
    0xf, 0xfe, 0x30, 0x0, 0x0, 0x0, 0x0, 0x0,
    0x0, 0x0, 0x0, 0x0, 0x0, 0x0, 0xf, 0xff,
    0xe3, 0x0, 0x24, 0x44, 0x44, 0x30, 0x0, 0x0,
    0x0, 0x0, 0x2, 0x44, 0x4f, 0xff, 0xfe, 0x30,
    0xff, 0xff, 0xff, 0xfb, 0x0, 0x0, 0x0, 0x0,
    0x3f, 0xff, 0xff, 0xff, 0xff, 0xe3, 0xff, 0xff,
    0xff, 0xff, 0xa0, 0x0, 0x0, 0x3, 0xff, 0xff,
    0xff, 0xff, 0xff, 0xfd, 0xff, 0xff, 0xff, 0xff,
    0xf9, 0x0, 0x0, 0x2e, 0xff, 0xff, 0xff, 0xff,
    0xff, 0xfd, 0xff, 0xff, 0xff, 0xff, 0xff, 0x80,
    0x1, 0xef, 0xff, 0xff, 0xff, 0xff, 0xff, 0xd1,
    0x12, 0x22, 0x26, 0xff, 0xff, 0xa0, 0x1d, 0xff,
    0xff, 0xd2, 0x2f, 0xff, 0xfd, 0x10, 0x0, 0x0,
    0x0, 0x7f, 0xfb, 0x0, 0xcf, 0xff, 0xfd, 0x10,
    0xf, 0xff, 0xd1, 0x0, 0x0, 0x0, 0x0, 0x8,
    0xc0, 0xc, 0xff, 0xff, 0xe2, 0x0, 0xe, 0xfd,
    0x10, 0x0, 0x0, 0x0, 0x0, 0x0, 0x0, 0xbf,
    0xff, 0xfe, 0x20, 0x0, 0x4, 0x81, 0x0, 0x0,
    0x0, 0x0, 0x0, 0x0, 0xa, 0xff, 0xff, 0xf3,
    0x0, 0x0, 0x0, 0x0, 0x0, 0x0, 0x0, 0x0,
    0x0, 0x0, 0x9f, 0xff, 0xff, 0x40, 0x0, 0x0,
    0x4, 0x81, 0x0, 0x0, 0x0, 0x0, 0x0, 0x8,
    0xff, 0xff, 0xf5, 0x5, 0xe2, 0x0, 0xe, 0xfd,
    0x10, 0x0, 0x0, 0x0, 0x0, 0x7f, 0xff, 0xff,
    0x60, 0x4f, 0xfd, 0x10, 0xf, 0xff, 0xd1, 0x0,
    0x12, 0x22, 0x26, 0xff, 0xff, 0xf7, 0x3, 0xff,
    0xff, 0xd2, 0x2f, 0xff, 0xfd, 0x10, 0xff, 0xff,
    0xff, 0xff, 0xff, 0x80, 0x1, 0xef, 0xff, 0xff,
    0xff, 0xff, 0xff, 0xd1, 0xff, 0xff, 0xff, 0xff,
    0xf9, 0x0, 0x0, 0x2e, 0xff, 0xff, 0xff, 0xff,
    0xff, 0xfd, 0xff, 0xff, 0xff, 0xff, 0xa0, 0x0,
    0x0, 0x3, 0xff, 0xff, 0xff, 0xff, 0xff, 0xfd,
    0xff, 0xff, 0xff, 0xfb, 0x0, 0x0, 0x0, 0x0,
    0x3f, 0xff, 0xff, 0xff, 0xff, 0xe2, 0x24, 0x44,
    0x44, 0x30, 0x0, 0x0, 0x0, 0x0, 0x2, 0x44,
    0x4f, 0xff, 0xfe, 0x30, 0x0, 0x0, 0x0, 0x0,
    0x0, 0x0, 0x0, 0x0, 0x0, 0x0, 0xf, 0xff,
    0xe3, 0x0, 0x0, 0x0, 0x0, 0x0, 0x0, 0x0,
    0x0, 0x0, 0x0, 0x0, 0xf, 0xfe, 0x30, 0x0,
    0x0, 0x0, 0x0, 0x0, 0x0, 0x0, 0x0, 0x0,
    0x0, 0x0, 0x6, 0xa2, 0x0, 0x0,

    /* U+F077 "" */
    0x0, 0x0, 0x0, 0x0, 0x0, 0x7, 0xb2, 0x0,
    0x0, 0x0, 0x0, 0x0, 0x0, 0x0, 0x0, 0x0,
    0x0, 0x8, 0xff, 0xe2, 0x0, 0x0, 0x0, 0x0,
    0x0, 0x0, 0x0, 0x0, 0x0, 0x8, 0xff, 0xff,
    0xe2, 0x0, 0x0, 0x0, 0x0, 0x0, 0x0, 0x0,
    0x0, 0x8, 0xff, 0xff, 0xff, 0xe2, 0x0, 0x0,
    0x0, 0x0, 0x0, 0x0, 0x0, 0x8, 0xff, 0xff,
    0xff, 0xff, 0xe2, 0x0, 0x0, 0x0, 0x0, 0x0,
    0x0, 0x8, 0xff, 0xff, 0xff, 0xff, 0xff, 0xe2,
    0x0, 0x0, 0x0, 0x0, 0x0, 0x8, 0xff, 0xff,
    0xfa, 0x3f, 0xff, 0xff, 0xe2, 0x0, 0x0, 0x0,
    0x0, 0x8, 0xff, 0xff, 0xfa, 0x0, 0x3f, 0xff,
    0xff, 0xe2, 0x0, 0x0, 0x0, 0x8, 0xff, 0xff,
    0xfa, 0x0, 0x0, 0x3f, 0xff, 0xff, 0xe2, 0x0,
    0x0, 0x8, 0xff, 0xff, 0xfa, 0x0, 0x0, 0x0,
    0x3f, 0xff, 0xff, 0xe2, 0x0, 0x8, 0xff, 0xff,
    0xfa, 0x0, 0x0, 0x0, 0x0, 0x3f, 0xff, 0xff,
    0xe2, 0x6, 0xff, 0xff, 0xfa, 0x0, 0x0, 0x0,
    0x0, 0x0, 0x3f, 0xff, 0xff, 0xe0, 0x9f, 0xff,
    0xfa, 0x0, 0x0, 0x0, 0x0, 0x0, 0x0, 0x3f,
    0xff, 0xff, 0x11, 0xdf, 0xfa, 0x0, 0x0, 0x0,
    0x0, 0x0, 0x0, 0x0, 0x3f, 0xff, 0x60, 0x1,
    0xa8, 0x0, 0x0, 0x0, 0x0, 0x0, 0x0, 0x0,
    0x0, 0x3b, 0x50, 0x0,

    /* U+F078 "" */
    0x1, 0xa8, 0x0, 0x0, 0x0, 0x0, 0x0, 0x0,
    0x0, 0x0, 0x3b, 0x50, 0x1, 0xdf, 0xfa, 0x0,
    0x0, 0x0, 0x0, 0x0, 0x0, 0x0, 0x3f, 0xff,
    0x60, 0x9f, 0xff, 0xfa, 0x0, 0x0, 0x0, 0x0,
    0x0, 0x0, 0x3f, 0xff, 0xff, 0x16, 0xff, 0xff,
    0xfa, 0x0, 0x0, 0x0, 0x0, 0x0, 0x3f, 0xff,
    0xff, 0xd0, 0x8, 0xff, 0xff, 0xfa, 0x0, 0x0,
    0x0, 0x0, 0x3f, 0xff, 0xff, 0xe2, 0x0, 0x8,
    0xff, 0xff, 0xfa, 0x0, 0x0, 0x0, 0x3f, 0xff,
    0xff, 0xe2, 0x0, 0x0, 0x8, 0xff, 0xff, 0xfa,
    0x0, 0x0, 0x3f, 0xff, 0xff, 0xe2, 0x0, 0x0,
    0x0, 0x8, 0xff, 0xff, 0xfa, 0x0, 0x3f, 0xff,
    0xff, 0xe2, 0x0, 0x0, 0x0, 0x0, 0x8, 0xff,
    0xff, 0xfa, 0x3f, 0xff, 0xff, 0xe2, 0x0, 0x0,
    0x0, 0x0, 0x0, 0x8, 0xff, 0xff, 0xff, 0xff,
    0xff, 0xe2, 0x0, 0x0, 0x0, 0x0, 0x0, 0x0,
    0x8, 0xff, 0xff, 0xff, 0xff, 0xe2, 0x0, 0x0,
    0x0, 0x0, 0x0, 0x0, 0x0, 0x8, 0xff, 0xff,
    0xff, 0xe2, 0x0, 0x0, 0x0, 0x0, 0x0, 0x0,
    0x0, 0x0, 0x8, 0xff, 0xff, 0xe2, 0x0, 0x0,
    0x0, 0x0, 0x0, 0x0, 0x0, 0x0, 0x0, 0x8,
    0xff, 0xe2, 0x0, 0x0, 0x0, 0x0, 0x0, 0x0,
    0x0, 0x0, 0x0, 0x0, 0x6, 0xa2, 0x0, 0x0,
    0x0, 0x0, 0x0, 0x0,

    /* U+F079 "" */
    0x0, 0x0, 0x0, 0x42, 0x0, 0x0, 0x0, 0x0,
    0x0, 0x0, 0x0, 0x0, 0x0, 0x0, 0x0, 0x0,
    0x0, 0x0, 0x0, 0x0, 0x9f, 0xf4, 0x0, 0x0,
    0x0, 0x0, 0x0, 0x0, 0x0, 0x0, 0x0, 0x0,
    0x0, 0x0, 0x0, 0x0, 0x0, 0x9f, 0xff, 0xf4,
    0x0, 0x0, 0x57, 0x77, 0x77, 0x77, 0x77, 0x77,
    0x77, 0x60, 0x0, 0x0, 0x0, 0x0, 0x9f, 0xff,
    0xff, 0xf4, 0x0, 0x4f, 0xff, 0xff, 0xff, 0xff,
    0xff, 0xff, 0xff, 0x70, 0x0, 0x0, 0x0, 0x9f,
    0xff, 0xff, 0xff, 0xf4, 0x2, 0xff, 0xff, 0xff,
    0xff, 0xff, 0xff, 0xff, 0xf9, 0x0, 0x0, 0x0,
    0x9f, 0xff, 0xff, 0xff, 0xff, 0xf4, 0x4, 0xff,
    0xff, 0xff, 0xff, 0xff, 0xff, 0xff, 0x90, 0x0,
    0x0, 0x9f, 0xff, 0xff, 0xff, 0xef, 0xff, 0xf4,
    0x0, 0x0, 0x0, 0x0, 0x0, 0x0, 0xef, 0xf9,
    0x0, 0x0, 0xf, 0xff, 0xf4, 0xef, 0xf9, 0x9f,
    0xff, 0x90, 0x0, 0x0, 0x0, 0x0, 0x0, 0xe,
    0xff, 0x90, 0x0, 0x0, 0x7f, 0xf5, 0xe, 0xff,
    0x90, 0xaf, 0xe2, 0x0, 0x0, 0x0, 0x0, 0x0,
    0x0, 0xef, 0xf9, 0x0, 0x0, 0x0, 0x32, 0x0,
    0xef, 0xf9, 0x0, 0x41, 0x0, 0x0, 0x0, 0x0,
    0x0, 0x0, 0xe, 0xff, 0x90, 0x0, 0x0, 0x0,
    0x0, 0xe, 0xff, 0x90, 0x0, 0x0, 0x0, 0x0,
    0x0, 0x0, 0x0, 0x0, 0xef, 0xf9, 0x0, 0x0,
    0x0, 0x0, 0x0, 0xef, 0xf9, 0x0, 0x0, 0x0,
    0x0, 0x0, 0x0, 0x0, 0x0, 0xe, 0xff, 0x90,
    0x0, 0x0, 0x0, 0x0, 0xe, 0xff, 0x90, 0x0,
    0x0, 0x0, 0x0, 0x0, 0x0, 0x0, 0x0, 0xef,
    0xf9, 0x0, 0x0, 0x0, 0x0, 0x0, 0xef, 0xf9,
    0x0, 0x0, 0x0, 0x0, 0x0, 0x0, 0x19, 0x80,
    0xe, 0xff, 0x90, 0x2a, 0x70, 0x0, 0x0, 0xe,
    0xff, 0x90, 0x0, 0x0, 0x0, 0x0, 0x0, 0xc,
    0xff, 0xa0, 0xef, 0xf9, 0x2e, 0xff, 0x60, 0x0,
    0x0, 0xef, 0xf9, 0x0, 0x0, 0x0, 0x0, 0x0,
    0x0, 0xef, 0xff, 0x9e, 0xff, 0xad, 0xff, 0xf9,
    0x0, 0x0, 0xe, 0xff, 0xc7, 0x77, 0x77, 0x77,
    0x77, 0x73, 0x4, 0xff, 0xff, 0xff, 0xff, 0xff,
    0xfc, 0x10, 0x0, 0x0, 0xef, 0xff, 0xff, 0xff,
    0xff, 0xff, 0xff, 0xf5, 0x4, 0xff, 0xff, 0xff,
    0xff, 0xfc, 0x10, 0x0, 0x0, 0xe, 0xff, 0xff,
    0xff, 0xff, 0xff, 0xff, 0xff, 0xf0, 0x4, 0xff,
    0xff, 0xff, 0xfc, 0x10, 0x0, 0x0, 0x0, 0x9f,
    0xff, 0xff, 0xff, 0xff, 0xff, 0xff, 0xfa, 0x0,
    0x3, 0xff, 0xff, 0xfc, 0x10, 0x0, 0x0, 0x0,
    0x0, 0x0, 0x0, 0x0, 0x0, 0x0, 0x0, 0x0,
    0x0, 0x0, 0x3, 0xff, 0xfc, 0x10, 0x0, 0x0,
    0x0, 0x0, 0x0, 0x0, 0x0, 0x0, 0x0, 0x0,
    0x0, 0x0, 0x0, 0x0, 0x3, 0xdb, 0x0, 0x0,
    0x0,

    /* U+F07B "" */
    0x1b, 0xff, 0xff, 0xff, 0xff, 0xfc, 0x10, 0x0,
    0x0, 0x0, 0x0, 0x0, 0x0, 0x0, 0xbf, 0xff,
    0xff, 0xff, 0xff, 0xff, 0xc1, 0x0, 0x0, 0x0,
    0x0, 0x0, 0x0, 0x0, 0xff, 0xff, 0xff, 0xff,
    0xff, 0xff, 0xfc, 0x10, 0x0, 0x0, 0x0, 0x0,
    0x0, 0x0, 0xff, 0xff, 0xff, 0xff, 0xff, 0xff,
    0xff, 0xc8, 0x88, 0x88, 0x88, 0x88, 0x87, 0x30,
    0xff, 0xff, 0xff, 0xff, 0xff, 0xff, 0xff, 0xff,
    0xff, 0xff, 0xff, 0xff, 0xff, 0xf5, 0xff, 0xff,
    0xff, 0xff, 0xff, 0xff, 0xff, 0xff, 0xff, 0xff,
    0xff, 0xff, 0xff, 0xfe, 0xff, 0xff, 0xff, 0xff,
    0xff, 0xff, 0xff, 0xff, 0xff, 0xff, 0xff, 0xff,
    0xff, 0xff, 0xff, 0xff, 0xff, 0xff, 0xff, 0xff,
    0xff, 0xff, 0xff, 0xff, 0xff, 0xff, 0xff, 0xff,
    0xff, 0xff, 0xff, 0xff, 0xff, 0xff, 0xff, 0xff,
    0xff, 0xff, 0xff, 0xff, 0xff, 0xff, 0xff, 0xff,
    0xff, 0xff, 0xff, 0xff, 0xff, 0xff, 0xff, 0xff,
    0xff, 0xff, 0xff, 0xff, 0xff, 0xff, 0xff, 0xff,
    0xff, 0xff, 0xff, 0xff, 0xff, 0xff, 0xff, 0xff,
    0xff, 0xff, 0xff, 0xff, 0xff, 0xff, 0xff, 0xff,
    0xff, 0xff, 0xff, 0xff, 0xff, 0xff, 0xff, 0xff,
    0xff, 0xff, 0xff, 0xff, 0xff, 0xff, 0xff, 0xff,
    0xff, 0xff, 0xff, 0xff, 0xff, 0xff, 0xff, 0xff,
    0xff, 0xff, 0xff, 0xff, 0xff, 0xff, 0xff, 0xff,
    0xff, 0xff, 0xff, 0xff, 0xff, 0xff, 0xff, 0xff,
    0xff, 0xff, 0xff, 0xff, 0xff, 0xff, 0xff, 0xff,
    0xff, 0xff, 0xff, 0xff, 0xff, 0xff, 0xff, 0xff,
    0xff, 0xff, 0xff, 0xff, 0xff, 0xff, 0xff, 0xff,
    0xff, 0xff, 0xff, 0xff, 0xff, 0xff, 0xff, 0xff,
    0xff, 0xff, 0xff, 0xff, 0xff, 0xff, 0xff, 0xff,
    0xff, 0xff, 0xff, 0xff, 0xff, 0xff, 0xff, 0xff,
    0xff, 0xff, 0xff, 0xff, 0xff, 0xff, 0xff, 0xff,
    0xff, 0xff, 0xff, 0xff, 0xff, 0xff, 0xff, 0xff,
    0xff, 0xff, 0xbf, 0xff, 0xff, 0xff, 0xff, 0xff,
    0xff, 0xff, 0xff, 0xff, 0xff, 0xff, 0xff, 0xfb,
    0x1b, 0xff, 0xff, 0xff, 0xff, 0xff, 0xff, 0xff,
    0xff, 0xff, 0xff, 0xff, 0xff, 0xb1,

    /* U+F093 "" */
    0x0, 0x0, 0x0, 0x0, 0x0, 0x0, 0x3, 0x10,
    0x0, 0x0, 0x0, 0x0, 0x0, 0x0, 0x0, 0x0,
    0x0, 0x0, 0x0, 0x0, 0x7f, 0xe2, 0x0, 0x0,
    0x0, 0x0, 0x0, 0x0, 0x0, 0x0, 0x0, 0x0,
    0x0, 0x7, 0xff, 0xfe, 0x20, 0x0, 0x0, 0x0,
    0x0, 0x0, 0x0, 0x0, 0x0, 0x0, 0x0, 0x7f,
    0xff, 0xff, 0xe2, 0x0, 0x0, 0x0, 0x0, 0x0,
    0x0, 0x0, 0x0, 0x0, 0x7, 0xff, 0xff, 0xff,
    0xfe, 0x20, 0x0, 0x0, 0x0, 0x0, 0x0, 0x0,
    0x0, 0x0, 0x7f, 0xff, 0xff, 0xff, 0xff, 0xe2,
    0x0, 0x0, 0x0, 0x0, 0x0, 0x0, 0x0, 0x7,
    0xff, 0xff, 0xff, 0xff, 0xff, 0xfe, 0x20, 0x0,
    0x0, 0x0, 0x0, 0x0, 0x0, 0x7f, 0xff, 0xff,
    0xff, 0xff, 0xff, 0xff, 0xe2, 0x0, 0x0, 0x0,
    0x0, 0x0, 0x7, 0xff, 0xff, 0xff, 0xff, 0xff,
    0xff, 0xff, 0xfe, 0x20, 0x0, 0x0, 0x0, 0x0,
    0x5f, 0xff, 0xff, 0xff, 0xff, 0xff, 0xff, 0xff,
    0xff, 0xe0, 0x0, 0x0, 0x0, 0x0, 0x6f, 0xff,
    0xff, 0xff, 0xff, 0xff, 0xff, 0xff, 0xff, 0xf0,
    0x0, 0x0, 0x0, 0x0, 0x2, 0x22, 0x22, 0xcf,
    0xff, 0xff, 0xf6, 0x22, 0x22, 0x10, 0x0, 0x0,
    0x0, 0x0, 0x0, 0x0, 0x0, 0xbf, 0xff, 0xff,
    0xf4, 0x0, 0x0, 0x0, 0x0, 0x0, 0x0, 0x0,
    0x0, 0x0, 0x0, 0xbf, 0xff, 0xff, 0xf4, 0x0,
    0x0, 0x0, 0x0, 0x0, 0x0, 0x0, 0x0, 0x0,
    0x0, 0xbf, 0xff, 0xff, 0xf4, 0x0, 0x0, 0x0,
    0x0, 0x0, 0x0, 0x0, 0x0, 0x0, 0x0, 0xbf,
    0xff, 0xff, 0xf4, 0x0, 0x0, 0x0, 0x0, 0x0,
    0x0, 0x0, 0x0, 0x0, 0x0, 0xbf, 0xff, 0xff,
    0xf4, 0x0, 0x0, 0x0, 0x0, 0x0, 0x0, 0x0,
    0x0, 0x0, 0x0, 0xbf, 0xff, 0xff, 0xf4, 0x0,
    0x0, 0x0, 0x0, 0x0, 0x0, 0x0, 0x0, 0x0,
    0x0, 0xbf, 0xff, 0xff, 0xf4, 0x0, 0x0, 0x0,
    0x0, 0x0, 0x1, 0x11, 0x11, 0x11, 0x0, 0xbf,
    0xff, 0xff, 0xf4, 0x0, 0x11, 0x11, 0x11, 0x10,
    0xbf, 0xff, 0xff, 0xff, 0xc0, 0xaf, 0xff, 0xff,
    0xf3, 0xc, 0xff, 0xff, 0xff, 0xfb, 0xff, 0xff,
    0xff, 0xff, 0xf1, 0x18, 0x99, 0x99, 0x60, 0x1f,
    0xff, 0xff, 0xff, 0xff, 0xff, 0xff, 0xff, 0xff,
    0xfc, 0x10, 0x0, 0x0, 0x1, 0xcf, 0xff, 0xff,
    0xff, 0xff, 0xff, 0xff, 0xff, 0xff, 0xff, 0xfc,
    0xcc, 0xcc, 0xcf, 0xff, 0xff, 0xff, 0xff, 0xff,
    0xff, 0xff, 0xff, 0xff, 0xff, 0xff, 0xff, 0xff,
    0xff, 0xff, 0xff, 0xff, 0xff, 0xff, 0xff, 0xff,
    0xff, 0xff, 0xff, 0xff, 0xff, 0xff, 0xff, 0xf4,
    0x1e, 0xb0, 0x8f, 0xff, 0xff, 0xff, 0xff, 0xff,
    0xff, 0xff, 0xff, 0xff, 0xff, 0xf5, 0x2e, 0xc1,
    0x8f, 0xff, 0xef, 0xff, 0xff, 0xff, 0xff, 0xff,
    0xff, 0xff, 0xff, 0xff, 0xff, 0xff, 0xff, 0xfe,
    0x37, 0x88, 0x88, 0x88, 0x88, 0x88, 0x88, 0x88,
    0x88, 0x88, 0x88, 0x88, 0x88, 0x73,

    /* U+F095 "" */
    0x0, 0x0, 0x0, 0x0, 0x0, 0x0, 0x0, 0x0,
    0x0, 0x0, 0x6, 0x62, 0x0, 0x0, 0x0, 0x0,
    0x0, 0x0, 0x0, 0x0, 0x0, 0x0, 0x0, 0x0,
    0x4, 0xff, 0xfe, 0xb7, 0x30, 0x0, 0x0, 0x0,
    0x0, 0x0, 0x0, 0x0, 0x0, 0x0, 0x0, 0xbf,
    0xff, 0xff, 0xff, 0xc0, 0x0, 0x0, 0x0, 0x0,
    0x0, 0x0, 0x0, 0x0, 0x0, 0x2f, 0xff, 0xff,
    0xff, 0xff, 0x0, 0x0, 0x0, 0x0, 0x0, 0x0,
    0x0, 0x0, 0x0, 0x9, 0xff, 0xff, 0xff, 0xff,
    0xe0, 0x0, 0x0, 0x0, 0x0, 0x0, 0x0, 0x0,
    0x0, 0x1, 0xff, 0xff, 0xff, 0xff, 0xfe, 0x0,
    0x0, 0x0, 0x0, 0x0, 0x0, 0x0, 0x0, 0x0,
    0x7f, 0xff, 0xff, 0xff, 0xff, 0xc0, 0x0, 0x0,
    0x0, 0x0, 0x0, 0x0, 0x0, 0x0, 0xd, 0xff,
    0xff, 0xff, 0xff, 0xfa, 0x0, 0x0, 0x0, 0x0,
    0x0, 0x0, 0x0, 0x0, 0x0, 0xbf, 0xff, 0xff,
    0xff, 0xff, 0x70, 0x0, 0x0, 0x0, 0x0, 0x0,
    0x0, 0x0, 0x0, 0x0, 0xbf, 0xff, 0xff, 0xff,
    0xf3, 0x0, 0x0, 0x0, 0x0, 0x0, 0x0, 0x0,
    0x0, 0x0, 0x0, 0x8f, 0xff, 0xff, 0xff, 0x0,
    0x0, 0x0, 0x0, 0x0, 0x0, 0x0, 0x0, 0x0,
    0x0, 0x0, 0x7f, 0xff, 0xff, 0x90, 0x0, 0x0,
    0x0, 0x0, 0x0, 0x0, 0x0, 0x0, 0x0, 0x0,
    0xa, 0xff, 0xff, 0xf4, 0x0, 0x0, 0x0, 0x0,
    0x0, 0x0, 0x0, 0x0, 0x0, 0x0, 0x3, 0xff,
    0xff, 0xfd, 0x0, 0x0, 0x0, 0x0, 0x0, 0x0,
    0x0, 0x0, 0x0, 0x0, 0x0, 0xcf, 0xff, 0xff,
    0x50, 0x0, 0x0, 0x0, 0x0, 0x0, 0x0, 0x0,
    0x0, 0x0, 0x0, 0x9f, 0xff, 0xff, 0xc0, 0x0,
    0x0, 0x0, 0x0, 0x0, 0x0, 0x0, 0x0, 0x0,
    0x0, 0x6f, 0xff, 0xff, 0xf3, 0x0, 0x0, 0x0,
    0x0, 0x0, 0x26, 0x10, 0x0, 0x0, 0x0, 0x5f,
    0xff, 0xff, 0xf8, 0x0, 0x0, 0x0, 0x0, 0x4,
    0xbf, 0xfc, 0x0, 0x0, 0x0, 0x6f, 0xff, 0xff,
    0xfc, 0x0, 0x0, 0x0, 0x0, 0x6d, 0xff, 0xff,
    0xfa, 0x0, 0x0, 0xaf, 0xff, 0xff, 0xfe, 0x10,
    0x0, 0x0, 0x7, 0xff, 0xff, 0xff, 0xff, 0xf7,
    0x5, 0xef, 0xff, 0xff, 0xfe, 0x20, 0x0, 0x0,
    0x0, 0xff, 0xff, 0xff, 0xff, 0xff, 0xfd, 0xff,
    0xff, 0xff, 0xfe, 0x20, 0x0, 0x0, 0x0, 0xc,
    0xff, 0xff, 0xff, 0xff, 0xff, 0xff, 0xff, 0xff,
    0xfd, 0x20, 0x0, 0x0, 0x0, 0x0, 0x8f, 0xff,
    0xff, 0xff, 0xff, 0xff, 0xff, 0xff, 0xfa, 0x0,
    0x0, 0x0, 0x0, 0x0, 0x4, 0xff, 0xff, 0xff,
    0xff, 0xff, 0xff, 0xff, 0xe6, 0x0, 0x0, 0x0,
    0x0, 0x0, 0x0, 0x1f, 0xff, 0xff, 0xff, 0xff,
    0xff, 0xff, 0x91, 0x0, 0x0, 0x0, 0x0, 0x0,
    0x0, 0x0, 0xdf, 0xff, 0xff, 0xff, 0xff, 0xe9,
    0x10, 0x0, 0x0, 0x0, 0x0, 0x0, 0x0, 0x0,
    0x9, 0xff, 0xff, 0xff, 0xd9, 0x40, 0x0, 0x0,
    0x0, 0x0, 0x0, 0x0, 0x0, 0x0, 0x0, 0x17,
    0x76, 0x53, 0x0, 0x0, 0x0, 0x0, 0x0, 0x0,
    0x0, 0x0, 0x0, 0x0, 0x0,

    /* U+F0C4 "" */
    0x0, 0x5, 0x99, 0x72, 0x0, 0x0, 0x0, 0x0,
    0x0, 0x0, 0x0, 0x0, 0x0, 0x2d, 0xff, 0xff,
    0xf7, 0x0, 0x0, 0x0, 0x0, 0x1, 0x7b, 0xb8,
    0x10, 0x1e, 0xff, 0xff, 0xff, 0xf7, 0x0, 0x0,
    0x0, 0x2, 0xef, 0xff, 0xfe, 0x38, 0xff, 0xff,
    0xef, 0xff, 0xf1, 0x0, 0x0, 0x2, 0xef, 0xff,
    0xff, 0xf4, 0xdf, 0xfe, 0x10, 0x7f, 0xff, 0x50,
    0x0, 0x2, 0xef, 0xff, 0xff, 0xf5, 0xf, 0xff,
    0x80, 0x0, 0xff, 0xf7, 0x0, 0x2, 0xef, 0xff,
    0xff, 0xf5, 0x0, 0xef, 0xfc, 0x0, 0x4f, 0xff,
    0x60, 0x2, 0xef, 0xff, 0xff, 0xf5, 0x0, 0xa,
    0xff, 0xfd, 0xbf, 0xff, 0xf4, 0x3, 0xef, 0xff,
    0xff, 0xf5, 0x0, 0x0, 0x2f, 0xff, 0xff, 0xff,
    0xff, 0xe5, 0xef, 0xff, 0xff, 0xf5, 0x0, 0x0,
    0x0, 0x4f, 0xff, 0xff, 0xff, 0xff, 0xff, 0xff,
    0xff, 0xf5, 0x0, 0x0, 0x0, 0x0, 0x18, 0xcd,
    0xff, 0xff, 0xff, 0xff, 0xff, 0xf5, 0x0, 0x0,
    0x0, 0x0, 0x0, 0x0, 0x5, 0xff, 0xff, 0xff,
    0xff, 0xf5, 0x0, 0x0, 0x0, 0x0, 0x0, 0x0,
    0x0, 0x7, 0xff, 0xff, 0xff, 0xf7, 0x0, 0x0,
    0x0, 0x0, 0x0, 0x0, 0x0, 0x3, 0xef, 0xff,
    0xff, 0xff, 0xe2, 0x0, 0x0, 0x0, 0x0, 0x0,
    0x5, 0x99, 0xef, 0xff, 0xff, 0xff, 0xff, 0xe2,
    0x0, 0x0, 0x0, 0x0, 0x2d, 0xff, 0xff, 0xff,
    0xff, 0xff, 0xff, 0xff, 0xe2, 0x0, 0x0, 0x0,
    0x1e, 0xff, 0xff, 0xff, 0xff, 0xf9, 0xff, 0xff,
    0xff, 0xe2, 0x0, 0x0, 0x8, 0xff, 0xff, 0xef,
    0xff, 0xf5, 0x5, 0xff, 0xff, 0xff, 0xe2, 0x0,
    0x0, 0xdf, 0xfe, 0x10, 0x7f, 0xff, 0x50, 0x5,
    0xff, 0xff, 0xff, 0xe2, 0x0, 0xf, 0xff, 0x80,
    0x0, 0xff, 0xf7, 0x0, 0x5, 0xff, 0xff, 0xff,
    0xe2, 0x0, 0xef, 0xfc, 0x0, 0x4f, 0xff, 0x60,
    0x0, 0x5, 0xff, 0xff, 0xff, 0xe2, 0xa, 0xff,
    0xfd, 0xbf, 0xff, 0xf2, 0x0, 0x0, 0x5, 0xff,
    0xff, 0xff, 0xe2, 0x2f, 0xff, 0xff, 0xff, 0xf9,
    0x0, 0x0, 0x0, 0x4, 0xff, 0xff, 0xff, 0x40,
    0x4f, 0xff, 0xff, 0xfb, 0x0, 0x0, 0x0, 0x0,
    0x3, 0xbe, 0xfb, 0x30, 0x0, 0x18, 0xcd, 0xb5,
    0x0, 0x0, 0x0, 0x0, 0x0, 0x0, 0x0, 0x0,
    0x0,

    /* U+F0C5 "" */
    0x0, 0x0, 0x0, 0x1, 0x44, 0x44, 0x44, 0x44,
    0x42, 0x3, 0x0, 0x0, 0x0, 0x0, 0x0, 0x0,
    0xdf, 0xff, 0xff, 0xff, 0xff, 0x80, 0xeb, 0x0,
    0x0, 0x0, 0x0, 0x0, 0xf, 0xff, 0xff, 0xff,
    0xff, 0xf8, 0xe, 0xfb, 0x0, 0x0, 0x0, 0x0,
    0x0, 0xff, 0xff, 0xff, 0xff, 0xff, 0x80, 0xef,
    0xfb, 0x0, 0x0, 0x0, 0x0, 0xf, 0xff, 0xff,
    0xff, 0xff, 0xf8, 0xe, 0xff, 0xfb, 0x0, 0x0,
    0x0, 0x0, 0xff, 0xff, 0xff, 0xff, 0xff, 0x80,
    0xef, 0xff, 0xf4, 0xaf, 0xff, 0xf4, 0xf, 0xff,
    0xff, 0xff, 0xff, 0xfa, 0x0, 0x0, 0x0, 0xf,
    0xff, 0xff, 0x40, 0xff, 0xff, 0xff, 0xff, 0xff,
    0xfc, 0xbb, 0xbb, 0xb3, 0xff, 0xff, 0xf4, 0xf,
    0xff, 0xff, 0xff, 0xff, 0xff, 0xff, 0xff, 0xff,
    0x5f, 0xff, 0xff, 0x40, 0xff, 0xff, 0xff, 0xff,
    0xff, 0xff, 0xff, 0xff, 0xf5, 0xff, 0xff, 0xf4,
    0xf, 0xff, 0xff, 0xff, 0xff, 0xff, 0xff, 0xff,
    0xff, 0x5f, 0xff, 0xff, 0x40, 0xff, 0xff, 0xff,
    0xff, 0xff, 0xff, 0xff, 0xff, 0xf5, 0xff, 0xff,
    0xf4, 0xf, 0xff, 0xff, 0xff, 0xff, 0xff, 0xff,
    0xff, 0xff, 0x5f, 0xff, 0xff, 0x40, 0xff, 0xff,
    0xff, 0xff, 0xff, 0xff, 0xff, 0xff, 0xf5, 0xff,
    0xff, 0xf4, 0xf, 0xff, 0xff, 0xff, 0xff, 0xff,
    0xff, 0xff, 0xff, 0x5f, 0xff, 0xff, 0x40, 0xff,
    0xff, 0xff, 0xff, 0xff, 0xff, 0xff, 0xff, 0xf5,
    0xff, 0xff, 0xf4, 0xf, 0xff, 0xff, 0xff, 0xff,
    0xff, 0xff, 0xff, 0xff, 0x5f, 0xff, 0xff, 0x40,
    0xff, 0xff, 0xff, 0xff, 0xff, 0xff, 0xff, 0xff,
    0xf5, 0xff, 0xff, 0xf4, 0xf, 0xff, 0xff, 0xff,
    0xff, 0xff, 0xff, 0xff, 0xff, 0x5f, 0xff, 0xff,
    0x40, 0xff, 0xff, 0xff, 0xff, 0xff, 0xff, 0xff,
    0xff, 0xf5, 0xff, 0xff, 0xf4, 0xf, 0xff, 0xff,
    0xff, 0xff, 0xff, 0xff, 0xff, 0xff, 0x5f, 0xff,
    0xff, 0x40, 0xff, 0xff, 0xff, 0xff, 0xff, 0xff,
    0xff, 0xff, 0xf5, 0xff, 0xff, 0xf5, 0xa, 0xff,
    0xff, 0xff, 0xff, 0xff, 0xff, 0xff, 0xfe, 0x1f,
    0xff, 0xff, 0xb0, 0x0, 0x0, 0x0, 0x0, 0x0,
    0x0, 0x0, 0x0, 0x0, 0xff, 0xff, 0xff, 0xa2,
    0x0, 0x0, 0x0, 0x0, 0x0, 0x0, 0x0, 0x0,
    0xf, 0xff, 0xff, 0xff, 0xff, 0xff, 0xff, 0xff,
    0xff, 0x80, 0x0, 0x0, 0x0, 0xff, 0xff, 0xff,
    0xff, 0xff, 0xff, 0xff, 0xff, 0xf8, 0x0, 0x0,
    0x0, 0xe, 0xff, 0xff, 0xff, 0xff, 0xff, 0xff,
    0xff, 0xff, 0x60, 0x0, 0x0, 0x0, 0x37, 0x88,
    0x88, 0x88, 0x88, 0x88, 0x88, 0x88, 0x60, 0x0,
    0x0, 0x0, 0x0,

    /* U+F0C7 "" */
    0x4, 0x88, 0x88, 0x88, 0x88, 0x88, 0x88, 0x88,
    0x87, 0x20, 0x0, 0x0, 0x6, 0xff, 0xff, 0xff,
    0xff, 0xff, 0xff, 0xff, 0xff, 0xff, 0x40, 0x0,
    0x0, 0xef, 0xff, 0xff, 0xff, 0xff, 0xff, 0xff,
    0xff, 0xff, 0xff, 0x40, 0x0, 0xf, 0xff, 0xff,
    0xff, 0xff, 0xff, 0xff, 0xff, 0xff, 0xff, 0xff,
    0x40, 0x0, 0xff, 0xf9, 0x0, 0x0, 0x0, 0x0,
    0x0, 0x0, 0xd, 0xff, 0xff, 0x40, 0xf, 0xff,
    0x80, 0x0, 0x0, 0x0, 0x0, 0x0, 0x0, 0xbf,
    0xff, 0xff, 0x30, 0xff, 0xf8, 0x0, 0x0, 0x0,
    0x0, 0x0, 0x0, 0xb, 0xff, 0xff, 0xfe, 0xf,
    0xff, 0x80, 0x0, 0x0, 0x0, 0x0, 0x0, 0x0,
    0xbf, 0xff, 0xff, 0xf3, 0xff, 0xf8, 0x0, 0x0,
    0x0, 0x0, 0x0, 0x0, 0xb, 0xff, 0xff, 0xff,
    0x4f, 0xff, 0x80, 0x0, 0x0, 0x0, 0x0, 0x0,
    0x0, 0xbf, 0xff, 0xff, 0xf4, 0xff, 0xfd, 0x77,
    0x77, 0x77, 0x77, 0x77, 0x77, 0x7e, 0xff, 0xff,
    0xff, 0x4f, 0xff, 0xff, 0xff, 0xff, 0xff, 0xff,
    0xff, 0xff, 0xff, 0xff, 0xff, 0xf4, 0xff, 0xff,
    0xff, 0xff, 0xff, 0xff, 0xff, 0xff, 0xff, 0xff,
    0xff, 0xff, 0x4f, 0xff, 0xff, 0xff, 0xff, 0xff,
    0xff, 0xff, 0xff, 0xff, 0xff, 0xff, 0xf4, 0xff,
    0xff, 0xff, 0xff, 0xff, 0x82, 0x15, 0xef, 0xff,
    0xff, 0xff, 0xff, 0x4f, 0xff, 0xff, 0xff, 0xff,
    0x70, 0x0, 0x3, 0xff, 0xff, 0xff, 0xff, 0xf4,
    0xff, 0xff, 0xff, 0xff, 0xf0, 0x0, 0x0, 0xb,
    0xff, 0xff, 0xff, 0xff, 0x4f, 0xff, 0xff, 0xff,
    0xfc, 0x0, 0x0, 0x0, 0x8f, 0xff, 0xff, 0xff,
    0xf4, 0xff, 0xff, 0xff, 0xff, 0xe0, 0x0, 0x0,
    0x9, 0xff, 0xff, 0xff, 0xff, 0x4f, 0xff, 0xff,
    0xff, 0xff, 0x30, 0x0, 0x0, 0xef, 0xff, 0xff,
    0xff, 0xf4, 0xff, 0xff, 0xff, 0xff, 0xfd, 0x10,
    0x0, 0x9f, 0xff, 0xff, 0xff, 0xff, 0x4f, 0xff,
    0xff, 0xff, 0xff, 0xfe, 0xa9, 0xdf, 0xff, 0xff,
    0xff, 0xff, 0xf4, 0xff, 0xff, 0xff, 0xff, 0xff,
    0xff, 0xff, 0xff, 0xff, 0xff, 0xff, 0xff, 0x3a,
    0xff, 0xff, 0xff, 0xff, 0xff, 0xff, 0xff, 0xff,
    0xff, 0xff, 0xff, 0xe0, 0x1a, 0xef, 0xff, 0xff,
    0xff, 0xff, 0xff, 0xff, 0xff, 0xff, 0xff, 0xc3,
    0x0,

    /* U+F0C9 "" */
    0x0, 0x0, 0x0, 0x0, 0x0, 0x0, 0x0, 0x0,
    0x0, 0x0, 0x0, 0x0, 0xd, 0xff, 0xff, 0xff,
    0xff, 0xff, 0xff, 0xff, 0xff, 0xff, 0xff, 0xff,
    0xf5, 0xff, 0xff, 0xff, 0xff, 0xff, 0xff, 0xff,
    0xff, 0xff, 0xff, 0xff, 0xff, 0x8f, 0xff, 0xff,
    0xff, 0xff, 0xff, 0xff, 0xff, 0xff, 0xff, 0xff,
    0xff, 0xf8, 0xae, 0xee, 0xee, 0xee, 0xee, 0xee,
    0xee, 0xee, 0xee, 0xee, 0xee, 0xed, 0x40, 0x0,
    0x0, 0x0, 0x0, 0x0, 0x0, 0x0, 0x0, 0x0,
    0x0, 0x0, 0x0, 0x0, 0x0, 0x0, 0x0, 0x0,
    0x0, 0x0, 0x0, 0x0, 0x0, 0x0, 0x0, 0x0,
    0x0, 0x0, 0x0, 0x0, 0x0, 0x0, 0x0, 0x0,
    0x0, 0x0, 0x0, 0x0, 0x0, 0x0, 0x0, 0x0,
    0x0, 0x0, 0x0, 0x0, 0x0, 0x0, 0x0, 0x0,
    0x7, 0xbb, 0xbb, 0xbb, 0xbb, 0xbb, 0xbb, 0xbb,
    0xbb, 0xbb, 0xbb, 0xbb, 0xa2, 0xff, 0xff, 0xff,
    0xff, 0xff, 0xff, 0xff, 0xff, 0xff, 0xff, 0xff,
    0xff, 0x7f, 0xff, 0xff, 0xff, 0xff, 0xff, 0xff,
    0xff, 0xff, 0xff, 0xff, 0xff, 0xf8, 0xef, 0xff,
    0xff, 0xff, 0xff, 0xff, 0xff, 0xff, 0xff, 0xff,
    0xff, 0xff, 0x61, 0x44, 0x44, 0x44, 0x44, 0x44,
    0x44, 0x44, 0x44, 0x44, 0x44, 0x44, 0x30, 0x0,
    0x0, 0x0, 0x0, 0x0, 0x0, 0x0, 0x0, 0x0,
    0x0, 0x0, 0x0, 0x0, 0x0, 0x0, 0x0, 0x0,
    0x0, 0x0, 0x0, 0x0, 0x0, 0x0, 0x0, 0x0,
    0x0, 0x0, 0x0, 0x0, 0x0, 0x0, 0x0, 0x0,
    0x0, 0x0, 0x0, 0x0, 0x0, 0x0, 0x0, 0x0,
    0x0, 0x0, 0x0, 0x0, 0x0, 0x0, 0x0, 0x0,
    0x0, 0xae, 0xee, 0xee, 0xee, 0xee, 0xee, 0xee,
    0xee, 0xee, 0xee, 0xee, 0xed, 0x4f, 0xff, 0xff,
    0xff, 0xff, 0xff, 0xff, 0xff, 0xff, 0xff, 0xff,
    0xff, 0xf8, 0xff, 0xff, 0xff, 0xff, 0xff, 0xff,
    0xff, 0xff, 0xff, 0xff, 0xff, 0xff, 0x8d, 0xff,
    0xff, 0xff, 0xff, 0xff, 0xff, 0xff, 0xff, 0xff,
    0xff, 0xff, 0xf5, 0x0, 0x0, 0x0, 0x0, 0x0,
    0x0, 0x0, 0x0, 0x0, 0x0, 0x0, 0x0, 0x0,

    /* U+F0E0 "" */
    0x1b, 0xff, 0xff, 0xff, 0xff, 0xff, 0xff, 0xff,
    0xff, 0xff, 0xff, 0xff, 0xff, 0xb1, 0xbf, 0xff,
    0xff, 0xff, 0xff, 0xff, 0xff, 0xff, 0xff, 0xff,
    0xff, 0xff, 0xff, 0xfb, 0xff, 0xff, 0xff, 0xff,
    0xff, 0xff, 0xff, 0xff, 0xff, 0xff, 0xff, 0xff,
    0xff, 0xff, 0xff, 0xff, 0xff, 0xff, 0xff, 0xff,
    0xff, 0xff, 0xff, 0xff, 0xff, 0xff, 0xff, 0xff,
    0xaf, 0xff, 0xff, 0xff, 0xff, 0xff, 0xff, 0xff,
    0xff, 0xff, 0xff, 0xff, 0xff, 0xfa, 0x7, 0xff,
    0xff, 0xff, 0xff, 0xff, 0xff, 0xff, 0xff, 0xff,
    0xff, 0xff, 0xff, 0x70, 0x0, 0x3e, 0xff, 0xff,
    0xff, 0xff, 0xff, 0xff, 0xff, 0xff, 0xff, 0xff,
    0xe3, 0x0, 0xe5, 0x1, 0xbf, 0xff, 0xff, 0xff,
    0xff, 0xff, 0xff, 0xff, 0xff, 0xfb, 0x10, 0x5e,
    0xff, 0x90, 0x7, 0xff, 0xff, 0xff, 0xff, 0xff,
    0xff, 0xff, 0xff, 0x70, 0x9, 0xff, 0xff, 0xfd,
    0x20, 0x3d, 0xff, 0xff, 0xff, 0xff, 0xff, 0xff,
    0xd3, 0x2, 0xdf, 0xff, 0xff, 0xff, 0xf6, 0x0,
    0xaf, 0xff, 0xff, 0xff, 0xff, 0xfa, 0x0, 0x6f,
    0xff, 0xff, 0xff, 0xff, 0xff, 0xa1, 0x6, 0xff,
    0xff, 0xff, 0xff, 0x60, 0xa, 0xff, 0xff, 0xff,
    0xff, 0xff, 0xff, 0xfe, 0x30, 0x2d, 0xff, 0xff,
    0xd2, 0x3, 0xdf, 0xff, 0xff, 0xff, 0xff, 0xff,
    0xff, 0xff, 0xf6, 0x0, 0x7e, 0xe7, 0x0, 0x7f,
    0xff, 0xff, 0xff, 0xff, 0xff, 0xff, 0xff, 0xff,
    0xff, 0xb1, 0x0, 0x0, 0x1b, 0xff, 0xff, 0xff,
    0xff, 0xff, 0xff, 0xff, 0xff, 0xff, 0xff, 0xff,
    0x95, 0x59, 0xff, 0xff, 0xff, 0xff, 0xff, 0xff,
    0xff, 0xff, 0xff, 0xff, 0xff, 0xff, 0xff, 0xff,
    0xff, 0xff, 0xff, 0xff, 0xff, 0xff, 0xff, 0xff,
    0xff, 0xff, 0xff, 0xff, 0xff, 0xff, 0xff, 0xff,
    0xff, 0xff, 0xff, 0xff, 0xff, 0xff, 0xff, 0xff,
    0xff, 0xff, 0xff, 0xff, 0xff, 0xff, 0xff, 0xff,
    0xff, 0xff, 0xbf, 0xff, 0xff, 0xff, 0xff, 0xff,
    0xff, 0xff, 0xff, 0xff, 0xff, 0xff, 0xff, 0xfb,
    0x1b, 0xff, 0xff, 0xff, 0xff, 0xff, 0xff, 0xff,
    0xff, 0xff, 0xff, 0xff, 0xff, 0xb1,

    /* U+F0E7 "" */
    0x0, 0x8, 0xbb, 0xbb, 0xbb, 0xbb, 0x80, 0x0,
    0x0, 0x0, 0x3, 0xff, 0xff, 0xff, 0xff, 0xff,
    0x20, 0x0, 0x0, 0x0, 0x6f, 0xff, 0xff, 0xff,
    0xff, 0xf0, 0x0, 0x0, 0x0, 0x8, 0xff, 0xff,
    0xff, 0xff, 0xfb, 0x0, 0x0, 0x0, 0x0, 0xaf,
    0xff, 0xff, 0xff, 0xff, 0x50, 0x0, 0x0, 0x0,
    0xc, 0xff, 0xff, 0xff, 0xff, 0xf1, 0x0, 0x0,
    0x0, 0x0, 0xef, 0xff, 0xff, 0xff, 0xfb, 0x0,
    0x0, 0x0, 0x0, 0xf, 0xff, 0xff, 0xff, 0xff,
    0x60, 0x0, 0x0, 0x0, 0x3, 0xff, 0xff, 0xff,
    0xff, 0xf1, 0x0, 0x0, 0x0, 0x0, 0x5f, 0xff,
    0xff, 0xff, 0xff, 0xff, 0xff, 0xff, 0xd2, 0x7,
    0xff, 0xff, 0xff, 0xff, 0xff, 0xff, 0xff, 0xff,
    0x70, 0x9f, 0xff, 0xff, 0xff, 0xff, 0xff, 0xff,
    0xff, 0xf1, 0xb, 0xff, 0xff, 0xff, 0xff, 0xff,
    0xff, 0xff, 0xf7, 0x0, 0xdf, 0xff, 0xff, 0xff,
    0xff, 0xff, 0xff, 0xfd, 0x0, 0xf, 0xff, 0xff,
    0xff, 0xff, 0xff, 0xff, 0xff, 0x50, 0x0, 0xaf,
    0xff, 0xff, 0xff, 0xff, 0xff, 0xff, 0xb0, 0x0,
    0x0, 0x0, 0x0, 0x0, 0x5f, 0xff, 0xff, 0xf2,
    0x0, 0x0, 0x0, 0x0, 0x0, 0x8, 0xff, 0xff,
    0xf9, 0x0, 0x0, 0x0, 0x0, 0x0, 0x0, 0xcf,
    0xff, 0xfe, 0x10, 0x0, 0x0, 0x0, 0x0, 0x0,
    0xf, 0xff, 0xff, 0x60, 0x0, 0x0, 0x0, 0x0,
    0x0, 0x3, 0xff, 0xff, 0xd0, 0x0, 0x0, 0x0,
    0x0, 0x0, 0x0, 0x7f, 0xff, 0xf4, 0x0, 0x0,
    0x0, 0x0, 0x0, 0x0, 0xb, 0xff, 0xfb, 0x0,
    0x0, 0x0, 0x0, 0x0, 0x0, 0x0, 0xef, 0xff,
    0x20, 0x0, 0x0, 0x0, 0x0, 0x0, 0x0, 0x2f,
    0xff, 0x80, 0x0, 0x0, 0x0, 0x0, 0x0, 0x0,
    0x6, 0xff, 0xe0, 0x0, 0x0, 0x0, 0x0, 0x0,
    0x0, 0x0, 0xaf, 0xf6, 0x0, 0x0, 0x0, 0x0,
    0x0, 0x0, 0x0, 0x9, 0xfc, 0x0, 0x0, 0x0,
    0x0, 0x0, 0x0, 0x0, 0x0, 0x3, 0x0, 0x0,
    0x0, 0x0, 0x0, 0x0,

    /* U+F0EA "" */
    0x0, 0x0, 0x0, 0x1, 0x43, 0x0, 0x0, 0x0,
    0x0, 0x0, 0x0, 0x0, 0x0, 0x0, 0x0, 0x7,
    0xff, 0xfe, 0x30, 0x0, 0x0, 0x0, 0x0, 0x0,
    0x0, 0x49, 0x99, 0x99, 0xff, 0xef, 0xfe, 0x99,
    0x99, 0x81, 0x0, 0x0, 0x0, 0xf, 0xff, 0xff,
    0xff, 0xa0, 0x1e, 0xff, 0xff, 0xff, 0x90, 0x0,
    0x0, 0x0, 0xff, 0xff, 0xff, 0xfa, 0x1, 0xef,
    0xff, 0xff, 0xfa, 0x0, 0x0, 0x0, 0xf, 0xff,
    0xff, 0xff, 0xff, 0xff, 0xff, 0xff, 0xff, 0xa0,
    0x0, 0x0, 0x0, 0xff, 0xff, 0xff, 0xff, 0xff,
    0xff, 0xff, 0xff, 0xfa, 0x0, 0x0, 0x0, 0xf,
    0xff, 0xff, 0xff, 0xfc, 0x64, 0x44, 0x44, 0x44,
    0x30, 0x0, 0x0, 0x0, 0xff, 0xff, 0xff, 0xfb,
    0x0, 0x0, 0x0, 0x0, 0x0, 0x0, 0x0, 0x0,
    0xf, 0xff, 0xff, 0xff, 0x20, 0xaf, 0xff, 0xff,
    0xff, 0xa0, 0xd6, 0x0, 0x0, 0xff, 0xff, 0xff,
    0xf0, 0x1f, 0xff, 0xff, 0xff, 0xfa, 0xe, 0xf6,
    0x0, 0xf, 0xff, 0xff, 0xff, 0x1, 0xff, 0xff,
    0xff, 0xff, 0xa0, 0xef, 0xf6, 0x0, 0xff, 0xff,
    0xff, 0xf0, 0x1f, 0xff, 0xff, 0xff, 0xfa, 0xe,
    0xff, 0xf6, 0xf, 0xff, 0xff, 0xff, 0x1, 0xff,
    0xff, 0xff, 0xff, 0xa0, 0xef, 0xff, 0xf3, 0xff,
    0xff, 0xff, 0xf0, 0x1f, 0xff, 0xff, 0xff, 0xfa,
    0x4, 0x44, 0x44, 0x1f, 0xff, 0xff, 0xff, 0x1,
    0xff, 0xff, 0xff, 0xff, 0xe1, 0x0, 0x0, 0x0,
    0xff, 0xff, 0xff, 0xf0, 0x1f, 0xff, 0xff, 0xff,
    0xff, 0xff, 0xff, 0xff, 0x5f, 0xff, 0xff, 0xff,
    0x1, 0xff, 0xff, 0xff, 0xff, 0xff, 0xff, 0xff,
    0xf5, 0xff, 0xff, 0xff, 0xf0, 0x1f, 0xff, 0xff,
    0xff, 0xff, 0xff, 0xff, 0xff, 0x5f, 0xff, 0xff,
    0xff, 0x1, 0xff, 0xff, 0xff, 0xff, 0xff, 0xff,
    0xff, 0xf5, 0xff, 0xff, 0xff, 0xf0, 0x1f, 0xff,
    0xff, 0xff, 0xff, 0xff, 0xff, 0xff, 0x5f, 0xff,
    0xff, 0xff, 0x1, 0xff, 0xff, 0xff, 0xff, 0xff,
    0xff, 0xff, 0xf5, 0xaf, 0xff, 0xff, 0xf0, 0x1f,
    0xff, 0xff, 0xff, 0xff, 0xff, 0xff, 0xff, 0x50,
    0x0, 0x0, 0x0, 0x1, 0xff, 0xff, 0xff, 0xff,
    0xff, 0xff, 0xff, 0xf5, 0x0, 0x0, 0x0, 0x0,
    0x1f, 0xff, 0xff, 0xff, 0xff, 0xff, 0xff, 0xff,
    0x50, 0x0, 0x0, 0x0, 0x1, 0xff, 0xff, 0xff,
    0xff, 0xff, 0xff, 0xff, 0xf5, 0x0, 0x0, 0x0,
    0x0, 0x1f, 0xff, 0xff, 0xff, 0xff, 0xff, 0xff,
    0xff, 0x50, 0x0, 0x0, 0x0, 0x0, 0xef, 0xff,
    0xff, 0xff, 0xff, 0xff, 0xff, 0xf2, 0x0, 0x0,
    0x0, 0x0, 0x1, 0x44, 0x44, 0x44, 0x44, 0x44,
    0x44, 0x42, 0x0,

    /* U+F0F3 "" */
    0x0, 0x0, 0x0, 0x0, 0x0, 0x7, 0xa2, 0x0,
    0x0, 0x0, 0x0, 0x0, 0x0, 0x0, 0x0, 0x0,
    0x0, 0x5, 0xff, 0xd0, 0x0, 0x0, 0x0, 0x0,
    0x0, 0x0, 0x0, 0x0, 0x0, 0x0, 0x7f, 0xff,
    0x0, 0x0, 0x0, 0x0, 0x0, 0x0, 0x0, 0x0,
    0x0, 0x2, 0x8d, 0xff, 0xfa, 0x50, 0x0, 0x0,
    0x0, 0x0, 0x0, 0x0, 0x0, 0x9, 0xff, 0xff,
    0xff, 0xff, 0xd4, 0x0, 0x0, 0x0, 0x0, 0x0,
    0x0, 0x1c, 0xff, 0xff, 0xff, 0xff, 0xff, 0xf5,
    0x0, 0x0, 0x0, 0x0, 0x0, 0xc, 0xff, 0xff,
    0xff, 0xff, 0xff, 0xff, 0xf4, 0x0, 0x0, 0x0,
    0x0, 0x6, 0xff, 0xff, 0xff, 0xff, 0xff, 0xff,
    0xff, 0xd0, 0x0, 0x0, 0x0, 0x0, 0xef, 0xff,
    0xff, 0xff, 0xff, 0xff, 0xff, 0xff, 0x50, 0x0,
    0x0, 0x0, 0x3f, 0xff, 0xff, 0xff, 0xff, 0xff,
    0xff, 0xff, 0xfb, 0x0, 0x0, 0x0, 0x6, 0xff,
    0xff, 0xff, 0xff, 0xff, 0xff, 0xff, 0xff, 0xd0,
    0x0, 0x0, 0x0, 0x7f, 0xff, 0xff, 0xff, 0xff,
    0xff, 0xff, 0xff, 0xff, 0x0, 0x0, 0x0, 0x8,
    0xff, 0xff, 0xff, 0xff, 0xff, 0xff, 0xff, 0xff,
    0xf0, 0x0, 0x0, 0x0, 0x9f, 0xff, 0xff, 0xff,
    0xff, 0xff, 0xff, 0xff, 0xff, 0x10, 0x0, 0x0,
    0xc, 0xff, 0xff, 0xff, 0xff, 0xff, 0xff, 0xff,
    0xff, 0xf4, 0x0, 0x0, 0x0, 0xff, 0xff, 0xff,
    0xff, 0xff, 0xff, 0xff, 0xff, 0xff, 0x70, 0x0,
    0x0, 0x3f, 0xff, 0xff, 0xff, 0xff, 0xff, 0xff,
    0xff, 0xff, 0xfb, 0x0, 0x0, 0x9, 0xff, 0xff,
    0xff, 0xff, 0xff, 0xff, 0xff, 0xff, 0xff, 0xf1,
    0x0, 0x3, 0xff, 0xff, 0xff, 0xff, 0xff, 0xff,
    0xff, 0xff, 0xff, 0xff, 0xa0, 0x1, 0xef, 0xff,
    0xff, 0xff, 0xff, 0xff, 0xff, 0xff, 0xff, 0xff,
    0xff, 0x70, 0xbf, 0xff, 0xff, 0xff, 0xff, 0xff,
    0xff, 0xff, 0xff, 0xff, 0xff, 0xff, 0x3e, 0xff,
    0xff, 0xff, 0xff, 0xff, 0xff, 0xff, 0xff, 0xff,
    0xff, 0xff, 0xf7, 0x6f, 0xff, 0xff, 0xff, 0xff,
    0xff, 0xff, 0xff, 0xff, 0xff, 0xff, 0xfd, 0x10,
    0x0, 0x0, 0x0, 0x0, 0x0, 0x0, 0x0, 0x0,
    0x0, 0x0, 0x0, 0x0, 0x0, 0x0, 0x0, 0x0,
    0x0, 0x0, 0x0, 0x0, 0x0, 0x0, 0x0, 0x0,
    0x0, 0x0, 0x0, 0x0, 0x3, 0xff, 0xff, 0xff,
    0xb0, 0x0, 0x0, 0x0, 0x0, 0x0, 0x0, 0x0,
    0x0, 0xe, 0xff, 0xff, 0xf6, 0x0, 0x0, 0x0,
    0x0, 0x0, 0x0, 0x0, 0x0, 0x0, 0x3e, 0xff,
    0xf9, 0x0, 0x0, 0x0, 0x0, 0x0, 0x0, 0x0,
    0x0, 0x0, 0x0, 0x15, 0x73, 0x0, 0x0, 0x0,
    0x0, 0x0, 0x0,

    /* U+F11C "" */
    0x1b, 0xff, 0xff, 0xff, 0xff, 0xff, 0xff, 0xff,
    0xff, 0xff, 0xff, 0xff, 0xff, 0xff, 0xfe, 0x50,
    0xbf, 0xff, 0xff, 0xff, 0xff, 0xff, 0xff, 0xff,
    0xff, 0xff, 0xff, 0xff, 0xff, 0xff, 0xff, 0xf3,
    0xff, 0xff, 0xff, 0xff, 0xff, 0xff, 0xff, 0xff,
    0xff, 0xff, 0xff, 0xff, 0xff, 0xff, 0xff, 0xf7,
    0xff, 0xfd, 0x88, 0x9f, 0xf8, 0x88, 0xff, 0x98,
    0x8e, 0xfa, 0x88, 0xbf, 0xd8, 0x89, 0xff, 0xf8,
    0xff, 0xf8, 0x0, 0xf, 0xc0, 0x0, 0xcf, 0x0,
    0xa, 0xf1, 0x0, 0x4f, 0x70, 0x0, 0xff, 0xf8,
    0xff, 0xf8, 0x0, 0xf, 0xc0, 0x0, 0xcf, 0x0,
    0xa, 0xf1, 0x0, 0x4f, 0x70, 0x0, 0xff, 0xf8,
    0xff, 0xf9, 0x0, 0x1f, 0xd0, 0x0, 0xdf, 0x10,
    0xc, 0xf3, 0x0, 0x6f, 0x90, 0x1, 0xff, 0xf8,
    0xff, 0xff, 0xff, 0xff, 0xff, 0xff, 0xff, 0xff,
    0xff, 0xff, 0xff, 0xff, 0xff, 0xff, 0xff, 0xf8,
    0xff, 0xff, 0xff, 0xdc, 0xce, 0xfe, 0xcc, 0xdf,
    0xfc, 0xcd, 0xff, 0xcc, 0xcf, 0xff, 0xff, 0xf8,
    0xff, 0xff, 0xff, 0x20, 0x6, 0xf6, 0x0, 0x3f,
    0x80, 0x0, 0xfd, 0x0, 0xa, 0xff, 0xff, 0xf8,
    0xff, 0xff, 0xff, 0x20, 0x6, 0xf6, 0x0, 0x2f,
    0x80, 0x0, 0xed, 0x0, 0xa, 0xff, 0xff, 0xf8,
    0xff, 0xff, 0xff, 0x20, 0x6, 0xf6, 0x0, 0x3f,
    0x80, 0x0, 0xfd, 0x0, 0xa, 0xff, 0xff, 0xf8,
    0xff, 0xff, 0xff, 0xdc, 0xce, 0xfe, 0xcc, 0xdf,
    0xfc, 0xcd, 0xff, 0xcc, 0xcf, 0xff, 0xff, 0xf8,
    0xff, 0xff, 0xff, 0xff, 0xff, 0xff, 0xff, 0xff,
    0xff, 0xff, 0xff, 0xff, 0xff, 0xff, 0xff, 0xf8,
    0xff, 0xf9, 0x0, 0x1f, 0xd0, 0x0, 0x0, 0x0,
    0x0, 0x0, 0x0, 0x6f, 0x90, 0x1, 0xff, 0xf8,
    0xff, 0xf8, 0x0, 0xf, 0xc0, 0x0, 0x0, 0x0,
    0x0, 0x0, 0x0, 0x4f, 0x70, 0x0, 0xff, 0xf8,
    0xff, 0xf8, 0x0, 0xf, 0xc0, 0x0, 0x0, 0x0,
    0x0, 0x0, 0x0, 0x4f, 0x70, 0x0, 0xff, 0xf8,
    0xff, 0xfd, 0x88, 0x9f, 0xf8, 0x88, 0x88, 0x88,
    0x88, 0x88, 0x88, 0xbf, 0xd8, 0x89, 0xff, 0xf8,
    0xff, 0xff, 0xff, 0xff, 0xff, 0xff, 0xff, 0xff,
    0xff, 0xff, 0xff, 0xff, 0xff, 0xff, 0xff, 0xf7,
    0xbf, 0xff, 0xff, 0xff, 0xff, 0xff, 0xff, 0xff,
    0xff, 0xff, 0xff, 0xff, 0xff, 0xff, 0xff, 0xf3,
    0x1b, 0xff, 0xff, 0xff, 0xff, 0xff, 0xff, 0xff,
    0xff, 0xff, 0xff, 0xff, 0xff, 0xff, 0xfe, 0x50,

    /* U+F124 "" */
    0x0, 0x0, 0x0, 0x0, 0x0, 0x0, 0x0, 0x0,
    0x0, 0x0, 0x0, 0x0, 0x5, 0x72, 0x0, 0x0,
    0x0, 0x0, 0x0, 0x0, 0x0, 0x0, 0x0, 0x0,
    0x0, 0x0, 0x6, 0xef, 0xff, 0x40, 0x0, 0x0,
    0x0, 0x0, 0x0, 0x0, 0x0, 0x0, 0x0, 0x0,
    0x18, 0xef, 0xff, 0xff, 0xd0, 0x0, 0x0, 0x0,
    0x0, 0x0, 0x0, 0x0, 0x0, 0x0, 0x29, 0xff,
    0xff, 0xff, 0xff, 0xe0, 0x0, 0x0, 0x0, 0x0,
    0x0, 0x0, 0x0, 0x0, 0x3a, 0xff, 0xff, 0xff,
    0xff, 0xff, 0x90, 0x0, 0x0, 0x0, 0x0, 0x0,
    0x0, 0x0, 0x4c, 0xff, 0xff, 0xff, 0xff, 0xff,
    0xff, 0x20, 0x0, 0x0, 0x0, 0x0, 0x0, 0x0,
    0x6d, 0xff, 0xff, 0xff, 0xff, 0xff, 0xff, 0xfb,
    0x0, 0x0, 0x0, 0x0, 0x0, 0x1, 0x7e, 0xff,
    0xff, 0xff, 0xff, 0xff, 0xff, 0xff, 0xf3, 0x0,
    0x0, 0x0, 0x0, 0x1, 0x8f, 0xff, 0xff, 0xff,
    0xff, 0xff, 0xff, 0xff, 0xff, 0xc0, 0x0, 0x0,
    0x0, 0x2, 0xaf, 0xff, 0xff, 0xff, 0xff, 0xff,
    0xff, 0xff, 0xff, 0xff, 0x50, 0x0, 0x0, 0x4,
    0xbf, 0xff, 0xff, 0xff, 0xff, 0xff, 0xff, 0xff,
    0xff, 0xff, 0xfd, 0x0, 0x0, 0x1, 0xbf, 0xff,
    0xff, 0xff, 0xff, 0xff, 0xff, 0xff, 0xff, 0xff,
    0xff, 0xf6, 0x0, 0x0, 0xb, 0xff, 0xff, 0xff,
    0xff, 0xff, 0xff, 0xff, 0xff, 0xff, 0xff, 0xff,
    0xe0, 0x0, 0x0, 0xf, 0xff, 0xff, 0xff, 0xff,
    0xff, 0xff, 0xff, 0xff, 0xff, 0xff, 0xff, 0x70,
    0x0, 0x0, 0xd, 0xff, 0xff, 0xff, 0xff, 0xff,
    0xff, 0xff, 0xff, 0xff, 0xff, 0xff, 0x10, 0x0,
    0x0, 0x4, 0xff, 0xff, 0xff, 0xff, 0xff, 0xff,
    0xff, 0xff, 0xff, 0xff, 0xf9, 0x0, 0x0, 0x0,
    0x0, 0x3, 0x44, 0x44, 0x44, 0x44, 0x4d, 0xff,
    0xff, 0xff, 0xff, 0xf2, 0x0, 0x0, 0x0, 0x0,
    0x0, 0x0, 0x0, 0x0, 0x0, 0xc, 0xff, 0xff,
    0xff, 0xff, 0xa0, 0x0, 0x0, 0x0, 0x0, 0x0,
    0x0, 0x0, 0x0, 0x0, 0xc, 0xff, 0xff, 0xff,
    0xff, 0x30, 0x0, 0x0, 0x0, 0x0, 0x0, 0x0,
    0x0, 0x0, 0x0, 0xc, 0xff, 0xff, 0xff, 0xfb,
    0x0, 0x0, 0x0, 0x0, 0x0, 0x0, 0x0, 0x0,
    0x0, 0x0, 0xc, 0xff, 0xff, 0xff, 0xf4, 0x0,
    0x0, 0x0, 0x0, 0x0, 0x0, 0x0, 0x0, 0x0,
    0x0, 0xc, 0xff, 0xff, 0xff, 0xd0, 0x0, 0x0,
    0x0, 0x0, 0x0, 0x0, 0x0, 0x0, 0x0, 0x0,
    0xc, 0xff, 0xff, 0xff, 0x50, 0x0, 0x0, 0x0,
    0x0, 0x0, 0x0, 0x0, 0x0, 0x0, 0x0, 0xc,
    0xff, 0xff, 0xfe, 0x0, 0x0, 0x0, 0x0, 0x0,
    0x0, 0x0, 0x0, 0x0, 0x0, 0x0, 0xc, 0xff,
    0xff, 0xf7, 0x0, 0x0, 0x0, 0x0, 0x0, 0x0,
    0x0, 0x0, 0x0, 0x0, 0x0, 0xb, 0xff, 0xff,
    0xf0, 0x0, 0x0, 0x0, 0x0, 0x0, 0x0, 0x0,
    0x0, 0x0, 0x0, 0x0, 0xa, 0xff, 0xff, 0x80,
    0x0, 0x0, 0x0, 0x0, 0x0, 0x0, 0x0, 0x0,
    0x0, 0x0, 0x0, 0x2, 0xff, 0xfd, 0x0, 0x0,
    0x0, 0x0, 0x0, 0x0, 0x0, 0x0, 0x0, 0x0,
    0x0, 0x0, 0x0, 0x17, 0x60, 0x0, 0x0, 0x0,
    0x0, 0x0, 0x0,

    /* U+F15B "" */
    0x14, 0x44, 0x44, 0x44, 0x44, 0x44, 0x10, 0x30,
    0x0, 0x0, 0xd, 0xff, 0xff, 0xff, 0xff, 0xff,
    0xf4, 0xf, 0xa0, 0x0, 0x0, 0xff, 0xff, 0xff,
    0xff, 0xff, 0xff, 0x40, 0xff, 0xa0, 0x0, 0xf,
    0xff, 0xff, 0xff, 0xff, 0xff, 0xf4, 0xf, 0xff,
    0xa0, 0x0, 0xff, 0xff, 0xff, 0xff, 0xff, 0xff,
    0x40, 0xff, 0xff, 0xa0, 0xf, 0xff, 0xff, 0xff,
    0xff, 0xff, 0xf4, 0xf, 0xff, 0xff, 0xa0, 0xff,
    0xff, 0xff, 0xff, 0xff, 0xff, 0x40, 0xff, 0xff,
    0xff, 0x9f, 0xff, 0xff, 0xff, 0xff, 0xff, 0xf4,
    0xb, 0xbb, 0xbb, 0xbb, 0xff, 0xff, 0xff, 0xff,
    0xff, 0xff, 0x80, 0x0, 0x0, 0x0, 0xf, 0xff,
    0xff, 0xff, 0xff, 0xff, 0xff, 0xff, 0xff, 0xff,
    0xff, 0xff, 0xff, 0xff, 0xff, 0xff, 0xff, 0xff,
    0xff, 0xff, 0xff, 0xff, 0xff, 0xff, 0xff, 0xff,
    0xff, 0xff, 0xff, 0xff, 0xff, 0xff, 0xff, 0xff,
    0xff, 0xff, 0xff, 0xff, 0xff, 0xff, 0xff, 0xff,
    0xff, 0xff, 0xff, 0xff, 0xff, 0xff, 0xff, 0xff,
    0xff, 0xff, 0xff, 0xff, 0xff, 0xff, 0xff, 0xff,
    0xff, 0xff, 0xff, 0xff, 0xff, 0xff, 0xff, 0xff,
    0xff, 0xff, 0xff, 0xff, 0xff, 0xff, 0xff, 0xff,
    0xff, 0xff, 0xff, 0xff, 0xff, 0xff, 0xff, 0xff,
    0xff, 0xff, 0xff, 0xff, 0xff, 0xff, 0xff, 0xff,
    0xff, 0xff, 0xff, 0xff, 0xff, 0xff, 0xff, 0xff,
    0xff, 0xff, 0xff, 0xff, 0xff, 0xff, 0xff, 0xff,
    0xff, 0xff, 0xff, 0xff, 0xff, 0xff, 0xff, 0xff,
    0xff, 0xff, 0xff, 0xff, 0xff, 0xff, 0xff, 0xff,
    0xff, 0xff, 0xff, 0xff, 0xff, 0xff, 0xff, 0xff,
    0xff, 0xff, 0xff, 0xff, 0xff, 0xff, 0xff, 0xff,
    0xff, 0xff, 0xff, 0xff, 0xff, 0xff, 0xff, 0xff,
    0xff, 0xff, 0xff, 0xff, 0xff, 0xff, 0xff, 0xff,
    0xff, 0xff, 0xff, 0xff, 0xff, 0xff, 0xff, 0xff,
    0xff, 0xff, 0xff, 0xff, 0xff, 0xff, 0xff, 0xff,
    0xff, 0xff, 0xff, 0xff, 0xff, 0xff, 0xff, 0xff,
    0xff, 0xff, 0xff, 0xff, 0xff, 0xff, 0xff, 0xff,
    0xff, 0xff, 0xff, 0xfd, 0xff, 0xff, 0xff, 0xff,
    0xff, 0xff, 0xff, 0xff, 0xff, 0xfd, 0x14, 0x44,
    0x44, 0x44, 0x44, 0x44, 0x44, 0x44, 0x44, 0x44,
    0x10,

    /* U+F1EB "" */
    0x0, 0x0, 0x0, 0x0, 0x0, 0x0, 0x0, 0x0,
    0x0, 0x0, 0x0, 0x0, 0x0, 0x0, 0x0, 0x0,
    0x0, 0x0, 0x0, 0x0, 0x0, 0x0, 0x0, 0x3,
    0x69, 0xab, 0xcb, 0xa9, 0x63, 0x0, 0x0, 0x0,
    0x0, 0x0, 0x0, 0x0, 0x0, 0x0, 0x0, 0x27,
    0xcf, 0xff, 0xff, 0xff, 0xff, 0xff, 0xff, 0xc7,
    0x20, 0x0, 0x0, 0x0, 0x0, 0x0, 0x0, 0x3,
    0xbf, 0xff, 0xff, 0xff, 0xff, 0xff, 0xff, 0xff,
    0xff, 0xff, 0xb3, 0x0, 0x0, 0x0, 0x0, 0x0,
    0x2c, 0xff, 0xff, 0xff, 0xff, 0xff, 0xff, 0xff,
    0xff, 0xff, 0xff, 0xff, 0xfc, 0x20, 0x0, 0x0,
    0x0, 0x8f, 0xff, 0xff, 0xff, 0xff, 0xfd, 0xba,
    0xaa, 0xbd, 0xff, 0xff, 0xff, 0xff, 0xff, 0x80,
    0x0, 0x1, 0xdf, 0xff, 0xff, 0xff, 0xc7, 0x30,
    0x0, 0x0, 0x0, 0x0, 0x37, 0xcf, 0xff, 0xff,
    0xff, 0xd1, 0x3, 0xef, 0xff, 0xff, 0xf9, 0x20,
    0x0, 0x0, 0x0, 0x0, 0x0, 0x0, 0x0, 0x29,
    0xff, 0xff, 0xff, 0xe3, 0xef, 0xff, 0xff, 0xb2,
    0x0, 0x0, 0x0, 0x0, 0x0, 0x0, 0x0, 0x0,
    0x0, 0x2, 0xbf, 0xff, 0xff, 0xe7, 0xff, 0xff,
    0x60, 0x0, 0x0, 0x0, 0x0, 0x0, 0x0, 0x0,
    0x0, 0x0, 0x0, 0x0, 0x6f, 0xff, 0xf7, 0x7,
    0xfe, 0x20, 0x0, 0x0, 0x0, 0x48, 0xbe, 0xff,
    0xfd, 0xb8, 0x40, 0x0, 0x0, 0x0, 0x2d, 0xf7,
    0x0, 0x4, 0x10, 0x0, 0x0, 0x18, 0xef, 0xff,
    0xff, 0xff, 0xff, 0xff, 0xe8, 0x10, 0x0, 0x0,
    0x14, 0x0, 0x0, 0x0, 0x0, 0x0, 0x6e, 0xff,
    0xff, 0xff, 0xff, 0xff, 0xff, 0xff, 0xfe, 0x60,
    0x0, 0x0, 0x0, 0x0, 0x0, 0x0, 0x1, 0xbf,
    0xff, 0xff, 0xff, 0xff, 0xff, 0xff, 0xff, 0xff,
    0xff, 0xb1, 0x0, 0x0, 0x0, 0x0, 0x0, 0x0,
    0xbf, 0xff, 0xff, 0xff, 0xc8, 0x76, 0x78, 0xcf,
    0xff, 0xff, 0xff, 0xc0, 0x0, 0x0, 0x0, 0x0,
    0x0, 0x8, 0xff, 0xff, 0xe7, 0x0, 0x0, 0x0,
    0x0, 0x7, 0xef, 0xff, 0xf8, 0x0, 0x0, 0x0,
    0x0, 0x0, 0x0, 0x9, 0xff, 0x90, 0x0, 0x0,
    0x0, 0x0, 0x0, 0x0, 0x9f, 0xf9, 0x0, 0x0,
    0x0, 0x0, 0x0, 0x0, 0x0, 0x6, 0x40, 0x0,
    0x0, 0x0, 0x0, 0x0, 0x0, 0x0, 0x47, 0x0,
    0x0, 0x0, 0x0, 0x0, 0x0, 0x0, 0x0, 0x0,
    0x0, 0x0, 0x0, 0x1, 0x0, 0x0, 0x0, 0x0,
    0x0, 0x0, 0x0, 0x0, 0x0, 0x0, 0x0, 0x0,
    0x0, 0x0, 0x0, 0x0, 0x7f, 0xff, 0x70, 0x0,
    0x0, 0x0, 0x0, 0x0, 0x0, 0x0, 0x0, 0x0,
    0x0, 0x0, 0x0, 0x0, 0x0, 0x7f, 0xff, 0xff,
    0x70, 0x0, 0x0, 0x0, 0x0, 0x0, 0x0, 0x0,
    0x0, 0x0, 0x0, 0x0, 0x0, 0x0, 0xe, 0xff,
    0xff, 0xfe, 0x0, 0x0, 0x0, 0x0, 0x0, 0x0,
    0x0, 0x0, 0x0, 0x0, 0x0, 0x0, 0x0, 0x0,
    0xff, 0xff, 0xff, 0xf0, 0x0, 0x0, 0x0, 0x0,
    0x0, 0x0, 0x0, 0x0, 0x0, 0x0, 0x0, 0x0,
    0x0, 0xc, 0xff, 0xff, 0xfc, 0x0, 0x0, 0x0,
    0x0, 0x0, 0x0, 0x0, 0x0, 0x0, 0x0, 0x0,
    0x0, 0x0, 0x0, 0x4f, 0xff, 0xff, 0x40, 0x0,
    0x0, 0x0, 0x0, 0x0, 0x0, 0x0, 0x0, 0x0,
    0x0, 0x0, 0x0, 0x0, 0x0, 0x3b, 0xdb, 0x30,
    0x0, 0x0, 0x0, 0x0, 0x0, 0x0, 0x0,

    /* U+F240 "" */
    0x2, 0x67, 0x77, 0x77, 0x77, 0x77, 0x77, 0x77,
    0x77, 0x77, 0x77, 0x77, 0x77, 0x77, 0x77, 0x74,
    0x0, 0x5, 0xff, 0xff, 0xff, 0xff, 0xff, 0xff,
    0xff, 0xff, 0xff, 0xff, 0xff, 0xff, 0xff, 0xff,
    0xff, 0xf9, 0x0, 0xdf, 0xff, 0xff, 0xff, 0xff,
    0xff, 0xff, 0xff, 0xff, 0xff, 0xff, 0xff, 0xff,
    0xff, 0xff, 0xff, 0xf1, 0xf, 0xff, 0xff, 0xff,
    0xff, 0xff, 0xff, 0xff, 0xff, 0xff, 0xff, 0xff,
    0xff, 0xff, 0xff, 0xff, 0xff, 0x30, 0xff, 0xf8,
    0x0, 0x0, 0x0, 0x0, 0x0, 0x0, 0x0, 0x0,
    0x0, 0x0, 0x0, 0x0, 0x4, 0xff, 0xff, 0x9f,
    0xff, 0x80, 0x0, 0x0, 0x0, 0x0, 0x0, 0x0,
    0x0, 0x0, 0x0, 0x0, 0x0, 0x0, 0x4f, 0xff,
    0xff, 0xff, 0xf8, 0xc, 0xff, 0xff, 0xff, 0xff,
    0xff, 0xff, 0xff, 0xff, 0xff, 0xff, 0xff, 0x4,
    0xff, 0xff, 0xff, 0xff, 0x80, 0xcf, 0xff, 0xff,
    0xff, 0xff, 0xff, 0xff, 0xff, 0xff, 0xff, 0xff,
    0xf0, 0x28, 0xcf, 0xff, 0xff, 0xf8, 0xc, 0xff,
    0xff, 0xff, 0xff, 0xff, 0xff, 0xff, 0xff, 0xff,
    0xff, 0xff, 0x0, 0x8, 0xff, 0xff, 0xff, 0x80,
    0xcf, 0xff, 0xff, 0xff, 0xff, 0xff, 0xff, 0xff,
    0xff, 0xff, 0xff, 0xf0, 0x0, 0x8f, 0xff, 0xff,
    0xf8, 0xc, 0xff, 0xff, 0xff, 0xff, 0xff, 0xff,
    0xff, 0xff, 0xff, 0xff, 0xff, 0x0, 0x8, 0xff,
    0xff, 0xff, 0x80, 0xcf, 0xff, 0xff, 0xff, 0xff,
    0xff, 0xff, 0xff, 0xff, 0xff, 0xff, 0xf0, 0x3f,
    0xff, 0xff, 0xff, 0xf8, 0xc, 0xff, 0xff, 0xff,
    0xff, 0xff, 0xff, 0xff, 0xff, 0xff, 0xff, 0xff,
    0x4, 0xff, 0xff, 0xff, 0xff, 0x80, 0x0, 0x0,
    0x0, 0x0, 0x0, 0x0, 0x0, 0x0, 0x0, 0x0,
    0x0, 0x0, 0x4f, 0xff, 0xfe, 0xff, 0xfb, 0x77,
    0x77, 0x77, 0x77, 0x77, 0x77, 0x77, 0x77, 0x77,
    0x77, 0x77, 0x77, 0x79, 0xff, 0xfa, 0x3f, 0xff,
    0xff, 0xff, 0xff, 0xff, 0xff, 0xff, 0xff, 0xff,
    0xff, 0xff, 0xff, 0xff, 0xff, 0xff, 0xff, 0x30,
    0xbf, 0xff, 0xff, 0xff, 0xff, 0xff, 0xff, 0xff,
    0xff, 0xff, 0xff, 0xff, 0xff, 0xff, 0xff, 0xff,
    0xe0, 0x1, 0xbf, 0xff, 0xff, 0xff, 0xff, 0xff,
    0xff, 0xff, 0xff, 0xff, 0xff, 0xff, 0xff, 0xff,
    0xff, 0xd3, 0x0, 0x0, 0x0, 0x0, 0x0, 0x0,
    0x0, 0x0, 0x0, 0x0, 0x0, 0x0, 0x0, 0x0,
    0x0, 0x0, 0x0, 0x0, 0x0,

    /* U+F241 "" */
    0x2, 0x67, 0x77, 0x77, 0x77, 0x77, 0x77, 0x77,
    0x77, 0x77, 0x77, 0x77, 0x77, 0x77, 0x77, 0x74,
    0x0, 0x5, 0xff, 0xff, 0xff, 0xff, 0xff, 0xff,
    0xff, 0xff, 0xff, 0xff, 0xff, 0xff, 0xff, 0xff,
    0xff, 0xf9, 0x0, 0xdf, 0xff, 0xff, 0xff, 0xff,
    0xff, 0xff, 0xff, 0xff, 0xff, 0xff, 0xff, 0xff,
    0xff, 0xff, 0xff, 0xf1, 0xf, 0xff, 0xff, 0xff,
    0xff, 0xff, 0xff, 0xff, 0xff, 0xff, 0xff, 0xff,
    0xff, 0xff, 0xff, 0xff, 0xff, 0x30, 0xff, 0xf8,
    0x0, 0x0, 0x0, 0x0, 0x0, 0x0, 0x0, 0x0,
    0x0, 0x0, 0x0, 0x0, 0x4, 0xff, 0xff, 0x9f,
    0xff, 0x80, 0x0, 0x0, 0x0, 0x0, 0x0, 0x0,
    0x0, 0x0, 0x0, 0x0, 0x0, 0x0, 0x4f, 0xff,
    0xff, 0xff, 0xf8, 0xe, 0xff, 0xff, 0xff, 0xff,
    0xff, 0xff, 0xff, 0xff, 0x90, 0x0, 0x0, 0x4,
    0xff, 0xff, 0xff, 0xff, 0x80, 0xef, 0xff, 0xff,
    0xff, 0xff, 0xff, 0xff, 0xff, 0xf9, 0x0, 0x0,
    0x0, 0x28, 0xcf, 0xff, 0xff, 0xf8, 0xe, 0xff,
    0xff, 0xff, 0xff, 0xff, 0xff, 0xff, 0xff, 0x90,
    0x0, 0x0, 0x0, 0x8, 0xff, 0xff, 0xff, 0x80,
    0xef, 0xff, 0xff, 0xff, 0xff, 0xff, 0xff, 0xff,
    0xf9, 0x0, 0x0, 0x0, 0x0, 0x8f, 0xff, 0xff,
    0xf8, 0xe, 0xff, 0xff, 0xff, 0xff, 0xff, 0xff,
    0xff, 0xff, 0x90, 0x0, 0x0, 0x0, 0x8, 0xff,
    0xff, 0xff, 0x80, 0xef, 0xff, 0xff, 0xff, 0xff,
    0xff, 0xff, 0xff, 0xf9, 0x0, 0x0, 0x0, 0x3f,
    0xff, 0xff, 0xff, 0xf8, 0xe, 0xff, 0xff, 0xff,
    0xff, 0xff, 0xff, 0xff, 0xff, 0x90, 0x0, 0x0,
    0x4, 0xff, 0xff, 0xff, 0xff, 0x80, 0x0, 0x0,
    0x0, 0x0, 0x0, 0x0, 0x0, 0x0, 0x0, 0x0,
    0x0, 0x0, 0x4f, 0xff, 0xfe, 0xff, 0xfb, 0x77,
    0x77, 0x77, 0x77, 0x77, 0x77, 0x77, 0x77, 0x77,
    0x77, 0x77, 0x77, 0x79, 0xff, 0xfa, 0x3f, 0xff,
    0xff, 0xff, 0xff, 0xff, 0xff, 0xff, 0xff, 0xff,
    0xff, 0xff, 0xff, 0xff, 0xff, 0xff, 0xff, 0x30,
    0xbf, 0xff, 0xff, 0xff, 0xff, 0xff, 0xff, 0xff,
    0xff, 0xff, 0xff, 0xff, 0xff, 0xff, 0xff, 0xff,
    0xe0, 0x1, 0xbf, 0xff, 0xff, 0xff, 0xff, 0xff,
    0xff, 0xff, 0xff, 0xff, 0xff, 0xff, 0xff, 0xff,
    0xff, 0xd3, 0x0, 0x0, 0x0, 0x0, 0x0, 0x0,
    0x0, 0x0, 0x0, 0x0, 0x0, 0x0, 0x0, 0x0,
    0x0, 0x0, 0x0, 0x0, 0x0,

    /* U+F242 "" */
    0x2, 0x67, 0x77, 0x77, 0x77, 0x77, 0x77, 0x77,
    0x77, 0x77, 0x77, 0x77, 0x77, 0x77, 0x77, 0x74,
    0x0, 0x5, 0xff, 0xff, 0xff, 0xff, 0xff, 0xff,
    0xff, 0xff, 0xff, 0xff, 0xff, 0xff, 0xff, 0xff,
    0xff, 0xf9, 0x0, 0xdf, 0xff, 0xff, 0xff, 0xff,
    0xff, 0xff, 0xff, 0xff, 0xff, 0xff, 0xff, 0xff,
    0xff, 0xff, 0xff, 0xf1, 0xf, 0xff, 0xff, 0xff,
    0xff, 0xff, 0xff, 0xff, 0xff, 0xff, 0xff, 0xff,
    0xff, 0xff, 0xff, 0xff, 0xff, 0x30, 0xff, 0xf8,
    0x0, 0x0, 0x0, 0x0, 0x0, 0x0, 0x0, 0x0,
    0x0, 0x0, 0x0, 0x0, 0x4, 0xff, 0xff, 0x9f,
    0xff, 0x80, 0x0, 0x0, 0x0, 0x0, 0x0, 0x0,
    0x0, 0x0, 0x0, 0x0, 0x0, 0x0, 0x4f, 0xff,
    0xff, 0xff, 0xf8, 0xe, 0xff, 0xff, 0xff, 0xff,
    0xff, 0xf5, 0x0, 0x0, 0x0, 0x0, 0x0, 0x4,
    0xff, 0xff, 0xff, 0xff, 0x80, 0xef, 0xff, 0xff,
    0xff, 0xff, 0xff, 0x50, 0x0, 0x0, 0x0, 0x0,
    0x0, 0x28, 0xcf, 0xff, 0xff, 0xf8, 0xe, 0xff,
    0xff, 0xff, 0xff, 0xff, 0xf5, 0x0, 0x0, 0x0,
    0x0, 0x0, 0x0, 0x8, 0xff, 0xff, 0xff, 0x80,
    0xef, 0xff, 0xff, 0xff, 0xff, 0xff, 0x50, 0x0,
    0x0, 0x0, 0x0, 0x0, 0x0, 0x8f, 0xff, 0xff,
    0xf8, 0xe, 0xff, 0xff, 0xff, 0xff, 0xff, 0xf5,
    0x0, 0x0, 0x0, 0x0, 0x0, 0x0, 0x8, 0xff,
    0xff, 0xff, 0x80, 0xef, 0xff, 0xff, 0xff, 0xff,
    0xff, 0x50, 0x0, 0x0, 0x0, 0x0, 0x0, 0x3f,
    0xff, 0xff, 0xff, 0xf8, 0xe, 0xff, 0xff, 0xff,
    0xff, 0xff, 0xf5, 0x0, 0x0, 0x0, 0x0, 0x0,
    0x4, 0xff, 0xff, 0xff, 0xff, 0x80, 0x0, 0x0,
    0x0, 0x0, 0x0, 0x0, 0x0, 0x0, 0x0, 0x0,
    0x0, 0x0, 0x4f, 0xff, 0xfe, 0xff, 0xfb, 0x77,
    0x77, 0x77, 0x77, 0x77, 0x77, 0x77, 0x77, 0x77,
    0x77, 0x77, 0x77, 0x79, 0xff, 0xfa, 0x3f, 0xff,
    0xff, 0xff, 0xff, 0xff, 0xff, 0xff, 0xff, 0xff,
    0xff, 0xff, 0xff, 0xff, 0xff, 0xff, 0xff, 0x30,
    0xbf, 0xff, 0xff, 0xff, 0xff, 0xff, 0xff, 0xff,
    0xff, 0xff, 0xff, 0xff, 0xff, 0xff, 0xff, 0xff,
    0xe0, 0x1, 0xbf, 0xff, 0xff, 0xff, 0xff, 0xff,
    0xff, 0xff, 0xff, 0xff, 0xff, 0xff, 0xff, 0xff,
    0xff, 0xd3, 0x0, 0x0, 0x0, 0x0, 0x0, 0x0,
    0x0, 0x0, 0x0, 0x0, 0x0, 0x0, 0x0, 0x0,
    0x0, 0x0, 0x0, 0x0, 0x0,

    /* U+F243 "" */
    0x2, 0x67, 0x77, 0x77, 0x77, 0x77, 0x77, 0x77,
    0x77, 0x77, 0x77, 0x77, 0x77, 0x77, 0x77, 0x74,
    0x0, 0x5, 0xff, 0xff, 0xff, 0xff, 0xff, 0xff,
    0xff, 0xff, 0xff, 0xff, 0xff, 0xff, 0xff, 0xff,
    0xff, 0xf9, 0x0, 0xdf, 0xff, 0xff, 0xff, 0xff,
    0xff, 0xff, 0xff, 0xff, 0xff, 0xff, 0xff, 0xff,
    0xff, 0xff, 0xff, 0xf1, 0xf, 0xff, 0xff, 0xff,
    0xff, 0xff, 0xff, 0xff, 0xff, 0xff, 0xff, 0xff,
    0xff, 0xff, 0xff, 0xff, 0xff, 0x30, 0xff, 0xf8,
    0x0, 0x0, 0x0, 0x0, 0x0, 0x0, 0x0, 0x0,
    0x0, 0x0, 0x0, 0x0, 0x4, 0xff, 0xff, 0x9f,
    0xff, 0x80, 0x0, 0x0, 0x0, 0x0, 0x0, 0x0,
    0x0, 0x0, 0x0, 0x0, 0x0, 0x0, 0x4f, 0xff,
    0xff, 0xff, 0xf8, 0xe, 0xff, 0xff, 0xff, 0x10,
    0x0, 0x0, 0x0, 0x0, 0x0, 0x0, 0x0, 0x4,
    0xff, 0xff, 0xff, 0xff, 0x80, 0xef, 0xff, 0xff,
    0xf1, 0x0, 0x0, 0x0, 0x0, 0x0, 0x0, 0x0,
    0x0, 0x28, 0xcf, 0xff, 0xff, 0xf8, 0xe, 0xff,
    0xff, 0xff, 0x10, 0x0, 0x0, 0x0, 0x0, 0x0,
    0x0, 0x0, 0x0, 0x8, 0xff, 0xff, 0xff, 0x80,
    0xef, 0xff, 0xff, 0xf1, 0x0, 0x0, 0x0, 0x0,
    0x0, 0x0, 0x0, 0x0, 0x0, 0x8f, 0xff, 0xff,
    0xf8, 0xe, 0xff, 0xff, 0xff, 0x10, 0x0, 0x0,
    0x0, 0x0, 0x0, 0x0, 0x0, 0x0, 0x8, 0xff,
    0xff, 0xff, 0x80, 0xef, 0xff, 0xff, 0xf1, 0x0,
    0x0, 0x0, 0x0, 0x0, 0x0, 0x0, 0x0, 0x3f,
    0xff, 0xff, 0xff, 0xf8, 0xe, 0xff, 0xff, 0xff,
    0x10, 0x0, 0x0, 0x0, 0x0, 0x0, 0x0, 0x0,
    0x4, 0xff, 0xff, 0xff, 0xff, 0x80, 0x0, 0x0,
    0x0, 0x0, 0x0, 0x0, 0x0, 0x0, 0x0, 0x0,
    0x0, 0x0, 0x4f, 0xff, 0xfe, 0xff, 0xfb, 0x77,
    0x77, 0x77, 0x77, 0x77, 0x77, 0x77, 0x77, 0x77,
    0x77, 0x77, 0x77, 0x79, 0xff, 0xfa, 0x3f, 0xff,
    0xff, 0xff, 0xff, 0xff, 0xff, 0xff, 0xff, 0xff,
    0xff, 0xff, 0xff, 0xff, 0xff, 0xff, 0xff, 0x30,
    0xbf, 0xff, 0xff, 0xff, 0xff, 0xff, 0xff, 0xff,
    0xff, 0xff, 0xff, 0xff, 0xff, 0xff, 0xff, 0xff,
    0xe0, 0x1, 0xbf, 0xff, 0xff, 0xff, 0xff, 0xff,
    0xff, 0xff, 0xff, 0xff, 0xff, 0xff, 0xff, 0xff,
    0xff, 0xd3, 0x0, 0x0, 0x0, 0x0, 0x0, 0x0,
    0x0, 0x0, 0x0, 0x0, 0x0, 0x0, 0x0, 0x0,
    0x0, 0x0, 0x0, 0x0, 0x0,

    /* U+F244 "" */
    0x2, 0x67, 0x77, 0x77, 0x77, 0x77, 0x77, 0x77,
    0x77, 0x77, 0x77, 0x77, 0x77, 0x77, 0x77, 0x74,
    0x0, 0x5, 0xff, 0xff, 0xff, 0xff, 0xff, 0xff,
    0xff, 0xff, 0xff, 0xff, 0xff, 0xff, 0xff, 0xff,
    0xff, 0xf9, 0x0, 0xdf, 0xff, 0xff, 0xff, 0xff,
    0xff, 0xff, 0xff, 0xff, 0xff, 0xff, 0xff, 0xff,
    0xff, 0xff, 0xff, 0xf1, 0xf, 0xff, 0xff, 0xff,
    0xff, 0xff, 0xff, 0xff, 0xff, 0xff, 0xff, 0xff,
    0xff, 0xff, 0xff, 0xff, 0xff, 0x30, 0xff, 0xf8,
    0x0, 0x0, 0x0, 0x0, 0x0, 0x0, 0x0, 0x0,
    0x0, 0x0, 0x0, 0x0, 0x4, 0xff, 0xff, 0x9f,
    0xff, 0x80, 0x0, 0x0, 0x0, 0x0, 0x0, 0x0,
    0x0, 0x0, 0x0, 0x0, 0x0, 0x0, 0x4f, 0xff,
    0xff, 0xff, 0xf8, 0x0, 0x0, 0x0, 0x0, 0x0,
    0x0, 0x0, 0x0, 0x0, 0x0, 0x0, 0x0, 0x4,
    0xff, 0xff, 0xff, 0xff, 0x80, 0x0, 0x0, 0x0,
    0x0, 0x0, 0x0, 0x0, 0x0, 0x0, 0x0, 0x0,
    0x0, 0x28, 0xcf, 0xff, 0xff, 0xf8, 0x0, 0x0,
    0x0, 0x0, 0x0, 0x0, 0x0, 0x0, 0x0, 0x0,
    0x0, 0x0, 0x0, 0x8, 0xff, 0xff, 0xff, 0x80,
    0x0, 0x0, 0x0, 0x0, 0x0, 0x0, 0x0, 0x0,
    0x0, 0x0, 0x0, 0x0, 0x0, 0x8f, 0xff, 0xff,
    0xf8, 0x0, 0x0, 0x0, 0x0, 0x0, 0x0, 0x0,
    0x0, 0x0, 0x0, 0x0, 0x0, 0x0, 0x8, 0xff,
    0xff, 0xff, 0x80, 0x0, 0x0, 0x0, 0x0, 0x0,
    0x0, 0x0, 0x0, 0x0, 0x0, 0x0, 0x0, 0x3f,
    0xff, 0xff, 0xff, 0xf8, 0x0, 0x0, 0x0, 0x0,
    0x0, 0x0, 0x0, 0x0, 0x0, 0x0, 0x0, 0x0,
    0x4, 0xff, 0xff, 0xff, 0xff, 0x80, 0x0, 0x0,
    0x0, 0x0, 0x0, 0x0, 0x0, 0x0, 0x0, 0x0,
    0x0, 0x0, 0x4f, 0xff, 0xfe, 0xff, 0xfb, 0x77,
    0x77, 0x77, 0x77, 0x77, 0x77, 0x77, 0x77, 0x77,
    0x77, 0x77, 0x77, 0x79, 0xff, 0xfa, 0x3f, 0xff,
    0xff, 0xff, 0xff, 0xff, 0xff, 0xff, 0xff, 0xff,
    0xff, 0xff, 0xff, 0xff, 0xff, 0xff, 0xff, 0x30,
    0xbf, 0xff, 0xff, 0xff, 0xff, 0xff, 0xff, 0xff,
    0xff, 0xff, 0xff, 0xff, 0xff, 0xff, 0xff, 0xff,
    0xe0, 0x1, 0xbf, 0xff, 0xff, 0xff, 0xff, 0xff,
    0xff, 0xff, 0xff, 0xff, 0xff, 0xff, 0xff, 0xff,
    0xff, 0xd3, 0x0, 0x0, 0x0, 0x0, 0x0, 0x0,
    0x0, 0x0, 0x0, 0x0, 0x0, 0x0, 0x0, 0x0,
    0x0, 0x0, 0x0, 0x0, 0x0,

    /* U+F287 "" */
    0x0, 0x0, 0x0, 0x0, 0x0, 0x0, 0x0, 0x0,
    0x0, 0x0, 0x10, 0x0, 0x0, 0x0, 0x0, 0x0,
    0x0, 0x0, 0x0, 0x0, 0x0, 0x0, 0x0, 0x0,
    0x0, 0x0, 0x0, 0x5e, 0xfe, 0x40, 0x0, 0x0,
    0x0, 0x0, 0x0, 0x0, 0x0, 0x0, 0x0, 0x0,
    0x0, 0x0, 0x0, 0x1, 0x23, 0xff, 0xff, 0xf1,
    0x0, 0x0, 0x0, 0x0, 0x0, 0x0, 0x0, 0x0,
    0x0, 0x0, 0x0, 0x0, 0x1, 0xbf, 0xff, 0xff,
    0xff, 0xf5, 0x0, 0x0, 0x0, 0x0, 0x0, 0x0,
    0x0, 0x0, 0x0, 0x0, 0x0, 0x0, 0xb, 0xff,
    0xcd, 0xff, 0xff, 0xf4, 0x0, 0x0, 0x0, 0x0,
    0x0, 0x0, 0x0, 0x0, 0x0, 0x0, 0x0, 0x0,
    0x5f, 0xe1, 0x0, 0xcf, 0xff, 0xc0, 0x0, 0x0,
    0x0, 0x0, 0x0, 0x0, 0x0, 0x0, 0x0, 0x0,
    0x0, 0x0, 0xdf, 0x50, 0x0, 0x7, 0xa7, 0x0,
    0x0, 0x0, 0x0, 0x0, 0x0, 0x0, 0x0, 0x2,
    0x10, 0x0, 0x0, 0x4, 0xfd, 0x0, 0x0, 0x0,
    0x0, 0x0, 0x0, 0x0, 0x0, 0x0, 0x0, 0x0,
    0x4, 0xef, 0xfc, 0x20, 0x0, 0xc, 0xf5, 0x0,
    0x0, 0x0, 0x0, 0x0, 0x0, 0x0, 0x7, 0x40,
    0x0, 0x0, 0x4f, 0xff, 0xff, 0xe1, 0x0, 0x4f,
    0xe0, 0x0, 0x0, 0x0, 0x0, 0x0, 0x0, 0x0,
    0xc, 0xfb, 0x20, 0x0, 0xcf, 0xff, 0xff, 0xfa,
    0x35, 0xef, 0x94, 0x44, 0x44, 0x44, 0x44, 0x44,
    0x44, 0x44, 0x4d, 0xff, 0xf7, 0x0, 0xff, 0xff,
    0xff, 0xff, 0xff, 0xff, 0xff, 0xff, 0xff, 0xff,
    0xff, 0xff, 0xff, 0xff, 0xff, 0xff, 0xff, 0xd0,
    0xef, 0xff, 0xff, 0xfe, 0xbb, 0xbb, 0xbc, 0xff,
    0xcb, 0xbb, 0xbb, 0xbb, 0xbb, 0xbb, 0xbf, 0xff,
    0xfe, 0x50, 0x8f, 0xff, 0xff, 0xf4, 0x0, 0x0,
    0x0, 0x9f, 0xa0, 0x0, 0x0, 0x0, 0x0, 0x0,
    0xc, 0xff, 0x80, 0x0, 0xb, 0xff, 0xff, 0x80,
    0x0, 0x0, 0x0, 0xe, 0xf2, 0x0, 0x0, 0x0,
    0x0, 0x0, 0xc, 0xb2, 0x0, 0x0, 0x0, 0x58,
    0x73, 0x0, 0x0, 0x0, 0x0, 0x7, 0xfa, 0x0,
    0x0, 0x0, 0x0, 0x0, 0x0, 0x0, 0x0, 0x0,
    0x0, 0x0, 0x0, 0x0, 0x0, 0x0, 0x0, 0x1,
    0xff, 0x20, 0x6, 0xdd, 0xdd, 0xc2, 0x0, 0x0,
    0x0, 0x0, 0x0, 0x0, 0x0, 0x0, 0x0, 0x0,
    0x0, 0x0, 0x8f, 0xc0, 0x9, 0xff, 0xff, 0xf4,
    0x0, 0x0, 0x0, 0x0, 0x0, 0x0, 0x0, 0x0,
    0x0, 0x0, 0x0, 0x0, 0xc, 0xff, 0xde, 0xff,
    0xff, 0xf4, 0x0, 0x0, 0x0, 0x0, 0x0, 0x0,
    0x0, 0x0, 0x0, 0x0, 0x0, 0x0, 0x1, 0xaf,
    0xff, 0xff, 0xff, 0xf4, 0x0, 0x0, 0x0, 0x0,
    0x0, 0x0, 0x0, 0x0, 0x0, 0x0, 0x0, 0x0,
    0x0, 0x0, 0x19, 0xff, 0xff, 0xf4, 0x0, 0x0,
    0x0, 0x0, 0x0, 0x0, 0x0, 0x0, 0x0, 0x0,
    0x0, 0x0, 0x0, 0x0, 0x8, 0xff, 0xff, 0xf4,
    0x0, 0x0, 0x0, 0x0, 0x0, 0x0, 0x0, 0x0,
    0x0, 0x0, 0x0, 0x0, 0x0, 0x0, 0x0, 0x0,
    0x0, 0x0, 0x0, 0x0, 0x0, 0x0,

    /* U+F293 "" */
    0x0, 0x0, 0x0, 0x0, 0x1, 0x34, 0x32, 0x0,
    0x0, 0x0, 0x0, 0x0, 0x0, 0x0, 0x3a, 0xef,
    0xff, 0xff, 0xfb, 0x50, 0x0, 0x0, 0x0, 0x0,
    0xa, 0xff, 0xff, 0xff, 0xff, 0xff, 0xfc, 0x10,
    0x0, 0x0, 0x1, 0xcf, 0xff, 0xff, 0xc7, 0xff,
    0xff, 0xff, 0xd1, 0x0, 0x0, 0xb, 0xff, 0xff,
    0xff, 0xc0, 0x8f, 0xff, 0xff, 0xfc, 0x0, 0x0,
    0x5f, 0xff, 0xff, 0xff, 0xc0, 0x9, 0xff, 0xff,
    0xff, 0x50, 0x0, 0xcf, 0xff, 0xff, 0xff, 0xc0,
    0x0, 0xaf, 0xff, 0xff, 0xb0, 0x2, 0xff, 0xff,
    0xff, 0xff, 0xc0, 0x0, 0xb, 0xff, 0xff, 0xf1,
    0x6, 0xff, 0xff, 0xaf, 0xff, 0xc0, 0x39, 0x0,
    0xcf, 0xff, 0xf5, 0xa, 0xff, 0xf9, 0x3, 0xef,
    0xc0, 0x3f, 0x90, 0x1d, 0xff, 0xf8, 0xc, 0xff,
    0xfd, 0x10, 0x3e, 0xc0, 0x2f, 0xb0, 0xc, 0xff,
    0xfa, 0xe, 0xff, 0xff, 0xd1, 0x3, 0xb0, 0x2b,
    0x0, 0xaf, 0xff, 0xfc, 0xf, 0xff, 0xff, 0xfd,
    0x10, 0x10, 0x0, 0x9, 0xff, 0xff, 0xfd, 0xf,
    0xff, 0xff, 0xff, 0xd1, 0x0, 0x0, 0x7f, 0xff,
    0xff, 0xfe, 0x1f, 0xff, 0xff, 0xff, 0xfd, 0x10,
    0x5, 0xff, 0xff, 0xff, 0xfe, 0x1f, 0xff, 0xff,
    0xff, 0xfb, 0x0, 0x3, 0xff, 0xff, 0xff, 0xfe,
    0xf, 0xff, 0xff, 0xff, 0xb0, 0x0, 0x0, 0x3f,
    0xff, 0xff, 0xfd, 0xf, 0xff, 0xff, 0xfb, 0x0,
    0x20, 0x11, 0x4, 0xff, 0xff, 0xfd, 0xe, 0xff,
    0xff, 0xb0, 0x5, 0xc0, 0x2d, 0x10, 0x5f, 0xff,
    0xfc, 0xc, 0xff, 0xfb, 0x0, 0x5f, 0xc0, 0x2f,
    0xd0, 0x7, 0xff, 0xfa, 0x9, 0xff, 0xfb, 0x5,
    0xff, 0xc0, 0x3f, 0x60, 0x1d, 0xff, 0xf7, 0x5,
    0xff, 0xff, 0xdf, 0xff, 0xc0, 0x36, 0x1, 0xdf,
    0xff, 0xf4, 0x1, 0xff, 0xff, 0xff, 0xff, 0xd0,
    0x0, 0x1d, 0xff, 0xff, 0xf0, 0x0, 0xaf, 0xff,
    0xff, 0xff, 0xd0, 0x1, 0xdf, 0xff, 0xff, 0xa0,
    0x0, 0x2f, 0xff, 0xff, 0xff, 0xd0, 0x1d, 0xff,
    0xff, 0xff, 0x20, 0x0, 0x6, 0xff, 0xff, 0xff,
    0xd1, 0xcf, 0xff, 0xff, 0xf8, 0x0, 0x0, 0x0,
    0x6f, 0xff, 0xff, 0xec, 0xff, 0xff, 0xff, 0xb0,
    0x0, 0x0, 0x0, 0x2, 0xaf, 0xff, 0xff, 0xff,
    0xff, 0xe7, 0x0, 0x0, 0x0, 0x0, 0x0, 0x1,
    0x58, 0xab, 0xba, 0x84, 0x0, 0x0, 0x0,

    /* U+F2ED "" */
    0x0, 0x0, 0x0, 0x0, 0x14, 0x44, 0x44, 0x43,
    0x0, 0x0, 0x0, 0x0, 0x0, 0x0, 0x0, 0x0,
    0x1f, 0xff, 0xff, 0xff, 0xf9, 0x0, 0x0, 0x0,
    0x0, 0x58, 0x88, 0x88, 0x8c, 0xff, 0xff, 0xff,
    0xff, 0xf8, 0x88, 0x88, 0x88, 0x1f, 0xff, 0xff,
    0xff, 0xff, 0xff, 0xff, 0xff, 0xff, 0xff, 0xff,
    0xff, 0xf7, 0xff, 0xff, 0xff, 0xff, 0xff, 0xff,
    0xff, 0xff, 0xff, 0xff, 0xff, 0xff, 0x8b, 0xff,
    0xff, 0xff, 0xff, 0xff, 0xff, 0xff, 0xff, 0xff,
    0xff, 0xff, 0xe4, 0x0, 0x0, 0x0, 0x0, 0x0,
    0x0, 0x0, 0x0, 0x0, 0x0, 0x0, 0x0, 0x0,
    0x28, 0x88, 0x88, 0x88, 0x88, 0x88, 0x88, 0x88,
    0x88, 0x88, 0x86, 0x0, 0x4, 0xff, 0xff, 0xff,
    0xff, 0xff, 0xff, 0xff, 0xff, 0xff, 0xff, 0xc0,
    0x0, 0x4f, 0xff, 0xff, 0xff, 0xff, 0xff, 0xff,
    0xff, 0xff, 0xff, 0xfc, 0x0, 0x4, 0xff, 0xff,
    0xff, 0xff, 0xff, 0xff, 0xff, 0xff, 0xff, 0xff,
    0xc0, 0x0, 0x4f, 0xff, 0xf5, 0x5f, 0xff, 0x92,
    0xff, 0xfc, 0x1c, 0xff, 0xfc, 0x0, 0x4, 0xff,
    0xff, 0x22, 0xff, 0xf6, 0xe, 0xff, 0xa0, 0xaf,
    0xff, 0xc0, 0x0, 0x4f, 0xff, 0xf2, 0x2f, 0xff,
    0x60, 0xef, 0xfa, 0xa, 0xff, 0xfc, 0x0, 0x4,
    0xff, 0xff, 0x22, 0xff, 0xf6, 0xe, 0xff, 0xa0,
    0xaf, 0xff, 0xc0, 0x0, 0x4f, 0xff, 0xf2, 0x2f,
    0xff, 0x60, 0xef, 0xfa, 0xa, 0xff, 0xfc, 0x0,
    0x4, 0xff, 0xff, 0x22, 0xff, 0xf6, 0xe, 0xff,
    0xa0, 0xaf, 0xff, 0xc0, 0x0, 0x4f, 0xff, 0xf2,
    0x2f, 0xff, 0x60, 0xef, 0xfa, 0xa, 0xff, 0xfc,
    0x0, 0x4, 0xff, 0xff, 0x22, 0xff, 0xf6, 0xe,
    0xff, 0xa0, 0xaf, 0xff, 0xc0, 0x0, 0x4f, 0xff,
    0xf2, 0x2f, 0xff, 0x60, 0xef, 0xfa, 0xa, 0xff,
    0xfc, 0x0, 0x4, 0xff, 0xff, 0x22, 0xff, 0xf6,
    0xe, 0xff, 0xa0, 0xaf, 0xff, 0xc0, 0x0, 0x4f,
    0xff, 0xf2, 0x2f, 0xff, 0x60, 0xef, 0xfa, 0xa,
    0xff, 0xfc, 0x0, 0x4, 0xff, 0xff, 0x22, 0xff,
    0xf6, 0xe, 0xff, 0xa0, 0xaf, 0xff, 0xc0, 0x0,
    0x4f, 0xff, 0xf2, 0x2f, 0xff, 0x60, 0xef, 0xfa,
    0xa, 0xff, 0xfc, 0x0, 0x4, 0xff, 0xff, 0x55,
    0xff, 0xf9, 0x2f, 0xff, 0xc1, 0xcf, 0xff, 0xc0,
    0x0, 0x3f, 0xff, 0xff, 0xff, 0xff, 0xff, 0xff,
    0xff, 0xff, 0xff, 0xfb, 0x0, 0x2, 0xff, 0xff,
    0xff, 0xff, 0xff, 0xff, 0xff, 0xff, 0xff, 0xff,
    0xa0, 0x0, 0x9, 0xff, 0xff, 0xff, 0xff, 0xff,
    0xff, 0xff, 0xff, 0xff, 0xf2, 0x0, 0x0, 0x4,
    0x78, 0x88, 0x88, 0x88, 0x88, 0x88, 0x88, 0x88,
    0x61, 0x0, 0x0,

    /* U+F304 "" */
    0x0, 0x0, 0x0, 0x0, 0x0, 0x0, 0x0, 0x0,
    0x0, 0x0, 0x0, 0x66, 0x10, 0x0, 0x0, 0x0,
    0x0, 0x0, 0x0, 0x0, 0x0, 0x0, 0x0, 0x0,
    0x1, 0xdf, 0xfe, 0x30, 0x0, 0x0, 0x0, 0x0,
    0x0, 0x0, 0x0, 0x0, 0x0, 0x0, 0x1, 0xef,
    0xff, 0xff, 0x30, 0x0, 0x0, 0x0, 0x0, 0x0,
    0x0, 0x0, 0x0, 0x0, 0x1, 0xef, 0xff, 0xff,
    0xff, 0x30, 0x0, 0x0, 0x0, 0x0, 0x0, 0x0,
    0x0, 0x0, 0x0, 0x9f, 0xff, 0xff, 0xff, 0xff,
    0x30, 0x0, 0x0, 0x0, 0x0, 0x0, 0x0, 0x0,
    0x1, 0x0, 0xbf, 0xff, 0xff, 0xff, 0xfc, 0x0,
    0x0, 0x0, 0x0, 0x0, 0x0, 0x0, 0x1, 0xec,
    0x0, 0xbf, 0xff, 0xff, 0xff, 0xf0, 0x0, 0x0,
    0x0, 0x0, 0x0, 0x0, 0x1, 0xef, 0xfc, 0x0,
    0xbf, 0xff, 0xff, 0xfb, 0x0, 0x0, 0x0, 0x0,
    0x0, 0x0, 0x1, 0xef, 0xff, 0xfc, 0x0, 0xbf,
    0xff, 0xfe, 0x10, 0x0, 0x0, 0x0, 0x0, 0x0,
    0x1, 0xef, 0xff, 0xff, 0xfc, 0x0, 0xbf, 0xfe,
    0x10, 0x0, 0x0, 0x0, 0x0, 0x0, 0x1, 0xef,
    0xff, 0xff, 0xff, 0xfc, 0x0, 0xbe, 0x10, 0x0,
    0x0, 0x0, 0x0, 0x0, 0x1, 0xef, 0xff, 0xff,
    0xff, 0xff, 0xfc, 0x0, 0x10, 0x0, 0x0, 0x0,
    0x0, 0x0, 0x1, 0xef, 0xff, 0xff, 0xff, 0xff,
    0xff, 0xfa, 0x0, 0x0, 0x0, 0x0, 0x0, 0x0,
    0x1, 0xef, 0xff, 0xff, 0xff, 0xff, 0xff, 0xfe,
    0x20, 0x0, 0x0, 0x0, 0x0, 0x0, 0x1, 0xef,
    0xff, 0xff, 0xff, 0xff, 0xff, 0xfe, 0x20, 0x0,
    0x0, 0x0, 0x0, 0x0, 0x1, 0xef, 0xff, 0xff,
    0xff, 0xff, 0xff, 0xfe, 0x20, 0x0, 0x0, 0x0,
    0x0, 0x0, 0x1, 0xef, 0xff, 0xff, 0xff, 0xff,
    0xff, 0xfe, 0x20, 0x0, 0x0, 0x0, 0x0, 0x0,
    0x1, 0xef, 0xff, 0xff, 0xff, 0xff, 0xff, 0xfe,
    0x20, 0x0, 0x0, 0x0, 0x0, 0x0, 0x1, 0xef,
    0xff, 0xff, 0xff, 0xff, 0xff, 0xfe, 0x20, 0x0,
    0x0, 0x0, 0x0, 0x0, 0x1, 0xef, 0xff, 0xff,
    0xff, 0xff, 0xff, 0xfe, 0x20, 0x0, 0x0, 0x0,
    0x0, 0x0, 0x1, 0xef, 0xff, 0xff, 0xff, 0xff,
    0xff, 0xfe, 0x20, 0x0, 0x0, 0x0, 0x0, 0x0,
    0x0, 0x5f, 0xff, 0xff, 0xff, 0xff, 0xff, 0xfe,
    0x20, 0x0, 0x0, 0x0, 0x0, 0x0, 0x0, 0x7,
    0xff, 0xff, 0xff, 0xff, 0xff, 0xfe, 0x20, 0x0,
    0x0, 0x0, 0x0, 0x0, 0x0, 0x0, 0x9f, 0xff,
    0xff, 0xff, 0xff, 0xfe, 0x20, 0x0, 0x0, 0x0,
    0x0, 0x0, 0x0, 0x0, 0xb, 0xff, 0xff, 0xff,
    0xff, 0xfe, 0x20, 0x0, 0x0, 0x0, 0x0, 0x0,
    0x0, 0x0, 0x0, 0xdf, 0xff, 0xff, 0xff, 0xfe,
    0x20, 0x0, 0x0, 0x0, 0x0, 0x0, 0x0, 0x0,
    0x0, 0xf, 0xff, 0xff, 0xff, 0xfe, 0x20, 0x0,
    0x0, 0x0, 0x0, 0x0, 0x0, 0x0, 0x0, 0x0,
    0xef, 0xff, 0xff, 0xec, 0x20, 0x0, 0x0, 0x0,
    0x0, 0x0, 0x0, 0x0, 0x0, 0x0, 0x3, 0x76,
    0x42, 0x0, 0x0, 0x0, 0x0, 0x0, 0x0, 0x0,
    0x0, 0x0, 0x0, 0x0, 0x0,

    /* U+F55A "" */
    0x0, 0x0, 0x0, 0x0, 0x8, 0xef, 0xff, 0xff,
    0xff, 0xff, 0xff, 0xff, 0xff, 0xff, 0xff, 0xff,
    0xd5, 0x0, 0x0, 0x0, 0x0, 0xb, 0xff, 0xff,
    0xff, 0xff, 0xff, 0xff, 0xff, 0xff, 0xff, 0xff,
    0xff, 0xff, 0xf5, 0x0, 0x0, 0x0, 0xb, 0xff,
    0xff, 0xff, 0xff, 0xff, 0xff, 0xff, 0xff, 0xff,
    0xff, 0xff, 0xff, 0xff, 0xd0, 0x0, 0x0, 0xb,
    0xff, 0xff, 0xff, 0xff, 0xff, 0xff, 0xff, 0xff,
    0xff, 0xff, 0xff, 0xff, 0xff, 0xff, 0x0, 0x0,
    0xb, 0xff, 0xff, 0xff, 0xff, 0xff, 0x99, 0xff,
    0xff, 0xff, 0x99, 0xff, 0xff, 0xff, 0xff, 0xf0,
    0x0, 0xb, 0xff, 0xff, 0xff, 0xff, 0xff, 0x80,
    0x8, 0xff, 0xff, 0x80, 0x7, 0xff, 0xff, 0xff,
    0xff, 0x0, 0xb, 0xff, 0xff, 0xff, 0xff, 0xff,
    0xe0, 0x0, 0x8, 0xff, 0x80, 0x0, 0xe, 0xff,
    0xff, 0xff, 0xf0, 0xb, 0xff, 0xff, 0xff, 0xff,
    0xff, 0xff, 0x80, 0x0, 0x8, 0x80, 0x0, 0x8,
    0xff, 0xff, 0xff, 0xff, 0xb, 0xff, 0xff, 0xff,
    0xff, 0xff, 0xff, 0xff, 0x80, 0x0, 0x0, 0x0,
    0x8, 0xff, 0xff, 0xff, 0xff, 0xfa, 0xff, 0xff,
    0xff, 0xff, 0xff, 0xff, 0xff, 0xff, 0x80, 0x0,
    0x0, 0x8, 0xff, 0xff, 0xff, 0xff, 0xff, 0xff,
    0xff, 0xff, 0xff, 0xff, 0xff, 0xff, 0xff, 0xff,
    0x40, 0x0, 0x4, 0xff, 0xff, 0xff, 0xff, 0xff,
    0xfa, 0xff, 0xff, 0xff, 0xff, 0xff, 0xff, 0xff,
    0xff, 0x80, 0x0, 0x0, 0x8, 0xff, 0xff, 0xff,
    0xff, 0xff, 0xb, 0xff, 0xff, 0xff, 0xff, 0xff,
    0xff, 0xff, 0x80, 0x0, 0x0, 0x0, 0x8, 0xff,
    0xff, 0xff, 0xff, 0xf0, 0xb, 0xff, 0xff, 0xff,
    0xff, 0xff, 0xff, 0x80, 0x0, 0x8, 0x80, 0x0,
    0x8, 0xff, 0xff, 0xff, 0xff, 0x0, 0xb, 0xff,
    0xff, 0xff, 0xff, 0xff, 0xe0, 0x0, 0x8, 0xff,
    0x80, 0x0, 0xe, 0xff, 0xff, 0xff, 0xf0, 0x0,
    0xb, 0xff, 0xff, 0xff, 0xff, 0xff, 0x80, 0x8,
    0xff, 0xff, 0x80, 0x8, 0xff, 0xff, 0xff, 0xff,
    0x0, 0x0, 0xb, 0xff, 0xff, 0xff, 0xff, 0xff,
    0x99, 0xff, 0xff, 0xff, 0x99, 0xff, 0xff, 0xff,
    0xff, 0xf0, 0x0, 0x0, 0xb, 0xff, 0xff, 0xff,
    0xff, 0xff, 0xff, 0xff, 0xff, 0xff, 0xff, 0xff,
    0xff, 0xff, 0xff, 0x0, 0x0, 0x0, 0xb, 0xff,
    0xff, 0xff, 0xff, 0xff, 0xff, 0xff, 0xff, 0xff,
    0xff, 0xff, 0xff, 0xff, 0xd0, 0x0, 0x0, 0x0,
    0xa, 0xff, 0xff, 0xff, 0xff, 0xff, 0xff, 0xff,
    0xff, 0xff, 0xff, 0xff, 0xff, 0xf5, 0x0, 0x0,
    0x0, 0x0, 0x8, 0xef, 0xff, 0xff, 0xff, 0xff,
    0xff, 0xff, 0xff, 0xff, 0xff, 0xff, 0xd5, 0x0,

    /* U+F7C2 "" */
    0x0, 0x0, 0x0, 0x17, 0x88, 0x88, 0x88, 0x88,
    0x87, 0x50, 0x0, 0x0, 0x0, 0x1d, 0xff, 0xff,
    0xff, 0xff, 0xff, 0xff, 0xc1, 0x0, 0x0, 0x2d,
    0xff, 0xff, 0xff, 0xff, 0xff, 0xff, 0xff, 0xa0,
    0x0, 0x2e, 0xff, 0xff, 0xff, 0xff, 0xff, 0xff,
    0xff, 0xff, 0x0, 0x2e, 0xff, 0x20, 0x1f, 0xa0,
    0xe, 0xd0, 0x8, 0xff, 0xf0, 0x2e, 0xff, 0xf2,
    0x1, 0xfa, 0x0, 0xed, 0x0, 0x8f, 0xff, 0x3e,
    0xff, 0xff, 0x20, 0x1f, 0xa0, 0xe, 0xd0, 0x8,
    0xff, 0xfe, 0xff, 0xff, 0xf2, 0x1, 0xfa, 0x0,
    0xed, 0x0, 0x8f, 0xff, 0xff, 0xff, 0xff, 0x20,
    0x1f, 0xa0, 0xe, 0xd0, 0x8, 0xff, 0xff, 0xff,
    0xff, 0xff, 0xff, 0xff, 0xff, 0xff, 0xff, 0xff,
    0xff, 0xff, 0xff, 0xff, 0xff, 0xff, 0xff, 0xff,
    0xff, 0xff, 0xff, 0xff, 0xff, 0xff, 0xff, 0xff,
    0xff, 0xff, 0xff, 0xff, 0xff, 0xff, 0xff, 0xff,
    0xff, 0xff, 0xff, 0xff, 0xff, 0xff, 0xff, 0xff,
    0xff, 0xff, 0xff, 0xff, 0xff, 0xff, 0xff, 0xff,
    0xff, 0xff, 0xff, 0xff, 0xff, 0xff, 0xff, 0xff,
    0xff, 0xff, 0xff, 0xff, 0xff, 0xff, 0xff, 0xff,
    0xff, 0xff, 0xff, 0xff, 0xff, 0xff, 0xff, 0xff,
    0xff, 0xff, 0xff, 0xff, 0xff, 0xff, 0xff, 0xff,
    0xff, 0xff, 0xff, 0xff, 0xff, 0xff, 0xff, 0xff,
    0xff, 0xff, 0xff, 0xff, 0xff, 0xff, 0xff, 0xff,
    0xff, 0xff, 0xff, 0xff, 0xff, 0xff, 0xff, 0xff,
    0xff, 0xff, 0xff, 0xff, 0xff, 0xff, 0xff, 0xff,
    0xff, 0xff, 0xff, 0xff, 0xff, 0xff, 0xff, 0xff,
    0xff, 0xff, 0xff, 0xff, 0xff, 0xff, 0xff, 0xff,
    0xff, 0xff, 0xff, 0xff, 0xff, 0xff, 0xff, 0xff,
    0xff, 0xff, 0xff, 0xff, 0xff, 0xff, 0xff, 0xff,
    0xff, 0xff, 0xff, 0xff, 0xff, 0xff, 0xff, 0xff,
    0xff, 0xff, 0xff, 0xff, 0xff, 0xff, 0xff, 0xff,
    0xff, 0xff, 0xff, 0xff, 0xff, 0xff, 0xfe, 0xff,
    0xff, 0xff, 0xff, 0xff, 0xff, 0xff, 0xff, 0xff,
    0xfe, 0x8f, 0xff, 0xff, 0xff, 0xff, 0xff, 0xff,
    0xff, 0xff, 0xff, 0x80, 0xaf, 0xff, 0xff, 0xff,
    0xff, 0xff, 0xff, 0xff, 0xff, 0x90, 0x0, 0x24,
    0x44, 0x44, 0x44, 0x44, 0x44, 0x44, 0x44, 0x20,
    0x0,

    /* U+F8A2 "" */
    0x0, 0x0, 0x0, 0x0, 0x0, 0x0, 0x0, 0x0,
    0x0, 0x0, 0x0, 0x0, 0x0, 0x4, 0x0, 0x0,
    0x0, 0x0, 0x0, 0x0, 0x0, 0x0, 0x0, 0x0,
    0x0, 0x0, 0x0, 0x9, 0xf1, 0x0, 0x0, 0x0,
    0x0, 0x0, 0x0, 0x0, 0x0, 0x0, 0x0, 0x0,
    0x0, 0x9, 0xff, 0x10, 0x0, 0x0, 0x0, 0x0,
    0x0, 0x0, 0x0, 0x0, 0x0, 0x0, 0x0, 0x9,
    0xff, 0xf1, 0x0, 0x0, 0x0, 0x5c, 0x50, 0x0,
    0x0, 0x0, 0x0, 0x0, 0x0, 0x3, 0xff, 0xff,
    0x10, 0x0, 0x0, 0x7f, 0xfd, 0x0, 0x0, 0x0,
    0x0, 0x0, 0x0, 0x0, 0x4f, 0xff, 0xf1, 0x0,
    0x0, 0x8f, 0xff, 0xd0, 0x0, 0x0, 0x0, 0x0,
    0x0, 0x0, 0x4, 0xff, 0xff, 0x10, 0x0, 0x9f,
    0xff, 0xfd, 0x0, 0x0, 0x0, 0x0, 0x0, 0x0,
    0x0, 0x4f, 0xff, 0xf1, 0x0, 0xaf, 0xff, 0xff,
    0xd0, 0x0, 0x0, 0x0, 0x0, 0x0, 0x0, 0x4,
    0xff, 0xff, 0x10, 0xbf, 0xff, 0xff, 0xff, 0xff,
    0xff, 0xff, 0xff, 0xff, 0xff, 0xff, 0xff, 0xff,
    0xf1, 0xaf, 0xff, 0xff, 0xff, 0xff, 0xff, 0xff,
    0xff, 0xff, 0xff, 0xff, 0xff, 0xff, 0xff, 0x1c,
    0xff, 0xff, 0xff, 0xff, 0xff, 0xff, 0xff, 0xff,
    0xff, 0xff, 0xff, 0xff, 0xff, 0xf1, 0x2e, 0xff,
    0xff, 0xff, 0xff, 0xff, 0xff, 0xff, 0xff, 0xff,
    0xff, 0xff, 0xff, 0xfe, 0x0, 0x1d, 0xff, 0xff,
    0xfe, 0x55, 0x55, 0x55, 0x55, 0x55, 0x55, 0x55,
    0x55, 0x55, 0x10, 0x0, 0x1c, 0xff, 0xff, 0xd0,
    0x0, 0x0, 0x0, 0x0, 0x0, 0x0, 0x0, 0x0,
    0x0, 0x0, 0x0, 0xc, 0xff, 0xfd, 0x0, 0x0,
    0x0, 0x0, 0x0, 0x0, 0x0, 0x0, 0x0, 0x0,
    0x0, 0x0, 0xb, 0xff, 0xd0, 0x0, 0x0, 0x0,
    0x0, 0x0, 0x0, 0x0, 0x0, 0x0, 0x0, 0x0,
    0x0, 0xa, 0xf9, 0x0, 0x0, 0x0, 0x0, 0x0,
    0x0, 0x0, 0x0, 0x0, 0x0, 0x0, 0x0, 0x0,
    0x1, 0x0, 0x0, 0x0, 0x0, 0x0, 0x0, 0x0,
    0x0, 0x0, 0x0, 0x0
};


/*---------------------
 *  GLYPH DESCRIPTION
 *--------------------*/

static const lv_font_fmt_txt_glyph_dsc_t glyph_dsc[] = {
    {.bitmap_index = 0, .adv_w = 0, .box_w = 0, .box_h = 0, .ofs_x = 0, .ofs_y = 0} /* id = 0 reserved */,
    {.bitmap_index = 0, .adv_w = 114, .box_w = 0, .box_h = 0, .ofs_x = 0, .ofs_y = 0},
    {.bitmap_index = 0, .adv_w = 124, .box_w = 6, .box_h = 19, .ofs_x = 1, .ofs_y = 0},
    {.bitmap_index = 57, .adv_w = 211, .box_w = 11, .box_h = 7, .ofs_x = 1, .ofs_y = 12},
    {.bitmap_index = 96, .adv_w = 283, .box_w = 16, .box_h = 19, .ofs_x = 1, .ofs_y = 0},
    {.bitmap_index = 248, .adv_w = 273, .box_w = 15, .box_h = 26, .ofs_x = 1, .ofs_y = -3},
    {.bitmap_index = 443, .adv_w = 343, .box_w = 21, .box_h = 21, .ofs_x = 0, .ofs_y = -1},
    {.bitmap_index = 664, .adv_w = 268, .box_w = 16, .box_h = 19, .ofs_x = 1, .ofs_y = 0},
    {.bitmap_index = 816, .adv_w = 122, .box_w = 6, .box_h = 7, .ofs_x = 1, .ofs_y = 12},
    {.bitmap_index = 837, .adv_w = 174, .box_w = 10, .box_h = 28, .ofs_x = 1, .ofs_y = -7},
    {.bitmap_index = 977, .adv_w = 172, .box_w = 10, .box_h = 28, .ofs_x = 0, .ofs_y = -7},
    {.bitmap_index = 1117, .adv_w = 237, .box_w = 13, .box_h = 13, .ofs_x = 1, .ofs_y = 6},
    {.bitmap_index = 1202, .adv_w = 278, .box_w = 13, .box_h = 12, .ofs_x = 2, .ofs_y = 4},
    {.bitmap_index = 1280, .adv_w = 122, .box_w = 6, .box_h = 9, .ofs_x = 1, .ofs_y = -4},
    {.bitmap_index = 1307, .adv_w = 198, .box_w = 9, .box_h = 3, .ofs_x = 2, .ofs_y = 6},
    {.bitmap_index = 1321, .adv_w = 124, .box_w = 6, .box_h = 5, .ofs_x = 1, .ofs_y = 0},
    {.bitmap_index = 1336, .adv_w = 170, .box_w = 12, .box_h = 25, .ofs_x = -1, .ofs_y = -6},
    {.bitmap_index = 1486, .adv_w = 289, .box_w = 16, .box_h = 19, .ofs_x = 1, .ofs_y = 0},
    {.bitmap_index = 1638, .adv_w = 195, .box_w = 11, .box_h = 19, .ofs_x = 0, .ofs_y = 0},
    {.bitmap_index = 1743, .adv_w = 268, .box_w = 15, .box_h = 19, .ofs_x = 1, .ofs_y = 0},
    {.bitmap_index = 1886, .adv_w = 271, .box_w = 15, .box_h = 19, .ofs_x = 1, .ofs_y = 0},
    {.bitmap_index = 2029, .adv_w = 282, .box_w = 17, .box_h = 19, .ofs_x = 0, .ofs_y = 0},
    {.bitmap_index = 2191, .adv_w = 268, .box_w = 15, .box_h = 19, .ofs_x = 1, .ofs_y = 0},
    {.bitmap_index = 2334, .adv_w = 276, .box_w = 15, .box_h = 19, .ofs_x = 1, .ofs_y = 0},
    {.bitmap_index = 2477, .adv_w = 250, .box_w = 15, .box_h = 19, .ofs_x = 0, .ofs_y = 0},
    {.bitmap_index = 2620, .adv_w = 274, .box_w = 16, .box_h = 19, .ofs_x = 1, .ofs_y = 0},
    {.bitmap_index = 2772, .adv_w = 276, .box_w = 15, .box_h = 19, .ofs_x = 1, .ofs_y = 0},
    {.bitmap_index = 2915, .adv_w = 124, .box_w = 6, .box_h = 14, .ofs_x = 1, .ofs_y = 0},
    {.bitmap_index = 2957, .adv_w = 124, .box_w = 6, .box_h = 18, .ofs_x = 1, .ofs_y = -4},
    {.bitmap_index = 3011, .adv_w = 278, .box_w = 13, .box_h = 13, .ofs_x = 2, .ofs_y = 3},
    {.bitmap_index = 3096, .adv_w = 278, .box_w = 13, .box_h = 7, .ofs_x = 2, .ofs_y = 7},
    {.bitmap_index = 3142, .adv_w = 278, .box_w = 13, .box_h = 13, .ofs_x = 2, .ofs_y = 3},
    {.bitmap_index = 3227, .adv_w = 259, .box_w = 14, .box_h = 19, .ofs_x = 1, .ofs_y = 0},
    {.bitmap_index = 3360, .adv_w = 457, .box_w = 25, .box_h = 25, .ofs_x = 2, .ofs_y = -6},
    {.bitmap_index = 3673, .adv_w = 283, .box_w = 18, .box_h = 19, .ofs_x = 0, .ofs_y = 0},
    {.bitmap_index = 3844, .adv_w = 297, .box_w = 17, .box_h = 19, .ofs_x = 1, .ofs_y = 0},
    {.bitmap_index = 4006, .adv_w = 288, .box_w = 16, .box_h = 19, .ofs_x = 1, .ofs_y = 0},
    {.bitmap_index = 4158, .adv_w = 298, .box_w = 17, .box_h = 19, .ofs_x = 1, .ofs_y = 0},
    {.bitmap_index = 4320, .adv_w = 250, .box_w = 13, .box_h = 19, .ofs_x = 2, .ofs_y = 0},
    {.bitmap_index = 4444, .adv_w = 241, .box_w = 13, .box_h = 19, .ofs_x = 2, .ofs_y = 0},
    {.bitmap_index = 4568, .adv_w = 296, .box_w = 16, .box_h = 19, .ofs_x = 1, .ofs_y = 0},
    {.bitmap_index = 4720, .adv_w = 294, .box_w = 15, .box_h = 19, .ofs_x = 2, .ofs_y = 0},
    {.bitmap_index = 4863, .adv_w = 114, .box_w = 4, .box_h = 19, .ofs_x = 2, .ofs_y = 0},
    {.bitmap_index = 4901, .adv_w = 270, .box_w = 15, .box_h = 19, .ofs_x = 1, .ofs_y = 0},
    {.bitmap_index = 5044, .adv_w = 277, .box_w = 16, .box_h = 19, .ofs_x = 2, .ofs_y = 0},
    {.bitmap_index = 5196, .adv_w = 244, .box_w = 13, .box_h = 19, .ofs_x = 2, .ofs_y = 0},
    {.bitmap_index = 5320, .adv_w = 392, .box_w = 21, .box_h = 19, .ofs_x = 2, .ofs_y = 0},
    {.bitmap_index = 5520, .adv_w = 299, .box_w = 15, .box_h = 19, .ofs_x = 2, .ofs_y = 0},
    {.bitmap_index = 5663, .adv_w = 302, .box_w = 17, .box_h = 19, .ofs_x = 1, .ofs_y = 0},
    {.bitmap_index = 5825, .adv_w = 270, .box_w = 15, .box_h = 19, .ofs_x = 2, .ofs_y = 0},
    {.bitmap_index = 5968, .adv_w = 302, .box_w = 17, .box_h = 25, .ofs_x = 1, .ofs_y = -6},
    {.bitmap_index = 6181, .adv_w = 283, .box_w = 15, .box_h = 19, .ofs_x = 2, .ofs_y = 0},
    {.bitmap_index = 6324, .adv_w = 273, .box_w = 15, .box_h = 19, .ofs_x = 1, .ofs_y = 0},
    {.bitmap_index = 6467, .adv_w = 263, .box_w = 16, .box_h = 19, .ofs_x = 0, .ofs_y = 0},
    {.bitmap_index = 6619, .adv_w = 300, .box_w = 16, .box_h = 19, .ofs_x = 1, .ofs_y = 0},
    {.bitmap_index = 6771, .adv_w = 277, .box_w = 17, .box_h = 19, .ofs_x = 0, .ofs_y = 0},
    {.bitmap_index = 6933, .adv_w = 397, .box_w = 24, .box_h = 19, .ofs_x = 0, .ofs_y = 0},
    {.bitmap_index = 7161, .adv_w = 287, .box_w = 18, .box_h = 19, .ofs_x = 0, .ofs_y = 0},
    {.bitmap_index = 7332, .adv_w = 276, .box_w = 17, .box_h = 19, .ofs_x = 0, .ofs_y = 0},
    {.bitmap_index = 7494, .adv_w = 258, .box_w = 14, .box_h = 19, .ofs_x = 1, .ofs_y = 0},
    {.bitmap_index = 7627, .adv_w = 155, .box_w = 8, .box_h = 28, .ofs_x = 2, .ofs_y = -7},
    {.bitmap_index = 7739, .adv_w = 170, .box_w = 12, .box_h = 25, .ofs_x = -1, .ofs_y = -6},
    {.bitmap_index = 7889, .adv_w = 155, .box_w = 8, .box_h = 28, .ofs_x = 0, .ofs_y = -7},
    {.bitmap_index = 8001, .adv_w = 278, .box_w = 14, .box_h = 8, .ofs_x = 2, .ofs_y = 11},
    {.bitmap_index = 8057, .adv_w = 278, .box_w = 15, .box_h = 3, .ofs_x = 1, .ofs_y = -4},
    {.bitmap_index = 8080, .adv_w = 129, .box_w = 6, .box_h = 4, .ofs_x = 1, .ofs_y = 15},
    {.bitmap_index = 8092, .adv_w = 258, .box_w = 15, .box_h = 14, .ofs_x = 1, .ofs_y = 0},
    {.bitmap_index = 8197, .adv_w = 287, .box_w = 15, .box_h = 19, .ofs_x = 2, .ofs_y = 0},
    {.bitmap_index = 8340, .adv_w = 265, .box_w = 15, .box_h = 14, .ofs_x = 1, .ofs_y = 0},
    {.bitmap_index = 8445, .adv_w = 287, .box_w = 15, .box_h = 19, .ofs_x = 1, .ofs_y = 0},
    {.bitmap_index = 8588, .adv_w = 262, .box_w = 15, .box_h = 14, .ofs_x = 1, .ofs_y = 0},
    {.bitmap_index = 8693, .adv_w = 197, .box_w = 12, .box_h = 19, .ofs_x = 0, .ofs_y = 0},
    {.bitmap_index = 8807, .adv_w = 287, .box_w = 15, .box_h = 20, .ofs_x = 1, .ofs_y = -6},
    {.bitmap_index = 8957, .adv_w = 276, .box_w = 14, .box_h = 19, .ofs_x = 2, .ofs_y = 0},
    {.bitmap_index = 9090, .adv_w = 115, .box_w = 5, .box_h = 19, .ofs_x = 1, .ofs_y = 0},
    {.bitmap_index = 9138, .adv_w = 116, .box_w = 7, .box_h = 25, .ofs_x = -1, .ofs_y = -6},
    {.bitmap_index = 9226, .adv_w = 247, .box_w = 13, .box_h = 19, .ofs_x = 2, .ofs_y = 0},
    {.bitmap_index = 9350, .adv_w = 115, .box_w = 4, .box_h = 19, .ofs_x = 2, .ofs_y = 0},
    {.bitmap_index = 9388, .adv_w = 384, .box_w = 20, .box_h = 14, .ofs_x = 2, .ofs_y = 0},
    {.bitmap_index = 9528, .adv_w = 276, .box_w = 14, .box_h = 14, .ofs_x = 2, .ofs_y = 0},
    {.bitmap_index = 9626, .adv_w = 276, .box_w = 15, .box_h = 14, .ofs_x = 1, .ofs_y = 0},
    {.bitmap_index = 9731, .adv_w = 287, .box_w = 15, .box_h = 20, .ofs_x = 2, .ofs_y = -6},
    {.bitmap_index = 9881, .adv_w = 287, .box_w = 15, .box_h = 20, .ofs_x = 1, .ofs_y = -6},
    {.bitmap_index = 10031, .adv_w = 173, .box_w = 8, .box_h = 14, .ofs_x = 2, .ofs_y = 0},
    {.bitmap_index = 10087, .adv_w = 235, .box_w = 13, .box_h = 14, .ofs_x = 1, .ofs_y = 0},
    {.bitmap_index = 10178, .adv_w = 205, .box_w = 12, .box_h = 18, .ofs_x = 0, .ofs_y = 0},
    {.bitmap_index = 10286, .adv_w = 275, .box_w = 15, .box_h = 14, .ofs_x = 1, .ofs_y = 0},
    {.bitmap_index = 10391, .adv_w = 244, .box_w = 15, .box_h = 14, .ofs_x = 0, .ofs_y = 0},
    {.bitmap_index = 10496, .adv_w = 355, .box_w = 20, .box_h = 14, .ofs_x = 1, .ofs_y = 0},
    {.bitmap_index = 10636, .adv_w = 266, .box_w = 16, .box_h = 14, .ofs_x = 0, .ofs_y = 0},
    {.bitmap_index = 10748, .adv_w = 275, .box_w = 15, .box_h = 20, .ofs_x = 1, .ofs_y = -6},
    {.bitmap_index = 10898, .adv_w = 233, .box_w = 13, .box_h = 14, .ofs_x = 1, .ofs_y = 0},
    {.bitmap_index = 10989, .adv_w = 201, .box_w = 12, .box_h = 28, .ofs_x = 1, .ofs_y = -7},
    {.bitmap_index = 11157, .adv_w = 112, .box_w = 3, .box_h = 29, .ofs_x = 2, .ofs_y = -7},
    {.bitmap_index = 11201, .adv_w = 201, .box_w = 12, .box_h = 28, .ofs_x = 0, .ofs_y = -7},
    {.bitmap_index = 11369, .adv_w = 278, .box_w = 15, .box_h = 7, .ofs_x = 1, .ofs_y = 6},
    {.bitmap_index = 11422, .adv_w = 114, .box_w = 0, .box_h = 0, .ofs_x = 0, .ofs_y = 0},
    {.bitmap_index = 11422, .adv_w = 124, .box_w = 6, .box_h = 20, .ofs_x = 1, .ofs_y = -6},
    {.bitmap_index = 11482, .adv_w = 268, .box_w = 15, .box_h = 21, .ofs_x = 1, .ofs_y = -3},
    {.bitmap_index = 11640, .adv_w = 284, .box_w = 16, .box_h = 19, .ofs_x = 1, .ofs_y = 0},
    {.bitmap_index = 11792, .adv_w = 278, .box_w = 16, .box_h = 16, .ofs_x = 1, .ofs_y = 2},
    {.bitmap_index = 11920, .adv_w = 278, .box_w = 18, .box_h = 19, .ofs_x = 0, .ofs_y = 0},
    {.bitmap_index = 12091, .adv_w = 112, .box_w = 3, .box_h = 29, .ofs_x = 2, .ofs_y = -7},
    {.bitmap_index = 12135, .adv_w = 218, .box_w = 12, .box_h = 19, .ofs_x = 1, .ofs_y = 0},
    {.bitmap_index = 12249, .adv_w = 194, .box_w = 10, .box_h = 4, .ofs_x = 1, .ofs_y = 15},
    {.bitmap_index = 12269, .adv_w = 319, .box_w = 18, .box_h = 20, .ofs_x = 1, .ofs_y = 0},
    {.bitmap_index = 12449, .adv_w = 188, .box_w = 11, .box_h = 10, .ofs_x = 1, .ofs_y = 10},
    {.bitmap_index = 12504, .adv_w = 314, .box_w = 17, .box_h = 14, .ofs_x = 1, .ofs_y = 0},
    {.bitmap_index = 12623, .adv_w = 278, .box_w = 13, .box_h = 6, .ofs_x = 2, .ofs_y = 5},
    {.bitmap_index = 12662, .adv_w = 198, .box_w = 9, .box_h = 3, .ofs_x = 2, .ofs_y = 6},
    {.bitmap_index = 12676, .adv_w = 234, .box_w = 13, .box_h = 12, .ofs_x = 1, .ofs_y = 7},
    {.bitmap_index = 12754, .adv_w = 185, .box_w = 10, .box_h = 3, .ofs_x = 1, .ofs_y = 16},
    {.bitmap_index = 12769, .adv_w = 174, .box_w = 10, .box_h = 9, .ofs_x = 0, .ofs_y = 11},
    {.bitmap_index = 12814, .adv_w = 278, .box_w = 13, .box_h = 15, .ofs_x = 2, .ofs_y = 0},
    {.bitmap_index = 12912, .adv_w = 164, .box_w = 10, .box_h = 10, .ofs_x = 0, .ofs_y = 10},
    {.bitmap_index = 12962, .adv_w = 166, .box_w = 10, .box_h = 10, .ofs_x = 0, .ofs_y = 10},
    {.bitmap_index = 13012, .adv_w = 129, .box_w = 6, .box_h = 4, .ofs_x = 1, .ofs_y = 15},
    {.bitmap_index = 13024, .adv_w = 279, .box_w = 15, .box_h = 20, .ofs_x = 2, .ofs_y = -6},
    {.bitmap_index = 13174, .adv_w = 267, .box_w = 15, .box_h = 19, .ofs_x = 0, .ofs_y = 0},
    {.bitmap_index = 13317, .adv_w = 91, .box_w = 6, .box_h = 5, .ofs_x = 0, .ofs_y = 6},
    {.bitmap_index = 13332, .adv_w = 146, .box_w = 7, .box_h = 6, .ofs_x = 1, .ofs_y = -6},
    {.bitmap_index = 13353, .adv_w = 115, .box_w = 6, .box_h = 10, .ofs_x = 0, .ofs_y = 10},
    {.bitmap_index = 13383, .adv_w = 196, .box_w = 11, .box_h = 10, .ofs_x = 1, .ofs_y = 10},
    {.bitmap_index = 13438, .adv_w = 314, .box_w = 18, .box_h = 14, .ofs_x = 1, .ofs_y = 0},
    {.bitmap_index = 13564, .adv_w = 369, .box_w = 23, .box_h = 21, .ofs_x = 0, .ofs_y = -1},
    {.bitmap_index = 13806, .adv_w = 369, .box_w = 23, .box_h = 21, .ofs_x = 0, .ofs_y = -1},
    {.bitmap_index = 14048, .adv_w = 400, .box_w = 25, .box_h = 21, .ofs_x = 0, .ofs_y = -1},
    {.bitmap_index = 14311, .adv_w = 259, .box_w = 15, .box_h = 20, .ofs_x = 1, .ofs_y = -6},
    {.bitmap_index = 14461, .adv_w = 283, .box_w = 18, .box_h = 25, .ofs_x = 0, .ofs_y = 0},
    {.bitmap_index = 14686, .adv_w = 283, .box_w = 18, .box_h = 25, .ofs_x = 0, .ofs_y = 0},
    {.bitmap_index = 14911, .adv_w = 283, .box_w = 18, .box_h = 25, .ofs_x = 0, .ofs_y = 0},
    {.bitmap_index = 15136, .adv_w = 283, .box_w = 18, .box_h = 25, .ofs_x = 0, .ofs_y = 0},
    {.bitmap_index = 15361, .adv_w = 283, .box_w = 18, .box_h = 25, .ofs_x = 0, .ofs_y = 0},
    {.bitmap_index = 15586, .adv_w = 283, .box_w = 18, .box_h = 26, .ofs_x = 0, .ofs_y = 0},
    {.bitmap_index = 15820, .adv_w = 370, .box_w = 23, .box_h = 19, .ofs_x = 0, .ofs_y = 0},
    {.bitmap_index = 16039, .adv_w = 288, .box_w = 16, .box_h = 25, .ofs_x = 1, .ofs_y = -6},
    {.bitmap_index = 16239, .adv_w = 250, .box_w = 13, .box_h = 25, .ofs_x = 2, .ofs_y = 0},
    {.bitmap_index = 16402, .adv_w = 250, .box_w = 13, .box_h = 25, .ofs_x = 2, .ofs_y = 0},
    {.bitmap_index = 16565, .adv_w = 250, .box_w = 13, .box_h = 25, .ofs_x = 2, .ofs_y = 0},
    {.bitmap_index = 16728, .adv_w = 250, .box_w = 13, .box_h = 25, .ofs_x = 2, .ofs_y = 0},
    {.bitmap_index = 16891, .adv_w = 114, .box_w = 6, .box_h = 25, .ofs_x = 0, .ofs_y = 0},
    {.bitmap_index = 16966, .adv_w = 114, .box_w = 7, .box_h = 25, .ofs_x = 1, .ofs_y = 0},
    {.bitmap_index = 17054, .adv_w = 114, .box_w = 11, .box_h = 25, .ofs_x = -2, .ofs_y = 0},
    {.bitmap_index = 17192, .adv_w = 114, .box_w = 11, .box_h = 25, .ofs_x = -2, .ofs_y = 0},
    {.bitmap_index = 17330, .adv_w = 298, .box_w = 17, .box_h = 19, .ofs_x = 1, .ofs_y = 0},
    {.bitmap_index = 17492, .adv_w = 299, .box_w = 15, .box_h = 25, .ofs_x = 2, .ofs_y = 0},
    {.bitmap_index = 17680, .adv_w = 302, .box_w = 17, .box_h = 25, .ofs_x = 1, .ofs_y = 0},
    {.bitmap_index = 17893, .adv_w = 302, .box_w = 17, .box_h = 25, .ofs_x = 1, .ofs_y = 0},
    {.bitmap_index = 18106, .adv_w = 302, .box_w = 17, .box_h = 25, .ofs_x = 1, .ofs_y = 0},
    {.bitmap_index = 18319, .adv_w = 302, .box_w = 17, .box_h = 25, .ofs_x = 1, .ofs_y = 0},
    {.bitmap_index = 18532, .adv_w = 302, .box_w = 17, .box_h = 25, .ofs_x = 1, .ofs_y = 0},
    {.bitmap_index = 18745, .adv_w = 278, .box_w = 13, .box_h = 12, .ofs_x = 2, .ofs_y = 4},
    {.bitmap_index = 18823, .adv_w = 302, .box_w = 17, .box_h = 24, .ofs_x = 1, .ofs_y = -3},
    {.bitmap_index = 19027, .adv_w = 300, .box_w = 16, .box_h = 25, .ofs_x = 1, .ofs_y = 0},
    {.bitmap_index = 19227, .adv_w = 300, .box_w = 16, .box_h = 25, .ofs_x = 1, .ofs_y = 0},
    {.bitmap_index = 19427, .adv_w = 300, .box_w = 16, .box_h = 25, .ofs_x = 1, .ofs_y = 0},
    {.bitmap_index = 19627, .adv_w = 300, .box_w = 16, .box_h = 25, .ofs_x = 1, .ofs_y = 0},
    {.bitmap_index = 19827, .adv_w = 276, .box_w = 17, .box_h = 25, .ofs_x = 0, .ofs_y = 0},
    {.bitmap_index = 20040, .adv_w = 270, .box_w = 15, .box_h = 19, .ofs_x = 2, .ofs_y = 0},
    {.bitmap_index = 20183, .adv_w = 286, .box_w = 16, .box_h = 19, .ofs_x = 2, .ofs_y = 0},
    {.bitmap_index = 20335, .adv_w = 258, .box_w = 15, .box_h = 19, .ofs_x = 1, .ofs_y = 0},
    {.bitmap_index = 20478, .adv_w = 258, .box_w = 15, .box_h = 19, .ofs_x = 1, .ofs_y = 0},
    {.bitmap_index = 20621, .adv_w = 258, .box_w = 15, .box_h = 19, .ofs_x = 1, .ofs_y = 0},
    {.bitmap_index = 20764, .adv_w = 258, .box_w = 15, .box_h = 19, .ofs_x = 1, .ofs_y = 0},
    {.bitmap_index = 20907, .adv_w = 258, .box_w = 15, .box_h = 19, .ofs_x = 1, .ofs_y = 0},
    {.bitmap_index = 21050, .adv_w = 258, .box_w = 15, .box_h = 21, .ofs_x = 1, .ofs_y = 0},
    {.bitmap_index = 21208, .adv_w = 403, .box_w = 23, .box_h = 14, .ofs_x = 1, .ofs_y = 0},
    {.bitmap_index = 21369, .adv_w = 265, .box_w = 15, .box_h = 20, .ofs_x = 1, .ofs_y = -6},
    {.bitmap_index = 21519, .adv_w = 262, .box_w = 15, .box_h = 19, .ofs_x = 1, .ofs_y = 0},
    {.bitmap_index = 21662, .adv_w = 262, .box_w = 15, .box_h = 19, .ofs_x = 1, .ofs_y = 0},
    {.bitmap_index = 21805, .adv_w = 262, .box_w = 15, .box_h = 19, .ofs_x = 1, .ofs_y = 0},
    {.bitmap_index = 21948, .adv_w = 262, .box_w = 15, .box_h = 19, .ofs_x = 1, .ofs_y = 0},
    {.bitmap_index = 22091, .adv_w = 115, .box_w = 7, .box_h = 19, .ofs_x = -1, .ofs_y = 0},
    {.bitmap_index = 22158, .adv_w = 115, .box_w = 7, .box_h = 19, .ofs_x = 1, .ofs_y = 0},
    {.bitmap_index = 22225, .adv_w = 115, .box_w = 11, .box_h = 19, .ofs_x = -2, .ofs_y = 0},
    {.bitmap_index = 22330, .adv_w = 115, .box_w = 11, .box_h = 19, .ofs_x = -2, .ofs_y = 0},
    {.bitmap_index = 22435, .adv_w = 276, .box_w = 15, .box_h = 22, .ofs_x = 1, .ofs_y = 0},
    {.bitmap_index = 22600, .adv_w = 276, .box_w = 14, .box_h = 19, .ofs_x = 2, .ofs_y = 0},
    {.bitmap_index = 22733, .adv_w = 276, .box_w = 15, .box_h = 19, .ofs_x = 1, .ofs_y = 0},
    {.bitmap_index = 22876, .adv_w = 276, .box_w = 15, .box_h = 19, .ofs_x = 1, .ofs_y = 0},
    {.bitmap_index = 23019, .adv_w = 276, .box_w = 15, .box_h = 19, .ofs_x = 1, .ofs_y = 0},
    {.bitmap_index = 23162, .adv_w = 276, .box_w = 15, .box_h = 19, .ofs_x = 1, .ofs_y = 0},
    {.bitmap_index = 23305, .adv_w = 276, .box_w = 15, .box_h = 19, .ofs_x = 1, .ofs_y = 0},
    {.bitmap_index = 23448, .adv_w = 278, .box_w = 13, .box_h = 14, .ofs_x = 2, .ofs_y = 3},
    {.bitmap_index = 23539, .adv_w = 276, .box_w = 15, .box_h = 18, .ofs_x = 1, .ofs_y = -2},
    {.bitmap_index = 23674, .adv_w = 275, .box_w = 15, .box_h = 19, .ofs_x = 1, .ofs_y = 0},
    {.bitmap_index = 23817, .adv_w = 275, .box_w = 15, .box_h = 19, .ofs_x = 1, .ofs_y = 0},
    {.bitmap_index = 23960, .adv_w = 275, .box_w = 15, .box_h = 19, .ofs_x = 1, .ofs_y = 0},
    {.bitmap_index = 24103, .adv_w = 275, .box_w = 15, .box_h = 19, .ofs_x = 1, .ofs_y = 0},
    {.bitmap_index = 24246, .adv_w = 275, .box_w = 15, .box_h = 25, .ofs_x = 1, .ofs_y = -6},
    {.bitmap_index = 24434, .adv_w = 287, .box_w = 15, .box_h = 25, .ofs_x = 2, .ofs_y = -6},
    {.bitmap_index = 24622, .adv_w = 275, .box_w = 15, .box_h = 25, .ofs_x = 1, .ofs_y = -6},
    {.bitmap_index = 24810, .adv_w = 170, .box_w = 9, .box_h = 8, .ofs_x = 1, .ofs_y = 3},
    {.bitmap_index = 24846, .adv_w = 448, .box_w = 28, .box_h = 29, .ofs_x = 0, .ofs_y = -4},
    {.bitmap_index = 25252, .adv_w = 448, .box_w = 28, .box_h = 21, .ofs_x = 0, .ofs_y = 0},
    {.bitmap_index = 25546, .adv_w = 448, .box_w = 28, .box_h = 25, .ofs_x = 0, .ofs_y = -2},
    {.bitmap_index = 25896, .adv_w = 448, .box_w = 28, .box_h = 21, .ofs_x = 0, .ofs_y = 0},
    {.bitmap_index = 26190, .adv_w = 308, .box_w = 20, .box_h = 21, .ofs_x = 0, .ofs_y = 0},
    {.bitmap_index = 26400, .adv_w = 448, .box_w = 28, .box_h = 29, .ofs_x = 0, .ofs_y = -4},
    {.bitmap_index = 26806, .adv_w = 448, .box_w = 27, .box_h = 29, .ofs_x = 1, .ofs_y = -4},
    {.bitmap_index = 27198, .adv_w = 504, .box_w = 32, .box_h = 25, .ofs_x = 0, .ofs_y = -2},
    {.bitmap_index = 27598, .adv_w = 448, .box_w = 28, .box_h = 29, .ofs_x = 0, .ofs_y = -4},
    {.bitmap_index = 28004, .adv_w = 504, .box_w = 32, .box_h = 21, .ofs_x = 0, .ofs_y = 0},
    {.bitmap_index = 28340, .adv_w = 448, .box_w = 28, .box_h = 29, .ofs_x = 0, .ofs_y = -4},
    {.bitmap_index = 28746, .adv_w = 224, .box_w = 14, .box_h = 23, .ofs_x = 0, .ofs_y = -1},
    {.bitmap_index = 28907, .adv_w = 336, .box_w = 21, .box_h = 23, .ofs_x = 0, .ofs_y = -1},
    {.bitmap_index = 29149, .adv_w = 504, .box_w = 32, .box_h = 27, .ofs_x = 0, .ofs_y = -3},
    {.bitmap_index = 29581, .adv_w = 448, .box_w = 28, .box_h = 21, .ofs_x = 0, .ofs_y = 0},
    {.bitmap_index = 29875, .adv_w = 308, .box_w = 20, .box_h = 29, .ofs_x = 0, .ofs_y = -4},
    {.bitmap_index = 30165, .adv_w = 392, .box_w = 18, .box_h = 26, .ofs_x = 3, .ofs_y = -3},
    {.bitmap_index = 30399, .adv_w = 392, .box_w = 25, .box_h = 29, .ofs_x = 0, .ofs_y = -4},
    {.bitmap_index = 30762, .adv_w = 392, .box_w = 25, .box_h = 25, .ofs_x = 0, .ofs_y = -2},
    {.bitmap_index = 31075, .adv_w = 392, .box_w = 25, .box_h = 25, .ofs_x = 0, .ofs_y = -2},
    {.bitmap_index = 31388, .adv_w = 392, .box_w = 18, .box_h = 26, .ofs_x = 3, .ofs_y = -3},
    {.bitmap_index = 31622, .adv_w = 392, .box_w = 26, .box_h = 25, .ofs_x = -1, .ofs_y = -2},
    {.bitmap_index = 31947, .adv_w = 280, .box_w = 16, .box_h = 25, .ofs_x = 1, .ofs_y = -2},
    {.bitmap_index = 32147, .adv_w = 280, .box_w = 16, .box_h = 25, .ofs_x = 1, .ofs_y = -2},
    {.bitmap_index = 32347, .adv_w = 392, .box_w = 25, .box_h = 25, .ofs_x = 0, .ofs_y = -2},
    {.bitmap_index = 32660, .adv_w = 392, .box_w = 25, .box_h = 7, .ofs_x = 0, .ofs_y = 7},
    {.bitmap_index = 32748, .adv_w = 504, .box_w = 32, .box_h = 21, .ofs_x = 0, .ofs_y = 0},
    {.bitmap_index = 33084, .adv_w = 560, .box_w = 35, .box_h = 29, .ofs_x = 0, .ofs_y = -4},
    {.bitmap_index = 33592, .adv_w = 504, .box_w = 33, .box_h = 29, .ofs_x = -1, .ofs_y = -4},
    {.bitmap_index = 34071, .adv_w = 448, .box_w = 28, .box_h = 25, .ofs_x = 0, .ofs_y = -2},
    {.bitmap_index = 34421, .adv_w = 392, .box_w = 25, .box_h = 15, .ofs_x = 0, .ofs_y = 3},
    {.bitmap_index = 34609, .adv_w = 392, .box_w = 25, .box_h = 15, .ofs_x = 0, .ofs_y = 3},
    {.bitmap_index = 34797, .adv_w = 560, .box_w = 35, .box_h = 22, .ofs_x = 0, .ofs_y = 0},
    {.bitmap_index = 35182, .adv_w = 448, .box_w = 28, .box_h = 21, .ofs_x = 0, .ofs_y = 0},
    {.bitmap_index = 35476, .adv_w = 448, .box_w = 28, .box_h = 29, .ofs_x = 0, .ofs_y = -4},
    {.bitmap_index = 35882, .adv_w = 448, .box_w = 29, .box_h = 29, .ofs_x = -1, .ofs_y = -4},
    {.bitmap_index = 36303, .adv_w = 392, .box_w = 25, .box_h = 25, .ofs_x = 0, .ofs_y = -2},
    {.bitmap_index = 36616, .adv_w = 392, .box_w = 25, .box_h = 29, .ofs_x = 0, .ofs_y = -4},
    {.bitmap_index = 36979, .adv_w = 392, .box_w = 25, .box_h = 25, .ofs_x = 0, .ofs_y = -2},
    {.bitmap_index = 37292, .adv_w = 392, .box_w = 25, .box_h = 23, .ofs_x = 0, .ofs_y = -1},
    {.bitmap_index = 37580, .adv_w = 448, .box_w = 28, .box_h = 21, .ofs_x = 0, .ofs_y = 0},
    {.bitmap_index = 37874, .adv_w = 280, .box_w = 19, .box_h = 29, .ofs_x = -1, .ofs_y = -4},
    {.bitmap_index = 38150, .adv_w = 392, .box_w = 25, .box_h = 29, .ofs_x = 0, .ofs_y = -4},
    {.bitmap_index = 38513, .adv_w = 392, .box_w = 25, .box_h = 29, .ofs_x = 0, .ofs_y = -4},
    {.bitmap_index = 38876, .adv_w = 504, .box_w = 32, .box_h = 21, .ofs_x = 0, .ofs_y = 0},
    {.bitmap_index = 39212, .adv_w = 448, .box_w = 30, .box_h = 29, .ofs_x = -1, .ofs_y = -4},
    {.bitmap_index = 39647, .adv_w = 336, .box_w = 21, .box_h = 29, .ofs_x = 0, .ofs_y = -4},
    {.bitmap_index = 39952, .adv_w = 560, .box_w = 35, .box_h = 26, .ofs_x = 0, .ofs_y = -2},
    {.bitmap_index = 40407, .adv_w = 560, .box_w = 35, .box_h = 19, .ofs_x = 0, .ofs_y = 1},
    {.bitmap_index = 40740, .adv_w = 560, .box_w = 35, .box_h = 19, .ofs_x = 0, .ofs_y = 1},
    {.bitmap_index = 41073, .adv_w = 560, .box_w = 35, .box_h = 19, .ofs_x = 0, .ofs_y = 1},
    {.bitmap_index = 41406, .adv_w = 560, .box_w = 35, .box_h = 19, .ofs_x = 0, .ofs_y = 1},
    {.bitmap_index = 41739, .adv_w = 560, .box_w = 35, .box_h = 19, .ofs_x = 0, .ofs_y = 1},
    {.bitmap_index = 42072, .adv_w = 560, .box_w = 36, .box_h = 23, .ofs_x = 0, .ofs_y = -1},
    {.bitmap_index = 42486, .adv_w = 392, .box_w = 22, .box_h = 29, .ofs_x = 1, .ofs_y = -4},
    {.bitmap_index = 42805, .adv_w = 392, .box_w = 25, .box_h = 29, .ofs_x = 0, .ofs_y = -4},
    {.bitmap_index = 43168, .adv_w = 448, .box_w = 29, .box_h = 29, .ofs_x = -1, .ofs_y = -4},
    {.bitmap_index = 43589, .adv_w = 560, .box_w = 35, .box_h = 21, .ofs_x = 0, .ofs_y = 0},
    {.bitmap_index = 43957, .adv_w = 336, .box_w = 21, .box_h = 29, .ofs_x = 0, .ofs_y = -4},
    {.bitmap_index = 44262, .adv_w = 451, .box_w = 29, .box_h = 19, .ofs_x = 0, .ofs_y = 1}
};

/*---------------------
 *  CHARACTER MAPPING
 *--------------------*/

static const uint16_t unicode_list_2[] = {
    0x0, 0xcfdf, 0xcfe6, 0xcfe9, 0xcfea, 0xcfeb, 0xcfef, 0xcff1,
    0xcff3, 0xcff7, 0xcffa, 0xcfff, 0xd004, 0xd005, 0xd006, 0xd01c,
    0xd021, 0xd026, 0xd029, 0xd02a, 0xd02b, 0xd02f, 0xd030, 0xd031,
    0xd032, 0xd045, 0xd046, 0xd04c, 0xd04e, 0xd04f, 0xd052, 0xd055,
    0xd056, 0xd057, 0xd059, 0xd071, 0xd073, 0xd0a2, 0xd0a3, 0xd0a5,
    0xd0a7, 0xd0be, 0xd0c5, 0xd0c8, 0xd0d1, 0xd0fa, 0xd102, 0xd139,
    0xd1c9, 0xd21e, 0xd21f, 0xd220, 0xd221, 0xd222, 0xd265, 0xd271,
    0xd2cb, 0xd2e2, 0xd538, 0xd7a0, 0xd880
};

/*Collect the unicode lists and glyph_id offsets*/
static const lv_font_fmt_txt_cmap_t cmaps[] =
{
    {
        .range_start = 32, .range_length = 95, .glyph_id_start = 1,
        .unicode_list = NULL, .glyph_id_ofs_list = NULL, .list_length = 0, .type = LV_FONT_FMT_TXT_CMAP_FORMAT0_TINY
    },
    {
        .range_start = 160, .range_length = 96, .glyph_id_start = 96,
        .unicode_list = NULL, .glyph_id_ofs_list = NULL, .list_length = 0, .type = LV_FONT_FMT_TXT_CMAP_FORMAT0_TINY
    },
    {
        .range_start = 8226, .range_length = 55425, .glyph_id_start = 192,
        .unicode_list = unicode_list_2, .glyph_id_ofs_list = NULL, .list_length = 61, .type = LV_FONT_FMT_TXT_CMAP_SPARSE_TINY
    }
};

/*-----------------
 *    KERNING
 *----------------*/


/*Map glyph_ids to kern left classes*/
static const uint8_t kern_left_class_mapping[] =
{
    0, 1, 0, 2, 0, 0, 0, 0,
    2, 3, 0, 0, 0, 4, 5, 6,
    7, 8, 0, 9, 10, 11, 12, 13,
    14, 15, 16, 0, 0, 0, 0, 0,
    0, 0, 17, 18, 19, 20, 21, 22,
    23, 24, 24, 25, 26, 27, 24, 24,
    20, 28, 20, 29, 30, 31, 32, 33,
    34, 35, 36, 37, 38, 39, 0, 0,
    0, 0, 40, 41, 41, 42, 41, 43,
    0, 44, 45, 45, 46, 42, 44, 44,
    41, 41, 0, 47, 48, 49, 0, 50,
    51, 52, 0, 53, 38, 0, 54, 0,
    0, 0, 0, 0, 0, 0, 0, 0,
    0, 0, 0, 0, 0, 5, 0, 0,
    0, 0, 0, 0, 0, 0, 0, 0,
    0, 0, 0, 0, 0, 0, 0, 0,
    17, 17, 17, 17, 17, 17, 21, 19,
    21, 21, 21, 21, 0, 0, 55, 55,
    20, 24, 20, 20, 20, 20, 20, 0,
    20, 32, 32, 32, 32, 36, 56, 57,
    40, 40, 40, 40, 40, 40, 41, 41,
    41, 41, 41, 41, 45, 45, 58, 58,
    41, 44, 41, 41, 41, 41, 41, 0,
    41, 0, 0, 0, 0, 0, 41, 0,
    0, 0, 0, 0, 0, 0, 0, 0,
    0, 0, 0, 0, 0, 0, 0, 0,
    0, 0, 0, 0, 0, 0, 0, 0,
    0, 0, 0, 0, 0, 0, 0, 0,
    0, 0, 0, 0, 0, 0, 0, 0,
    0, 0, 0, 0, 0, 0, 0, 0,
    0, 0, 0, 0, 0, 0, 0, 0,
    0, 0, 0, 0, 0
};

/*Map glyph_ids to kern right classes*/
static const uint8_t kern_right_class_mapping[] =
{
    0, 1, 0, 2, 0, 0, 0, 0,
    2, 0, 3, 4, 0, 5, 6, 5,
    7, 8, 9, 10, 11, 12, 0, 13,
    14, 15, 16, 0, 0, 0, 0, 0,
    17, 0, 18, 19, 20, 19, 0, 0,
    20, 0, 0, 21, 0, 0, 0, 0,
    20, 0, 20, 0, 22, 23, 24, 25,
    26, 27, 28, 29, 0, 30, 31, 0,
    0, 0, 32, 33, 34, 34, 34, 35,
    34, 33, 36, 37, 33, 38, 39, 39,
    34, 39, 34, 39, 40, 41, 42, 43,
    44, 45, 42, 46, 47, 0, 31, 0,
    0, 0, 0, 0, 0, 0, 0, 0,
    0, 0, 0, 0, 0, 6, 48, 0,
    0, 0, 0, 0, 0, 0, 0, 0,
    0, 0, 0, 0, 0, 0, 0, 0,
    18, 18, 18, 18, 18, 18, 18, 20,
    0, 0, 0, 0, 0, 0, 49, 49,
    0, 0, 20, 20, 20, 20, 20, 0,
    20, 24, 24, 24, 24, 28, 0, 50,
    32, 32, 32, 32, 32, 32, 32, 34,
    34, 34, 34, 34, 51, 52, 53, 54,
    34, 39, 34, 34, 34, 34, 34, 0,
    34, 42, 42, 42, 42, 42, 33, 42,
    0, 0, 0, 0, 0, 0, 0, 0,
    0, 0, 0, 0, 0, 0, 0, 0,
    0, 0, 0, 0, 0, 0, 0, 0,
    0, 0, 0, 0, 0, 0, 0, 0,
    0, 0, 0, 0, 0, 0, 0, 0,
    0, 0, 0, 0, 0, 0, 0, 0,
    0, 0, 0, 0, 0, 0, 0, 0,
    0, 0, 0, 0, 0
};

/*Kern values between classes*/
static const int8_t kern_class_values[] =
{
    0, 0, 0, 0, -14, -12, 0, 0,
    0, 0, 0, 0, 0, 0, 0, 0,
    0, -6, 0, 0, 0, 0, -13, 0,
    -6, -3, 0, -5, 0, 0, 0, 0,
    0, 0, 0, 0, 0, 0, 0, 0,
    0, 0, 0, 0, 0, 0, -12, 0,
    0, 0, 0, 0, 0, 0, 0, 0,
    0, 0, 0, 0, 0, 0, 0, 0,
    0, -19, 0, 0, 0, 0, 0, -34,
    0, -2, -37, 0, 0, 0, 0, 0,
    0, 0, 0, 0, 0, -10, 0, -13,
    3, 0, 0, 0, 0, -3, 3, 0,
    0, 0, 0, 0, 0, 0, 0, 0,
    0, 0, 32, 32, 0, 0, 8, 0,
    0, 0, 0, -4, -14, -2, 0, -17,
    -4, 0, -4, -4, 0, -4, 0, -5,
    -15, -1, 0, 0, 0, 0, 0, 0,
    0, 0, 0, -3, 0, -8, -3, 0,
    17, 0, 0, -3, -3, -3, -7, -4,
    0, 0, 0, 0, 0, 0, 0, 0,
    30, 30, -14, 0, 0, 0, 0, 0,
    0, -6, -21, 0, 0, 0, -4, -16,
    0, 0, 0, 0, 0, -9, 0, 0,
    -43, -7, -32, -18, 0, -47, 0, 0,
    0, 0, 0, -3, -26, 0, 6, 0,
    0, 0, -26, 0, -18, -12, 0, 0,
    0, 0, 0, 0, 0, 0, 0, 0,
    -12, 0, 0, 0, 0, 0, 0, 0,
    0, 0, 0, 0, 0, -22, 0, 0,
    0, -4, 0, 0, 0, 0, -36, 0,
    -20, -6, -19, -41, -10, 0, 0, 0,
    0, 0, -11, 0, 0, 0, 0, 0,
    -11, 0, -6, -4, -17, -11, 0, 0,
    0, 0, 0, 0, 0, 0, -14, 0,
    0, 0, 0, 0, 0, -6, -21, 0,
    0, 0, -4, -16, 0, 0, 0, 0,
    0, -9, 0, 0, -43, -7, -32, -18,
    0, -47, 0, 0, 0, 0, 0, -3,
    -26, 0, 0, 0, 0, 0, -26, 0,
    -18, -12, 0, 0, 0, 0, 0, 0,
    0, 0, 0, 0, 0, 0, 0, 0,
    0, 0, 0, 0, 0, 0, 0, 0,
    0, 0, 0, 0, 0, -2, 0, 0,
    -12, 0, 6, 0, 6, 0, 0, 0,
    0, 0, 0, -7, 0, -7, 0, 11,
    11, 0, 0, -3, 0, 0, 0, 0,
    0, 0, 0, 0, 0, 0, 11, 11,
    42, 42, 0, 0, -4, 0, -6, 0,
    0, 0, 0, 0, 0, 0, 0, -9,
    0, 0, 0, 0, 0, 0, 0, 0,
    0, 0, 0, 0, 0, 0, 0, 0,
    -4, 0, 0, 0, 0, 0, 0, 0,
    0, 0, 0, 0, 0, 0, 0, 0,
    0, 0, 0, 0, 0, 0, 0, 0,
    0, 0, 0, 0, 0, -1, 0, 0,
    0, 0, -1, -10, 0, -4, 0, -1,
    0, 0, 0, 0, 0, 0, 0, 0,
    0, 0, 0, 0, 0, 0, 0, 0,
    0, 0, 0, 0, 0, 0, 0, 0,
    0, 0, 0, 0, 0, 0, 0, 0,
    0, 0, 0, 0, 0, 0, 0, 0,
    0, 0, 0, 0, 0, 0, -7, 0,
    0, 0, 0, 0, 0, 0, 0, 0,
    0, 0, 0, 0, 0, 0, 0, 0,
    0, 0, 0, 0, 0, 0, 0, 0,
    0, 0, 0, 0, 0, 0, 0, 0,
    0, 0, 0, 0, 0, 0, 0, 0,
    0, 0, 0, 0, 0, -17, 0, 0,
    0, 0, 0, 0, -14, 0, 0, 0,
    0, -17, 0, 0, 0, 0, 0, 0,
    0, 0, 0, 0, 0, 0, 0, 0,
    0, 0, 0, 0, 0, 0, 0, 0,
    0, 0, 0, 0, 0, 0, 0, 0,
    0, 0, 0, 0, 0, 0, 0, 0,
    0, 0, 0, 0, 0, 0, 0, 0,
    0, 0, -7, -4, 0, 0, 0, -5,
    0, 0, 0, 0, 0, 0, 0, 0,
    0, 0, 0, 0, 0, 0, 0, 0,
    0, 0, 0, 0, 0, 0, 0, 0,
    0, 0, 0, 0, 0, 0, 0, 0,
    0, 0, 0, 0, 0, 0, 0, 0,
    0, 0, -4, 0, 0, 0, 0, 0,
    -1, -2, 0, 0, 0, -7, 0, 0,
    0, 0, 0, 0, 0, 0, 0, 0,
    0, 0, 0, 0, 0, 0, -4, 0,
    0, 0, 0, 0, 0, 0, 0, 0,
    0, 0, 0, 0, 0, 0, 0, 0,
    0, 0, 0, 0, 0, 0, 0, 0,
    0, 0, -30, -22, 0, -3, -4, -3,
    0, -23, -3, 0, 0, 0, 0, 0,
    0, 0, 0, 0, 0, 0, 0, 0,
    0, 0, 0, 0, 0, 0, 0, 0,
    0, 0, 0, 0, 0, 0, 0, 0,
    0, 0, 0, 0, 0, 0, 0, 0,
    0, 0, 0, 0, 0, 0, -4, 0,
    0, 0, 0, 0, 0, 0, 0, 0,
    0, -5, 0, 0, 0, 0, 0, 0,
    0, 0, 0, 0, 0, 0, 0, 0,
    0, 0, -4, 0, 0, 0, 0, 0,
    0, 0, 0, 0, 0, 0, 0, 0,
    0, 0, 0, 0, 0, 0, 0, 0,
    0, 0, 0, 0, -4, 0, -4, 0,
    0, 0, 0, 0, 0, 0, 0, -9,
    0, 0, 0, 0, 0, 0, 0, 0,
    0, 0, 0, 0, 0, 0, 0, 0,
    -4, 0, 0, 0, 0, 0, 0, 0,
    0, 0, 0, 0, 0, 0, 0, 0,
    0, 0, 0, 0, 0, 0, 0, 0,
    -6, -34, -4, 0, 0, -4, 0, 0,
    0, 0, 0, 0, 0, 0, 0, 0,
    -13, 0, 0, -4, 0, 0, -31, -5,
    -22, -10, 0, -33, 0, -2, 0, 0,
    0, 0, -10, 0, 0, 0, 0, 0,
    -10, 0, -6, -3, 0, 0, 0, 0,
    0, 0, 0, 0, 0, 0, 0, 0,
    -2, 0, 0, 0, -2, 0, 0, 0,
    0, 0, 0, 0, 0, 0, 0, -2,
    0, 0, 0, 0, -6, 0, -5, 0,
    -6, -7, 0, 0, 0, 0, 0, 0,
    0, 0, 0, 0, 0, 0, 0, 0,
    0, 0, 0, 0, 0, 0, 0, 0,
    0, 0, 11, 11, 0, 0, 0, 0,
    0, 0, 0, 0, 0, 0, 0, 0,
    0, 0, 0, 0, 0, -3, 0, 0,
    0, 0, -7, 0, -3, 0, -4, -8,
    -3, 0, 0, 0, 0, 0, 0, 0,
    0, 0, 0, 0, 0, 0, 0, 0,
    0, 0, 0, 0, 0, 0, 0, 0,
    0, 0, 0, -2, -5, 0, -9, 0,
    -10, 0, 0, 0, 0, 0, 0, 0,
    0, 0, 0, -4, -10, 0, 0, 0,
    -13, 0, -7, -3, -11, -13, -6, 0,
    0, 0, 0, 0, 0, 0, 0, 0,
    0, 0, 0, 0, 0, 0, 0, 0,
    0, 0, 0, 0, 0, 0, 5, 5,
    0, 0, 0, 0, 0, -1, 0, 0,
    0, 0, 0, 0, 0, 0, 0, 0,
    0, 0, 0, 0, 0, 0, 0, 0,
    0, 0, 0, 0, 0, 0, 0, 0,
    0, 0, 0, 0, 0, 0, 0, 0,
    0, 0, 0, 0, 0, 0, 0, 0,
    0, 0, 0, 0, 19, 19, 0, 0,
    0, 0, -34, -2, -17, 0, 0, 0,
    0, 0, 0, 0, 0, 0, 0, -20,
    0, -3, 0, 0, 0, 0, 0, 0,
    0, 0, 0, 0, 0, -4, 0, -2,
    0, 0, 0, 0, 0, -4, 0, 0,
    0, 0, 0, 0, 0, 0, 0, 0,
    0, 0, 24, 24, 0, -7, 0, 0,
    0, 0, 0, 0, 0, 0, 0, 0,
    0, 0, 0, 0, 0, 0, 0, 0,
    0, 0, -13, 0, -8, -2, 0, -15,
    0, 0, 0, 0, 0, 0, 0, 0,
    0, 0, 0, 0, 0, 0, 0, 0,
    0, 0, 0, 0, 0, 0, 0, 0,
    0, 0, 0, 0, 0, 0, 0, 0,
    0, 0, 0, 0, 0, 0, 0, 0,
    0, 0, 0, 0, 0, 0, 0, 0,
    0, 0, 0, 0, 0, 0, 0, 0,
    0, 0, 0, 0, 0, 0, 0, 0,
    0, 0, 0, 0, 0, 0, 0, 0,
    0, 0, 0, 0, 0, 0, 14, 14,
    0, 0, 0, 0, -27, -22, -23, 0,
    0, 0, 0, 0, 0, 0, 0, 0,
    0, -15, 0, -7, -14, 0, 0, 0,
    0, 0, 0, 0, 0, 4, 0, -13,
    0, -14, 0, 0, 0, 0, -13, 0,
    0, -13, 0, 0, 0, 0, 0, 0,
    0, 0, 0, 0, 9, 9, 0, 0,
    0, 0, 0, -18, 0, 0, 0, 0,
    0, 0, 0, 0, 0, 0, 0, 0,
    0, -13, 0, -3, 0, 0, 0, 0,
    0, 0, 0, 0, 0, 0, 0, -8,
    -12, 0, 0, 0, 0, -4, -12, -5,
    -13, -7, 0, 0, 0, 0, 0, 0,
    0, 0, 15, 15, -13, -47, -4, 0,
    0, -18, 0, 0, 0, 0, 0, 0,
    0, 0, 0, 0, 0, 0, 0, -10,
    0, 0, -41, -8, -33, -11, 0, -53,
    0, -20, 0, 0, 0, -1, -21, 0,
    0, 0, 0, 0, -21, -1, -15, -5,
    0, 0, 0, 0, 0, 0, 0, 0,
    0, 0, 0, 0, -3, 0, -47, -14,
    -34, 0, 0, 0, 0, 0, 0, 0,
    0, 0, 0, -25, -2, 0, -22, 0,
    -1, 0, -2, 0, -9, -3, -9, 0,
    0, -5, 0, -6, 0, 0, 0, 0,
    0, -5, 0, 0, 0, 0, 0, 0,
    0, 0, 0, 0, 0, 0, 15, 15,
    0, 0, -2, 0, 0, 0, 0, 0,
    0, 0, 0, 0, 0, 0, 0, 0,
    0, 0, 0, 0, 0, 0, -5, 0,
    -5, 0, 0, -7, 0, 0, 0, 0,
    0, 0, 0, 0, 0, 0, 0, 0,
    0, 0, 0, 0, 0, 0, 0, 0,
    0, 0, 0, 0, 14, 14, 0, 0,
    -1, 0, 0, 0, -4, 0, 0, 0,
    0, 0, 0, 0, 0, 0, 0, 0,
    -2, 0, 0, 0, -12, 0, -5, 0,
    -4, -9, 0, 0, 0, 0, 0, 0,
    0, 0, 0, 0, 0, 0, 0, 0,
    0, 0, 0, 0, 0, 0, 0, 0,
    0, 0, 0, 0, -13, 0, 0, 0,
    -43, -36, -36, 0, 0, 0, 0, 0,
    0, 0, 0, 0, 0, -31, 0, -13,
    -39, -7, 0, 0, 0, 0, 0, 0,
    0, 6, 0, -39, 0, -43, -23, -5,
    -5, 0, -32, -37, -23, -33, -31, -32,
    -36, -34, 0, 0, 0, -13, -5, -8,
    24, 26, 0, 0, 0, 0, -7, 0,
    -8, 0, 0, 0, 0, 0, 0, 0,
    0, 0, 0, -5, 0, 0, 0, 0,
    0, 0, 0, 0, 0, 0, 0, 0,
    0, 0, 0, 0, 0, 0, 0, 0,
    0, 0, 0, 0, 0, 0, 0, 0,
    0, 0, 0, 0, 0, 0, 14, 14,
    -6, 0, 0, 0, -32, -20, -29, 0,
    0, 0, 0, 0, 0, 0, 0, 0,
    0, -22, 0, -7, 0, -4, 0, 0,
    0, 0, 0, 0, 0, 6, 0, -15,
    0, -15, -4, 0, 0, 0, -4, -13,
    -4, -5, -7, -6, -12, -3, 0, 0,
    0, 0, 0, 0, 26, 26, -3, 0,
    0, 0, -18, -6, -15, 0, 0, 0,
    0, 0, 0, 0, 0, 0, 0, -10,
    0, -3, 0, 0, 0, 0, 0, 0,
    0, 0, 0, 0, 0, -4, 0, -4,
    -1, 0, 0, 0, 0, 0, -1, 0,
    0, 0, 0, 0, 0, 0, 0, 0,
    0, 0, 22, 22, 0, 0, 0, 0,
    0, -19, 0, 0, 0, 0, 0, 0,
    0, 0, 0, 0, 0, 0, 0, -11,
    -4, -4, 0, 0, 0, 0, 0, 0,
    0, 0, 0, -2, 0, -8, -9, 0,
    0, 0, 0, -4, -9, -4, -9, -5,
    0, 0, 0, 0, 0, 0, 0, 0,
    14, 14, -5, 0, 0, 0, -47, -41,
    -36, 0, 0, 0, 0, 0, 0, 0,
    0, 0, 0, -33, 0, -13, -43, -9,
    0, 0, 0, 0, 0, 0, 0, 0,
    0, -37, 0, -39, -21, 0, 0, 0,
    -32, -36, -21, -34, -28, -29, -32, -32,
    0, 0, 0, 0, 0, 0, 20, 20,
    0, 0, 0, 0, 0, -19, 0, 0,
    0, 0, 0, 0, 0, 0, 0, 0,
    0, 0, 0, -6, 0, -1, 0, 0,
    0, 0, 0, 0, 0, 0, 0, 0,
    0, -5, -7, 0, 0, 0, 0, 0,
    -7, -2, -5, -2, 0, 0, 0, 0,
    0, 0, 0, 0, 15, 15, 0, 0,
    0, 0, 0, 0, 0, -4, -13, 0,
    0, -12, -4, 0, -4, -4, 0, 0,
    0, 0, 0, 0, 0, 0, 0, 0,
    0, 0, 0, 0, 0, 0, 0, -4,
    0, 0, 15, 0, 0, 0, 0, 0,
    -1, -1, -1, 0, 0, 0, 0, 0,
    0, 0, 34, 34, 0, 0, 0, 0,
    0, 0, 0, 0, 0, 0, 0, 0,
    0, 0, 0, 0, 0, 0, 0, -10,
    -4, -4, -36, -8, -29, -15, 0, -36,
    0, 0, 0, -4, 0, -7, -26, 0,
    30, 0, 0, -3, -26, -9, -10, -4,
    0, 0, 0, 0, 0, 0, 0, 0,
    0, 0, 0, -12, -6, 0, 0, -4,
    0, 0, 0, 0, 0, 0, 0, 0,
    0, 0, -8, 0, 0, 0, 0, 0,
    0, 0, 0, 0, 0, 0, 0, -10,
    0, 0, 0, -5, -15, 0, 0, 0,
    0, -2, -15, -6, -12, -3, 0, 0,
    0, 0, 0, 0, 0, 0, 0, 0,
    0, -13, -8, 0, -3, 0, -7, 0,
    0, 0, 0, 0, 0, 0, 0, 0,
    0, 0, 0, 0, 0, 0, 0, 0,
    0, 0, 0, 0, 0, -7, -4, 0,
    0, 0, -8, 0, 0, 0, 0, 0,
    -8, 0, -8, -3, -14, -6, 0, 0,
    0, 0, 0, 0, 0, 0, 0, 0,
    0, 0, 0, 0, 0, 0, 0, 0,
    0, 0, 0, 0, 0, 0, 0, 0,
    0, 0, 0, 0, 0, 0, 0, 0,
    0, 0, 0, 0, 0, 0, 0, 0,
    0, 0, 0, 0, 0, 0, 0, 0,
    0, 0, 0, 0, 0, 0, 0, 0,
    0, 0, 13, 13, 0, 5, 0, 0,
    -28, -7, -15, 0, 0, 0, 0, 0,
    0, 0, 0, 0, 0, 0, 0, 0,
    0, 0, 0, 0, 0, 0, 0, 0,
    0, 9, 0, -4, 0, -9, -52, -12,
    -12, -12, 0, -3, -6, 0, 0, 0,
    0, 0, 0, 0, 0, 0, 0, 0,
    16, 16, 0, -11, -3, 0, 0, 0,
    0, 0, 0, 0, 0, 0, 0, 0,
    0, 0, 0, 0, 0, 0, 0, 0,
    0, 0, 0, 0, 0, 0, 0, -9,
    -1, 0, 0, 0, -6, 0, 0, 0,
    0, 0, -6, -4, -7, -1, 0, 0,
    0, 0, 0, 0, 0, 0, 0, 0,
    0, 0, 0, 0, 0, 0, 0, 0,
    0, 0, 0, 0, 0, 0, 0, 0,
    0, 0, 0, 0, 0, 0, 0, 0,
    0, 0, 0, 0, 0, 11, 0, 0,
    0, 0, 0, 0, 0, 0, 0, 0,
    0, 0, 0, 0, 0, 0, 0, 0,
    0, 0, 0, 0, 19, 19, 0, 0,
    0, 0, 0, -15, 0, 0, 0, 0,
    0, 0, 0, 0, 0, 0, 0, 0,
    0, 0, 0, 0, 0, 0, 0, 0,
    0, 0, 0, 0, 0, -5, 0, -13,
    0, 0, 0, 0, 0, -6, 0, 0,
    0, 0, 0, 0, 0, 0, 0, 0,
    0, 0, 0, 0, 0, 0, 0, 0,
    -32, -8, -15, 0, 0, 0, 0, 0,
    0, 0, 0, 0, 0, 0, 0, 0,
    0, 0, 0, 0, 0, 0, 0, 0,
    0, 0, 0, -6, 0, -8, 0, 0,
    0, 0, 0, -5, 0, 0, 0, 0,
    0, 0, 0, 0, 0, 0, 0, 0,
    0, 0, 0, -4, -3, 0, 0, 0,
    -3, 0, 0, 0, 0, 0, 0, 0,
    0, 0, 0, 0, 0, 0, 0, 0,
    0, 0, 0, 0, 0, 0, 0, -3,
    0, -2, 0, 0, -5, 0, 0, 0,
    0, 0, -5, 0, -9, -2, -3, 0,
    0, 0, 0, 0, 0, 0, 0, 0,
    0, 3, 0, 0, 0, -8, 0, 0,
    0, 0, 0, 0, 0, 0, 0, 0,
    0, 0, 0, 0, 0, 0, 0, 0,
    0, 0, 0, 0, 0, 0, 0, 0,
    0, -8, -12, 0, 0, 0, 0, 0,
    -60, 0, 0, 0, 0, 0, 0, 0,
    0, 0, 0, 0, 0, 0, 0, 0,
    -7, 0, -18, -6, -10, 0, 0, 0,
    0, 0, 0, 0, 0, 0, 0, 0,
    0, 0, 0, 0, 0, 0, 0, 0,
    0, 0, 0, 0, -1, -6, 0, -8,
    0, 0, 0, 0, 0, -6, 0, 0,
    0, 0, 0, 0, 0, 0, 0, 0,
    0, 0, 0, 0, 0, 0, -4, 0,
    -12, -4, -4, 0, 0, 0, 0, 0,
    0, 0, 0, 0, 0, 0, 0, 0,
    0, 0, 0, 0, 0, 0, 0, 0,
    0, 0, -1, -2, 0, -3, 0, 0,
    0, 0, 0, -1, 0, 0, 0, 0,
    0, 0, 0, 0, 0, 0, 0, 0,
    0, 0, 0, 0, 0, 0, 0, -17,
    0, 0, 0, 0, 0, 0, 0, 0,
    0, 0, 0, 0, 0, 0, 0, 0,
    0, 0, 0, 0, 0, 0, 0, 0,
    -1, -4, 0, -14, 0, 0, 0, 0,
    0, -5, 0, 0, 0, 0, 0, 0,
    0, 0, 0, 0, 0, 0, 0, 0,
    0, 0, 0, 0, 0, -11, 0, 0,
    0, 0, 0, 0, 0, 0, 0, 0,
    0, 0, 0, 0, 0, 0, 0, 0,
    0, 0, 0, 0, 0, 0, 0, 0,
    0, -6, 0, 0, 0, 0, 0, 0,
    0, 0, 0, 0, 0, 0, 0, 0,
    0, 0, 0, 0, 0, 0, -12, 0,
    0, 0, 0, 0, 0, 0, 0, 0,
    0, 0, 0, 0, 0, 0, 0, 0,
    0, 0, 0, 0, 0, 0, 0, 0,
    0, 0, 0, 0, 0, 0, 0, 0,
    0, 0, 0, 0, 0, 0, 0, 0,
    0, 0, 0, 0, 0, 0, 0, 0,
    0, 0, 0, 0, 0, 0, 0, 0,
    0, 0, 0, 0, 0, 0, 0, 0,
    0, 0, 0, 0, 0, 0, 0, 0,
    0, 0, 0, 0, 0, 0, 0, 0,
    0, 0, 0, 0, 0, 0, 0, 0,
    0, 0, 0, 0, 0, 0, 0, 0,
    0, 0, 0, 0, 58, 0, 0, 0,
    0, 0, 0, 0, 0, 0, 0, 0,
    0, 0, 0, 0, 0, 0, 0, 0,
    0, 0, 0, -12, 0, 0, 0, 0,
    -25, 0, -9, -1, -22, -20, -18, 0,
    0, 0, 0, 0, 0, 0, 0, 0,
    0, 0, 0, 0, 0, 0, 0, 0,
    0, 0, 0, 0, 0, 0, 0, 0,
    0, 0, 0, 0, 0, 0, 0, 0,
    0, 0, 0, 0, 0, 0, 0, 0,
    0, 0, 0, 0, 0, 0, 0, 0,
    0, 0, 0, 0, 0, 0, 0, 0,
    0, 0, -11, 0, 0, 0, 0, 0,
    -11, 0, -12, -8, 0, 0, 0, 0,
    0, 0, 0, 0, 0, 0, 0, 32,
    30, 22, 0, 0, 0, 0, 0, 0,
    0, 0, 0, 0, 0, 0, 30, 0,
    0, 0, 0, 0, 0, 0, 0, 0,
    0, 0, 0, 42, 34, 0, 13, 0,
    0, 16, 16, 13, 0, 0, 0, 0,
    0, 0, 0, 0, 0, 30, 0, 0,
    16, 16, 57, 57
};


/*Collect the kern class' data in one place*/
static const lv_font_fmt_txt_kern_classes_t kern_classes =
{
    .class_pair_values   = kern_class_values,
    .left_class_mapping  = kern_left_class_mapping,
    .right_class_mapping = kern_right_class_mapping,
    .left_class_cnt      = 58,
    .right_class_cnt     = 54,
};

/*--------------------
 *  ALL CUSTOM DATA
 *--------------------*/

#if LVGL_VERSION_MAJOR == 8
/*Store all the custom data of the font*/
static  lv_font_fmt_txt_glyph_cache_t cache;
#endif

#if LVGL_VERSION_MAJOR >= 8
static const lv_font_fmt_txt_dsc_t font_dsc = {
#else
static lv_font_fmt_txt_dsc_t font_dsc = {
#endif
    .glyph_bitmap = glyph_bitmap,
    .glyph_dsc = glyph_dsc,
    .cmaps = cmaps,
    .kern_dsc = &kern_classes,
    .kern_scale = 16,
    .cmap_num = 3,
    .bpp = 4,
    .kern_classes = 1,
    .bitmap_format = 0,
#if LVGL_VERSION_MAJOR == 8
    .cache = &cache
#endif
};



/*-----------------
 *  PUBLIC FONT
 *----------------*/

/*Initialize a public general font descriptor*/
#if LVGL_VERSION_MAJOR >= 8
const lv_font_t fonte_28 = {
#else
lv_font_t fonte_28 = {
#endif
    .get_glyph_dsc = lv_font_get_glyph_dsc_fmt_txt,    /*Function pointer to get glyph's data*/
    .get_glyph_bitmap = lv_font_get_bitmap_fmt_txt,    /*Function pointer to get glyph's bitmap*/
    .line_height = 33,          /*The maximum line height required by the font*/
    .base_line = 7,             /*Baseline measured from the bottom of the line*/
#if !(LVGL_VERSION_MAJOR == 6 && LVGL_VERSION_MINOR == 0)
    .subpx = LV_FONT_SUBPX_NONE,
#endif
#if LV_VERSION_CHECK(7, 4, 0) || LVGL_VERSION_MAJOR >= 8
    .underline_position = -3,
    .underline_thickness = 1,
#endif
    .dsc = &font_dsc,          /*The custom font data. Will be accessed by `get_glyph_bitmap/dsc` */
#if LV_VERSION_CHECK(8, 2, 0) || LVGL_VERSION_MAJOR >= 9
    .fallback = NULL,
#endif
    .user_data = NULL,
};



#endif /*#if FONTE_28*/

