/*******************************************************************************
 * Size: 22 px
 * Bpp: 4
 * Opts: --bpp 4 --size 22 --no-compress --no-prefilter --font fontes/SpaceGrotesk-Medium.ttf -r 0x20-0x7F,0xA0-0xFF,0x2022 --font managed_components/lvgl__lvgl/scripts/built_in_font/FontAwesome5-Solid+Brands+Regular.woff -r 61441,61448,61451,61452,61452,61453,61457,61459,61461,61465,61468,61473,61478,61479,61480,61502,61507,61512,61515,61516,61517,61521,61522,61523,61524,61543,61544,61550,61552,61553,61556,61559,61560,61561,61563,61587,61589,61636,61637,61639,61641,61664,61671,61674,61683,61724,61732,61787,61931,62016,62017,62018,62019,62020,62087,62099,62212,62189,62810,63426,63650 --format lvgl --force-fast-kern-format -o main/fonte_22.c
 ******************************************************************************/

#ifdef LV_LVGL_H_INCLUDE_SIMPLE
#include "lvgl.h"
#else
#include "lvgl.h"
#endif

#ifndef FONTE_22
#define FONTE_22 1
#endif

#if FONTE_22

/*-----------------
 *    BITMAPS
 *----------------*/

/*Store the image of the glyphs*/
static LV_ATTRIBUTE_LARGE_CONST const uint8_t glyph_bitmap[] = {
    /* U+0020 " " */

    /* U+0021 "!" */
    0x2f, 0xf3, 0x2f, 0xf3, 0x2f, 0xf3, 0x2f, 0xf3,
    0x2f, 0xf3, 0x2f, 0xf3, 0x2f, 0xf3, 0x2f, 0xf3,
    0x2f, 0xf3, 0x2f, 0xf3, 0x1a, 0xa1, 0x6, 0x60,
    0x8f, 0xfa, 0xbf, 0xfc, 0x3e, 0xe4,

    /* U+0022 "\"" */
    0x4e, 0xe4, 0x1c, 0xf9, 0xb, 0xff, 0xc6, 0xff,
    0xf1, 0x7f, 0xfc, 0x2f, 0xff, 0x10, 0x3d, 0xc0,
    0x19, 0xf1, 0x5f, 0xf6, 0xf, 0xfc, 0x1, 0x42,
    0x0, 0x43, 0x0,

    /* U+0023 "#" */
    0x0, 0x8, 0xf8, 0x0, 0xaf, 0x60, 0x0, 0x0,
    0x8f, 0x80, 0xa, 0xf6, 0x0, 0x0, 0x8, 0xf8,
    0x0, 0xaf, 0x60, 0x0, 0x0, 0x8f, 0x80, 0xa,
    0xf6, 0x0, 0x1f, 0xff, 0xff, 0xff, 0xff, 0xff,
    0xf1, 0xee, 0xff, 0xfe, 0xef, 0xff, 0xee, 0x0,
    0x8, 0xf8, 0x0, 0xaf, 0x60, 0x0, 0x0, 0x8f,
    0x80, 0xa, 0xf6, 0x0, 0x0, 0x8, 0xf8, 0x0,
    0xaf, 0x60, 0x1, 0xff, 0xff, 0xff, 0xff, 0xff,
    0xff, 0x1e, 0xef, 0xff, 0xee, 0xff, 0xfe, 0xe0,
    0x0, 0x8f, 0x80, 0xa, 0xf6, 0x0, 0x0, 0x8,
    0xf8, 0x0, 0xaf, 0x60, 0x0, 0x0, 0x8f, 0x80,
    0xa, 0xf6, 0x0, 0x0, 0x8, 0xf8, 0x0, 0xaf,
    0x60, 0x0,

    /* U+0024 "$" */
    0x0, 0x0, 0x0, 0x33, 0x0, 0x0, 0x0, 0x0,
    0x0, 0x4f, 0xe0, 0x0, 0x0, 0x0, 0x0, 0x4,
    0xfe, 0x0, 0x0, 0x0, 0x0, 0x4a, 0xef, 0xfb,
    0x60, 0x0, 0x0, 0x9f, 0xff, 0xff, 0xff, 0xc1,
    0x0, 0x5f, 0xf9, 0x6f, 0xf7, 0xff, 0xa0, 0x9,
    0xfd, 0x4, 0xfe, 0x7, 0xff, 0x0, 0xaf, 0xb0,
    0x4f, 0xe0, 0x2f, 0xf2, 0x8, 0xff, 0x34, 0xfe,
    0x1, 0x99, 0x10, 0x1e, 0xff, 0xdf, 0xe0, 0x0,
    0x0, 0x0, 0x2c, 0xff, 0xff, 0xe9, 0x20, 0x0,
    0x0, 0x3, 0x9f, 0xff, 0xff, 0x50, 0x0, 0x0,
    0x4, 0xfe, 0x5d, 0xff, 0x21, 0xff, 0x40, 0x4f,
    0xe0, 0x1f, 0xf6, 0xf, 0xf6, 0x4, 0xfe, 0x0,
    0xef, 0x70, 0xcf, 0xd1, 0x4f, 0xe0, 0x3f, 0xf5,
    0x4, 0xff, 0xda, 0xff, 0x8f, 0xfd, 0x0, 0x5,
    0xff, 0xff, 0xff, 0xfc, 0x20, 0x0, 0x1, 0x7b,
    0xff, 0x94, 0x0, 0x0, 0x0, 0x0, 0x4f, 0xe0,
    0x0, 0x0, 0x0, 0x0, 0x4, 0xfe, 0x0, 0x0,
    0x0,

    /* U+0025 "%" */
    0x0, 0x0, 0x0, 0x0, 0x0, 0x0, 0x0, 0x0,
    0x0, 0x2a, 0xef, 0xc5, 0x0, 0x0, 0x0, 0xb6,
    0x0, 0xd, 0xfa, 0x8e, 0xf4, 0x0, 0x0, 0x8f,
    0xc0, 0x4, 0xf9, 0x0, 0x3f, 0xa0, 0x0, 0x5f,
    0xe1, 0x0, 0x4f, 0x90, 0x3, 0xfa, 0x0, 0x3f,
    0xf3, 0x0, 0x0, 0xef, 0xa8, 0xef, 0x40, 0x1e,
    0xf5, 0x0, 0x0, 0x2, 0xae, 0xfc, 0x50, 0xc,
    0xf8, 0x0, 0x0, 0x0, 0x0, 0x0, 0x0, 0xa,
    0xfa, 0x0, 0x0, 0x0, 0x0, 0x0, 0x0, 0x7,
    0xfd, 0x0, 0x0, 0x0, 0x0, 0x0, 0x0, 0x5,
    0xfe, 0x15, 0xdf, 0xd8, 0x0, 0x0, 0x0, 0x2,
    0xff, 0x35, 0xfe, 0x9c, 0xf9, 0x0, 0x0, 0x1,
    0xdf, 0x60, 0xbf, 0x20, 0xd, 0xf0, 0x0, 0x0,
    0xcf, 0x90, 0xd, 0xf0, 0x0, 0xbf, 0x20, 0x0,
    0x9f, 0xb0, 0x0, 0xbf, 0x20, 0xd, 0xf0, 0x0,
    0x6f, 0xd1, 0x0, 0x5, 0xfe, 0x8c, 0xf9, 0x0,
    0x1f, 0xf2, 0x0, 0x0, 0x5, 0xdf, 0xd8, 0x0,
    0x0, 0x34, 0x0, 0x0, 0x0, 0x0, 0x0, 0x0,
    0x0,

    /* U+0026 "&" */
    0x0, 0x3a, 0xef, 0xff, 0x0, 0x0, 0x0, 0x4f,
    0xff, 0xee, 0xe0, 0x0, 0x0, 0xd, 0xfc, 0x20,
    0x0, 0x0, 0x0, 0x0, 0xff, 0x40, 0x0, 0x0,
    0x0, 0x0, 0xf, 0xf4, 0x0, 0x0, 0xaf, 0xa0,
    0x0, 0x9f, 0xc2, 0x0, 0xa, 0xfa, 0x0, 0x0,
    0x7e, 0xfe, 0xee, 0xff, 0xfe, 0xa0, 0x5, 0xef,
    0xff, 0xff, 0xff, 0xfb, 0x6, 0xfe, 0x40, 0x0,
    0xaf, 0xa0, 0x0, 0xff, 0x40, 0x0, 0xa, 0xfa,
    0x0, 0x2f, 0xf1, 0x0, 0x0, 0xaf, 0xa0, 0x1,
    0xff, 0x30, 0x0, 0xa, 0xfa, 0x0, 0xd, 0xfd,
    0x20, 0x0, 0xaf, 0xa0, 0x0, 0x4f, 0xff, 0xee,
    0xef, 0xfa, 0x0, 0x0, 0x3b, 0xef, 0xff, 0xff,
    0xa0, 0x0,

    /* U+0027 "'" */
    0x4e, 0xe4, 0xbf, 0xfc, 0x7f, 0xfc, 0x3, 0xdc,
    0x5f, 0xf6, 0x14, 0x20,

    /* U+0028 "(" */
    0x0, 0x1, 0x7b, 0xd5, 0x0, 0x7f, 0xff, 0xf5,
    0x6, 0xff, 0xb4, 0x10, 0xf, 0xf9, 0x0, 0x0,
    0x6f, 0xf0, 0x0, 0x0, 0x9f, 0xa0, 0x0, 0x0,
    0xbf, 0x70, 0x0, 0x0, 0xcf, 0x60, 0x0, 0x0,
    0xcf, 0x60, 0x0, 0x0, 0xcf, 0x60, 0x0, 0x0,
    0xcf, 0x60, 0x0, 0x0, 0xcf, 0x60, 0x0, 0x0,
    0xcf, 0x60, 0x0, 0x0, 0xcf, 0x60, 0x0, 0x0,
    0xcf, 0x60, 0x0, 0x0, 0xbf, 0x70, 0x0, 0x0,
    0x9f, 0xa0, 0x0, 0x0, 0x6f, 0xe0, 0x0, 0x0,
    0x1f, 0xf8, 0x0, 0x0, 0x7, 0xff, 0x92, 0x0,
    0x0, 0x8f, 0xff, 0xf5, 0x0, 0x2, 0x9d, 0xf5,

    /* U+0029 ")" */
    0xcc, 0x94, 0x0, 0x0, 0xef, 0xff, 0xb1, 0x0,
    0x2, 0x7f, 0xfc, 0x0, 0x0, 0x3, 0xff, 0x60,
    0x0, 0x0, 0x8f, 0xc0, 0x0, 0x0, 0x3f, 0xf0,
    0x0, 0x0, 0xf, 0xf2, 0x0, 0x0, 0xf, 0xf3,
    0x0, 0x0, 0xf, 0xf3, 0x0, 0x0, 0xf, 0xf3,
    0x0, 0x0, 0xf, 0xf3, 0x0, 0x0, 0xf, 0xf3,
    0x0, 0x0, 0xf, 0xf3, 0x0, 0x0, 0xf, 0xf3,
    0x0, 0x0, 0xf, 0xf3, 0x0, 0x0, 0xf, 0xf2,
    0x0, 0x0, 0x3f, 0xf0, 0x0, 0x0, 0x8f, 0xd0,
    0x0, 0x2, 0xff, 0x70, 0x1, 0x6e, 0xfd, 0x0,
    0xdf, 0xff, 0xc1, 0x0, 0xee, 0xb5, 0x0, 0x0,

    /* U+002A "*" */
    0x0, 0x0, 0xe, 0x80, 0x0, 0x0, 0xb, 0x80,
    0xd8, 0x1c, 0x50, 0x0, 0x6f, 0x7b, 0x6c, 0xe2,
    0x0, 0x0, 0x4e, 0xee, 0xc2, 0x0, 0xf, 0xfe,
    0xef, 0xfd, 0xff, 0xa0, 0x66, 0x5d, 0xff, 0xa5,
    0x64, 0x0, 0x1d, 0xcb, 0x8f, 0x90, 0x0, 0xd,
    0xe1, 0xd7, 0x5f, 0x70, 0x0, 0x42, 0xe, 0x80,
    0x51, 0x0, 0x0, 0x0, 0x74, 0x0, 0x0,

    /* U+002B "+" */
    0x0, 0x0, 0x10, 0x0, 0x0, 0x0, 0x3, 0xfe,
    0x0, 0x0, 0x0, 0x3, 0xfe, 0x0, 0x0, 0x0,
    0x3, 0xfe, 0x0, 0x0, 0xcf, 0xff, 0xff, 0xff,
    0xf6, 0xcf, 0xff, 0xff, 0xff, 0xf6, 0x0, 0x4,
    0xfe, 0x0, 0x0, 0x0, 0x3, 0xfe, 0x0, 0x0,
    0x0, 0x3, 0xfe, 0x0, 0x0, 0x0, 0x3, 0xfe,
    0x0, 0x0,

    /* U+002C "," */
    0x3, 0x20, 0x7f, 0xf6, 0xbf, 0xfc, 0x4e, 0xfc,
    0x0, 0xac, 0x1, 0xdb, 0x5f, 0xf4, 0x13, 0x10,

    /* U+002D "-" */
    0x0, 0x0, 0x0, 0x0, 0x6f, 0xff, 0xff, 0xf2,
    0x6f, 0xff, 0xff, 0xf2,

    /* U+002E "." */
    0x6, 0x60, 0x8f, 0xfa, 0xbf, 0xfc, 0x3e, 0xe4,

    /* U+002F "/" */
    0x0, 0x0, 0x0, 0xd, 0xf6, 0x0, 0x0, 0x0,
    0x3f, 0xf1, 0x0, 0x0, 0x0, 0x8f, 0xb0, 0x0,
    0x0, 0x0, 0xef, 0x50, 0x0, 0x0, 0x3, 0xff,
    0x0, 0x0, 0x0, 0x9, 0xfb, 0x0, 0x0, 0x0,
    0xe, 0xf5, 0x0, 0x0, 0x0, 0x4f, 0xf0, 0x0,
    0x0, 0x0, 0x9f, 0xa0, 0x0, 0x0, 0x0, 0xef,
    0x50, 0x0, 0x0, 0x4, 0xff, 0x0, 0x0, 0x0,
    0x9, 0xfa, 0x0, 0x0, 0x0, 0xe, 0xf4, 0x0,
    0x0, 0x0, 0x4f, 0xf0, 0x0, 0x0, 0x0, 0xaf,
    0x90, 0x0, 0x0, 0x0, 0xff, 0x40, 0x0, 0x0,
    0x5, 0xfe, 0x0, 0x0, 0x0, 0xa, 0xf9, 0x0,
    0x0, 0x0, 0xf, 0xf4, 0x0, 0x0, 0x0,

    /* U+0030 "0" */
    0x0, 0x18, 0xdf, 0xfd, 0x92, 0x0, 0x3, 0xef,
    0xff, 0xff, 0xff, 0x50, 0x1e, 0xfe, 0x52, 0x14,
    0xdf, 0xf3, 0x7f, 0xf2, 0x0, 0x0, 0xe, 0xfa,
    0xbf, 0xb0, 0x0, 0x0, 0x8, 0xfd, 0xcf, 0x80,
    0x0, 0x0, 0x5, 0xff, 0xcf, 0x80, 0x0, 0x0,
    0x5, 0xff, 0xcf, 0x80, 0x0, 0x0, 0x5, 0xff,
    0xcf, 0x80, 0x0, 0x0, 0x5, 0xff, 0xcf, 0x80,
    0x0, 0x0, 0x5, 0xff, 0xbf, 0xa0, 0x0, 0x0,
    0x8, 0xfe, 0x7f, 0xf2, 0x0, 0x0, 0xe, 0xfa,
    0x1f, 0xfd, 0x51, 0x14, 0xcf, 0xf3, 0x4, 0xff,
    0xff, 0xff, 0xff, 0x60, 0x0, 0x18, 0xdf, 0xfd,
    0x92, 0x0,

    /* U+0031 "1" */
    0x0, 0x8, 0xff, 0xff, 0x0, 0x1f, 0xfd, 0xff,
    0x0, 0x8f, 0xd5, 0xff, 0x1, 0xff, 0x55, 0xff,
    0x9, 0xfd, 0x5, 0xff, 0x1f, 0xf5, 0x5, 0xff,
    0x5a, 0x90, 0x5, 0xff, 0x0, 0x0, 0x5, 0xff,
    0x0, 0x0, 0x5, 0xff, 0x0, 0x0, 0x5, 0xff,
    0x0, 0x0, 0x5, 0xff, 0x0, 0x0, 0x5, 0xff,
    0x0, 0x0, 0x5, 0xff, 0x0, 0x0, 0x5, 0xff,
    0x0, 0x0, 0x5, 0xff,

    /* U+0032 "2" */
    0x0, 0x39, 0xef, 0xec, 0x60, 0x0, 0x6, 0xff,
    0xff, 0xff, 0xfc, 0x0, 0x3f, 0xfb, 0x31, 0x27,
    0xff, 0xa0, 0xaf, 0xc0, 0x0, 0x0, 0x6f, 0xf0,
    0xdf, 0x70, 0x0, 0x0, 0x2f, 0xf2, 0x45, 0x20,
    0x0, 0x0, 0x3f, 0xf1, 0x0, 0x0, 0x0, 0x0,
    0xbf, 0xd0, 0x0, 0x0, 0x1, 0x6d, 0xff, 0x40,
    0x0, 0x6, 0xbf, 0xff, 0xe4, 0x0, 0x4, 0xef,
    0xff, 0xb5, 0x0, 0x0, 0x2f, 0xfc, 0x50, 0x0,
    0x0, 0x0, 0xaf, 0xc0, 0x0, 0x0, 0x0, 0x0,
    0xdf, 0x70, 0x0, 0x0, 0x0, 0x0, 0xef, 0xff,
    0xff, 0xff, 0xff, 0xf1, 0xff, 0xff, 0xff, 0xff,
    0xff, 0xf1,

    /* U+0033 "3" */
    0xc, 0xff, 0xff, 0xff, 0xff, 0xff, 0x0, 0xcf,
    0xff, 0xff, 0xff, 0xff, 0xf0, 0x0, 0x0, 0x0,
    0x0, 0x3c, 0xff, 0x0, 0x0, 0x0, 0x1, 0x9f,
    0xfc, 0x40, 0x0, 0x0, 0x19, 0xff, 0xd5, 0x0,
    0x0, 0x0, 0xd, 0xff, 0x60, 0x0, 0x0, 0x0,
    0x0, 0xef, 0xff, 0xeb, 0x40, 0x0, 0x0, 0x9,
    0xbb, 0xcf, 0xff, 0x60, 0x0, 0x0, 0x0, 0x0,
    0xa, 0xff, 0x10, 0x77, 0x10, 0x0, 0x0, 0x1f,
    0xf4, 0xf, 0xf4, 0x0, 0x0, 0x0, 0xff, 0x40,
    0xef, 0xa0, 0x0, 0x0, 0x5f, 0xf2, 0x7, 0xff,
    0xa3, 0x12, 0x7f, 0xfb, 0x0, 0x9, 0xff, 0xff,
    0xff, 0xfd, 0x10, 0x0, 0x4, 0xae, 0xfe, 0xc7,
    0x0, 0x0,

    /* U+0034 "4" */
    0x0, 0x0, 0x0, 0xcf, 0xff, 0xb0, 0x0, 0x0,
    0x0, 0x6, 0xff, 0xcf, 0xb0, 0x0, 0x0, 0x0,
    0x1f, 0xf6, 0x9f, 0xb0, 0x0, 0x0, 0x0, 0xaf,
    0xc0, 0x9f, 0xb0, 0x0, 0x0, 0x4, 0xff, 0x20,
    0x9f, 0xb0, 0x0, 0x0, 0xe, 0xf8, 0x0, 0x9f,
    0xb0, 0x0, 0x0, 0x8f, 0xd0, 0x0, 0x9f, 0xb0,
    0x0, 0x3, 0xff, 0x40, 0x0, 0x9f, 0xb0, 0x0,
    0xc, 0xf9, 0x0, 0x0, 0x9f, 0xb0, 0x0, 0x5f,
    0xf1, 0x0, 0x0, 0x9f, 0xb0, 0x0, 0x5f, 0xff,
    0xff, 0xff, 0xff, 0xff, 0xf5, 0x5f, 0xff, 0xff,
    0xff, 0xff, 0xff, 0xf5, 0x0, 0x0, 0x0, 0x0,
    0x9f, 0xb0, 0x0, 0x0, 0x0, 0x0, 0x0, 0x9f,
    0xb0, 0x0, 0x0, 0x0, 0x0, 0x0, 0x9f, 0xb0,
    0x0,

    /* U+0035 "5" */
    0x8, 0xff, 0xff, 0xff, 0xff, 0xfc, 0x0, 0x8f,
    0xff, 0xff, 0xff, 0xff, 0xc0, 0x8, 0xfc, 0x11,
    0x11, 0x11, 0x10, 0x0, 0x8f, 0xc0, 0x0, 0x0,
    0x0, 0x0, 0x8, 0xfc, 0x0, 0x0, 0x0, 0x0,
    0x0, 0x8f, 0xc4, 0xbf, 0xfd, 0x91, 0x0, 0x8,
    0xff, 0xff, 0xef, 0xff, 0xe2, 0x0, 0x7d, 0xda,
    0x10, 0x4, 0xef, 0xc0, 0x0, 0x0, 0x0, 0x0,
    0x5, 0xff, 0x20, 0x55, 0x10, 0x0, 0x0, 0x1f,
    0xf4, 0xf, 0xf6, 0x0, 0x0, 0x1, 0xff, 0x30,
    0xcf, 0xc0, 0x0, 0x0, 0x7f, 0xf1, 0x5, 0xff,
    0xb3, 0x12, 0x8f, 0xfa, 0x0, 0x8, 0xff, 0xff,
    0xff, 0xfc, 0x0, 0x0, 0x4, 0xae, 0xfe, 0xc6,
    0x0, 0x0,

    /* U+0036 "6" */
    0x0, 0x29, 0xdf, 0xfd, 0x92, 0x0, 0x5, 0xff,
    0xff, 0xff, 0xff, 0x50, 0x2f, 0xfc, 0x41, 0x14,
    0xdf, 0xf1, 0x8f, 0xd0, 0x0, 0x0, 0x1f, 0xf5,
    0xbf, 0x90, 0x0, 0x0, 0x3, 0x31, 0xcf, 0x82,
    0xae, 0xfe, 0x92, 0x0, 0xcf, 0xcf, 0xfe, 0xff,
    0xff, 0x30, 0xcf, 0xfa, 0x10, 0x3, 0xdf, 0xe0,
    0xcf, 0xd0, 0x0, 0x0, 0x2f, 0xf5, 0xcf, 0x90,
    0x0, 0x0, 0xd, 0xf8, 0xcf, 0x90, 0x0, 0x0,
    0xd, 0xf7, 0x9f, 0xe0, 0x0, 0x0, 0x3f, 0xf4,
    0x2f, 0xfc, 0x41, 0x16, 0xef, 0xd0, 0x6, 0xff,
    0xff, 0xff, 0xfe, 0x20, 0x0, 0x29, 0xdf, 0xfc,
    0x70, 0x0,

    /* U+0037 "7" */
    0x5f, 0xff, 0xff, 0xff, 0xff, 0xfb, 0x5f, 0xff,
    0xff, 0xff, 0xff, 0xfb, 0x0, 0x0, 0x0, 0x0,
    0xd, 0xfa, 0x0, 0x0, 0x0, 0x0, 0x5f, 0xf3,
    0x0, 0x0, 0x0, 0x0, 0xef, 0xa0, 0x0, 0x0,
    0x0, 0x8, 0xff, 0x10, 0x0, 0x0, 0x0, 0x2f,
    0xf7, 0x0, 0x0, 0x0, 0x0, 0xbf, 0xe0, 0x0,
    0x0, 0x0, 0x4, 0xff, 0x50, 0x0, 0x0, 0x0,
    0xd, 0xfc, 0x0, 0x0, 0x0, 0x0, 0x7f, 0xf3,
    0x0, 0x0, 0x0, 0x1, 0xef, 0x90, 0x0, 0x0,
    0x0, 0x8, 0xff, 0x10, 0x0, 0x0, 0x0, 0xc,
    0xf9, 0x0, 0x0, 0x0, 0x0, 0xe, 0xf6, 0x0,
    0x0, 0x0,

    /* U+0038 "8" */
    0x0, 0x6, 0xbe, 0xff, 0xd9, 0x20, 0x0, 0x1d,
    0xff, 0xff, 0xff, 0xff, 0x60, 0xa, 0xff, 0x72,
    0x1, 0x4c, 0xff, 0x20, 0xef, 0x70, 0x0, 0x0,
    0x1f, 0xf5, 0xd, 0xf7, 0x0, 0x0, 0x1, 0xff,
    0x40, 0x5f, 0xf7, 0x20, 0x14, 0xcf, 0xc0, 0x0,
    0x4d, 0xff, 0xff, 0xff, 0x80, 0x0, 0x7, 0xef,
    0xff, 0xff, 0xfb, 0x20, 0x9, 0xff, 0x72, 0x1,
    0x4c, 0xfe, 0x11, 0xff, 0x60, 0x0, 0x0, 0xe,
    0xf7, 0x2f, 0xf2, 0x0, 0x0, 0x0, 0xbf, 0x91,
    0xff, 0x60, 0x0, 0x0, 0xe, 0xf8, 0xb, 0xff,
    0x72, 0x1, 0x4c, 0xff, 0x20, 0x1d, 0xff, 0xff,
    0xff, 0xff, 0x60, 0x0, 0x6, 0xbe, 0xff, 0xd9,
    0x20, 0x0,

    /* U+0039 "9" */
    0x0, 0x4a, 0xef, 0xec, 0x60, 0x0, 0xa, 0xff,
    0xff, 0xff, 0xfc, 0x10, 0x7f, 0xf9, 0x31, 0x26,
    0xef, 0xa0, 0xdf, 0xa0, 0x0, 0x0, 0x4f, 0xf1,
    0xff, 0x50, 0x0, 0x0, 0xf, 0xf4, 0xef, 0x80,
    0x0, 0x0, 0x3f, 0xf5, 0x8f, 0xf6, 0x0, 0x3,
    0xdf, 0xf5, 0xc, 0xff, 0xfe, 0xff, 0xbf, 0xf5,
    0x0, 0x7c, 0xff, 0xd7, 0xf, 0xf5, 0x0, 0x0,
    0x0, 0x0, 0xf, 0xf4, 0xdf, 0x70, 0x0, 0x0,
    0x2f, 0xf3, 0xbf, 0xd0, 0x0, 0x0, 0x8f, 0xf1,
    0x4f, 0xfa, 0x31, 0x28, 0xff, 0xa0, 0x8, 0xff,
    0xff, 0xff, 0xfc, 0x10, 0x0, 0x4b, 0xef, 0xec,
    0x60, 0x0,

    /* U+003A ":" */
    0x3e, 0xe4, 0xbf, 0xfc, 0x8f, 0xfa, 0x6, 0x60,
    0x0, 0x0, 0x0, 0x0, 0x0, 0x0, 0x6, 0x60,
    0x8f, 0xfa, 0xbf, 0xfc, 0x3e, 0xe4,

    /* U+003B ";" */
    0x3e, 0xe4, 0xbf, 0xfc, 0x8f, 0xfa, 0x6, 0x60,
    0x0, 0x0, 0x0, 0x0, 0x0, 0x0, 0x2, 0x30,
    0x7f, 0xf6, 0xbf, 0xfc, 0x4e, 0xfc, 0x0, 0xac,
    0x1, 0xcb, 0x4f, 0xf5, 0x13, 0x10,

    /* U+003C "<" */
    0x0, 0x0, 0x0, 0x0, 0x1, 0x0, 0x0, 0x0,
    0x4a, 0xf7, 0x0, 0x3, 0x8e, 0xff, 0xf6, 0x17,
    0xdf, 0xff, 0xd8, 0x20, 0xcf, 0xfd, 0x83, 0x0,
    0x0, 0xcf, 0xb1, 0x0, 0x0, 0x0, 0xbf, 0xff,
    0xb6, 0x10, 0x0, 0x4, 0xaf, 0xff, 0xfb, 0x50,
    0x0, 0x0, 0x6c, 0xff, 0xf7, 0x0, 0x0, 0x0,
    0x17, 0xd7, 0x0, 0x0, 0x0, 0x0, 0x0,

    /* U+003D "=" */
    0xcf, 0xff, 0xff, 0xff, 0xf6, 0xcf, 0xff, 0xff,
    0xff, 0xf6, 0x0, 0x0, 0x0, 0x0, 0x0, 0x0,
    0x0, 0x0, 0x0, 0x0, 0xcf, 0xff, 0xff, 0xff,
    0xf6, 0xcf, 0xff, 0xff, 0xff, 0xf6,

    /* U+003E ">" */
    0x20, 0x0, 0x0, 0x0, 0x0, 0xce, 0x82, 0x0,
    0x0, 0x0, 0xcf, 0xff, 0xc6, 0x10, 0x0, 0x4,
    0xaf, 0xff, 0xfb, 0x50, 0x0, 0x0, 0x4a, 0xff,
    0xf7, 0x0, 0x0, 0x0, 0x3e, 0xf7, 0x0, 0x2,
    0x8d, 0xff, 0xf6, 0x27, 0xdf, 0xff, 0xe8, 0x20,
    0xcf, 0xff, 0x94, 0x0, 0x0, 0xcb, 0x50, 0x0,
    0x0, 0x0, 0x0, 0x0, 0x0, 0x0, 0x0,

    /* U+003F "?" */
    0x0, 0x6, 0xbe, 0xfe, 0xa4, 0x0, 0x0, 0xcf,
    0xff, 0xff, 0xff, 0x90, 0xa, 0xff, 0x71, 0x2,
    0x9f, 0xf5, 0xf, 0xf7, 0x0, 0x0, 0xb, 0xfa,
    0x2f, 0xf3, 0x0, 0x0, 0xa, 0xfb, 0x1, 0x10,
    0x0, 0x0, 0x2e, 0xf8, 0x0, 0x0, 0x0, 0x18,
    0xff, 0xd1, 0x0, 0x0, 0x5, 0xff, 0xfa, 0x10,
    0x0, 0x0, 0xe, 0xfb, 0x20, 0x0, 0x0, 0x0,
    0x1f, 0xf4, 0x0, 0x0, 0x0, 0x0, 0x4, 0x41,
    0x0, 0x0, 0x0, 0x0, 0x5, 0x71, 0x0, 0x0,
    0x0, 0x0, 0x7f, 0xfb, 0x0, 0x0, 0x0, 0x0,
    0x9f, 0xfe, 0x0, 0x0, 0x0, 0x0, 0x2d, 0xe5,
    0x0, 0x0,

    /* U+0040 "@" */
    0x0, 0x0, 0x1, 0x6b, 0xdf, 0xff, 0xda, 0x50,
    0x0, 0x0, 0x0, 0x0, 0x7f, 0xff, 0xff, 0xff,
    0xff, 0xfe, 0x30, 0x0, 0x0, 0xb, 0xff, 0xc7,
    0x31, 0x1, 0x26, 0xdf, 0xf7, 0x0, 0x0, 0x9f,
    0xf6, 0x0, 0x0, 0x0, 0x0, 0x8, 0xff, 0x40,
    0x5, 0xff, 0x50, 0x5, 0xcf, 0xe8, 0xf, 0xf2,
    0x8f, 0xe0, 0xc, 0xfa, 0x0, 0x7f, 0xff, 0xff,
    0xaf, 0xf2, 0xe, 0xf6, 0x1f, 0xf4, 0x2, 0xff,
    0xa1, 0x5, 0xff, 0xf2, 0x9, 0xfa, 0x4f, 0xf0,
    0x7, 0xfe, 0x0, 0x0, 0x7f, 0xf2, 0x6, 0xfd,
    0x6f, 0xe0, 0xa, 0xfa, 0x0, 0x0, 0x2f, 0xf2,
    0x4, 0xfe, 0x6f, 0xd0, 0xb, 0xf8, 0x0, 0x0,
    0xf, 0xf2, 0x4, 0xfe, 0x6f, 0xe0, 0xa, 0xfa,
    0x0, 0x0, 0x2f, 0xf2, 0x5, 0xfe, 0x4f, 0xf0,
    0x7, 0xfe, 0x0, 0x0, 0x7f, 0xf2, 0x7, 0xfc,
    0x1f, 0xf4, 0x1, 0xff, 0xb1, 0x5, 0xff, 0xf4,
    0x1d, 0xf8, 0xb, 0xfb, 0x0, 0x6f, 0xff, 0xff,
    0xbe, 0xff, 0xff, 0xf1, 0x4, 0xff, 0x70, 0x4,
    0xcf, 0xea, 0x6, 0xef, 0xfc, 0x30, 0x0, 0x9f,
    0xf8, 0x0, 0x0, 0x0, 0x0, 0x0, 0x0, 0x0,
    0x0, 0xa, 0xff, 0xe8, 0x32, 0x0, 0x0, 0x0,
    0x0, 0x0, 0x0, 0x0, 0x6e, 0xff, 0xff, 0xff,
    0xff, 0xf3, 0x0, 0x0, 0x0, 0x0, 0x0, 0x5a,
    0xdf, 0xff, 0xff, 0xf3, 0x0, 0x0,

    /* U+0041 "A" */
    0x0, 0x0, 0x4f, 0xff, 0xf3, 0x0, 0x0, 0x0,
    0x0, 0x9f, 0xde, 0xf7, 0x0, 0x0, 0x0, 0x0,
    0xdf, 0x79, 0xfc, 0x0, 0x0, 0x0, 0x2, 0xff,
    0x24, 0xff, 0x10, 0x0, 0x0, 0x7, 0xfd, 0x0,
    0xff, 0x50, 0x0, 0x0, 0xb, 0xf9, 0x0, 0xaf,
    0xa0, 0x0, 0x0, 0xf, 0xf4, 0x0, 0x5f, 0xe0,
    0x0, 0x0, 0x5f, 0xf0, 0x0, 0x1f, 0xf3, 0x0,
    0x0, 0x9f, 0xa0, 0x0, 0xc, 0xf8, 0x0, 0x0,
    0xef, 0xff, 0xff, 0xff, 0xfd, 0x0, 0x3, 0xff,
    0xff, 0xff, 0xff, 0xff, 0x10, 0x7, 0xfd, 0x22,
    0x22, 0x22, 0xef, 0x60, 0xc, 0xf9, 0x0, 0x0,
    0x0, 0xaf, 0xb0, 0x1f, 0xf5, 0x0, 0x0, 0x0,
    0x6f, 0xf0, 0x5f, 0xf1, 0x0, 0x0, 0x0, 0x2f,
    0xf4,

    /* U+0042 "B" */
    0xff, 0xff, 0xff, 0xff, 0xfc, 0x60, 0xf, 0xff,
    0xff, 0xff, 0xff, 0xff, 0xa0, 0x11, 0xef, 0x81,
    0x11, 0x3b, 0xff, 0x40, 0xe, 0xf8, 0x0, 0x0,
    0xf, 0xf7, 0x0, 0xef, 0x80, 0x0, 0x0, 0xff,
    0x50, 0xe, 0xf8, 0x0, 0x2, 0xaf, 0xe0, 0x0,
    0xef, 0xff, 0xff, 0xff, 0xa1, 0x0, 0xe, 0xff,
    0xff, 0xff, 0xf9, 0x10, 0x0, 0xef, 0x92, 0x22,
    0x4c, 0xfd, 0x0, 0xe, 0xf8, 0x0, 0x0, 0x1f,
    0xf5, 0x0, 0xef, 0x80, 0x0, 0x0, 0xdf, 0x80,
    0xe, 0xf8, 0x0, 0x0, 0x1f, 0xf7, 0x11, 0xef,
    0x81, 0x11, 0x3b, 0xff, 0x3f, 0xff, 0xff, 0xff,
    0xff, 0xff, 0x90, 0xff, 0xff, 0xff, 0xff, 0xfc,
    0x50, 0x0,

    /* U+0043 "C" */
    0x0, 0x17, 0xcf, 0xfe, 0xb4, 0x0, 0x0, 0x3e,
    0xff, 0xff, 0xff, 0xf9, 0x0, 0xe, 0xff, 0x83,
    0x24, 0xbf, 0xf5, 0x6, 0xff, 0x50, 0x0, 0x0,
    0xcf, 0xc0, 0xaf, 0xd0, 0x0, 0x0, 0x5, 0xff,
    0xc, 0xfa, 0x0, 0x0, 0x0, 0x17, 0x70, 0xcf,
    0x90, 0x0, 0x0, 0x0, 0x0, 0xc, 0xf9, 0x0,
    0x0, 0x0, 0x0, 0x0, 0xcf, 0x90, 0x0, 0x0,
    0x0, 0x0, 0xc, 0xfa, 0x0, 0x0, 0x0, 0x2b,
    0xb1, 0xaf, 0xd0, 0x0, 0x0, 0x6, 0xff, 0x6,
    0xff, 0x50, 0x0, 0x0, 0xcf, 0xd0, 0xe, 0xff,
    0x83, 0x24, 0xbf, 0xf6, 0x0, 0x3e, 0xff, 0xff,
    0xff, 0xf9, 0x0, 0x0, 0x17, 0xcf, 0xfe, 0xb4,
    0x0, 0x0,

    /* U+0044 "D" */
    0xff, 0xff, 0xff, 0xfe, 0xb5, 0x0, 0xf, 0xff,
    0xff, 0xff, 0xff, 0xfb, 0x0, 0x11, 0xef, 0x81,
    0x14, 0xaf, 0xfa, 0x0, 0xe, 0xf8, 0x0, 0x0,
    0x8f, 0xf2, 0x0, 0xef, 0x80, 0x0, 0x1, 0xff,
    0x60, 0xe, 0xf8, 0x0, 0x0, 0xe, 0xf8, 0x0,
    0xef, 0x80, 0x0, 0x0, 0xdf, 0x80, 0xe, 0xf8,
    0x0, 0x0, 0xd, 0xf8, 0x0, 0xef, 0x80, 0x0,
    0x0, 0xdf, 0x80, 0xe, 0xf8, 0x0, 0x0, 0xe,
    0xf8, 0x0, 0xef, 0x80, 0x0, 0x1, 0xff, 0x60,
    0xe, 0xf8, 0x0, 0x0, 0x8f, 0xf2, 0x11, 0xef,
    0x81, 0x14, 0xaf, 0xfa, 0xf, 0xff, 0xff, 0xff,
    0xff, 0xfc, 0x0, 0xff, 0xff, 0xff, 0xfe, 0xb5,
    0x0, 0x0,

    /* U+0045 "E" */
    0x6f, 0xff, 0xff, 0xff, 0xff, 0x56, 0xff, 0xff,
    0xff, 0xff, 0xf5, 0x6f, 0xf2, 0x22, 0x22, 0x22,
    0x6, 0xff, 0x0, 0x0, 0x0, 0x0, 0x6f, 0xf0,
    0x0, 0x0, 0x0, 0x6, 0xff, 0x0, 0x0, 0x0,
    0x0, 0x6f, 0xff, 0xff, 0xff, 0xfb, 0x6, 0xff,
    0xff, 0xff, 0xff, 0xb0, 0x6f, 0xf2, 0x22, 0x22,
    0x21, 0x6, 0xff, 0x0, 0x0, 0x0, 0x0, 0x6f,
    0xf0, 0x0, 0x0, 0x0, 0x6, 0xff, 0x0, 0x0,
    0x0, 0x0, 0x6f, 0xf2, 0x22, 0x22, 0x22, 0x6,
    0xff, 0xff, 0xff, 0xff, 0xf6, 0x6f, 0xff, 0xff,
    0xff, 0xff, 0x60,

    /* U+0046 "F" */
    0x6f, 0xff, 0xff, 0xff, 0xff, 0x16, 0xff, 0xff,
    0xff, 0xff, 0xf1, 0x6f, 0xf2, 0x22, 0x22, 0x22,
    0x6, 0xff, 0x0, 0x0, 0x0, 0x0, 0x6f, 0xf0,
    0x0, 0x0, 0x0, 0x6, 0xff, 0x0, 0x0, 0x0,
    0x0, 0x6f, 0xff, 0xff, 0xff, 0xf8, 0x6, 0xff,
    0xff, 0xff, 0xff, 0x80, 0x6f, 0xf2, 0x22, 0x22,
    0x21, 0x6, 0xff, 0x0, 0x0, 0x0, 0x0, 0x6f,
    0xf0, 0x0, 0x0, 0x0, 0x6, 0xff, 0x0, 0x0,
    0x0, 0x0, 0x6f, 0xf0, 0x0, 0x0, 0x0, 0x6,
    0xff, 0x0, 0x0, 0x0, 0x0, 0x6f, 0xf0, 0x0,
    0x0, 0x0, 0x0,

    /* U+0047 "G" */
    0x0, 0x17, 0xcf, 0xfe, 0xb5, 0x0, 0x0, 0x3e,
    0xff, 0xff, 0xff, 0xfa, 0x0, 0xe, 0xff, 0x83,
    0x24, 0xaf, 0xf7, 0x6, 0xff, 0x50, 0x0, 0x0,
    0xaf, 0xe0, 0xaf, 0xd0, 0x0, 0x0, 0x5, 0xff,
    0xc, 0xfa, 0x0, 0x0, 0x0, 0x0, 0x0, 0xcf,
    0x90, 0x0, 0x0, 0x0, 0x0, 0xc, 0xf9, 0x0,
    0x6f, 0xff, 0xff, 0xf1, 0xcf, 0x90, 0x6, 0xff,
    0xff, 0xff, 0x1c, 0xfa, 0x0, 0x0, 0x0, 0x4f,
    0xf1, 0xaf, 0xd0, 0x0, 0x0, 0x7, 0xff, 0x16,
    0xff, 0x40, 0x0, 0x0, 0xdf, 0xf1, 0xd, 0xff,
    0x73, 0x14, 0xcf, 0xff, 0x10, 0x2e, 0xff, 0xff,
    0xff, 0x7f, 0xf1, 0x0, 0x18, 0xdf, 0xfd, 0x51,
    0xff, 0x10,

    /* U+0048 "H" */
    0x6f, 0xf0, 0x0, 0x0, 0x8, 0xfd, 0x6f, 0xf0,
    0x0, 0x0, 0x8, 0xfd, 0x6f, 0xf0, 0x0, 0x0,
    0x8, 0xfd, 0x6f, 0xf0, 0x0, 0x0, 0x8, 0xfd,
    0x6f, 0xf0, 0x0, 0x0, 0x8, 0xfd, 0x6f, 0xf0,
    0x0, 0x0, 0x8, 0xfd, 0x6f, 0xff, 0xff, 0xff,
    0xff, 0xfd, 0x6f, 0xff, 0xff, 0xff, 0xff, 0xfd,
    0x6f, 0xf2, 0x22, 0x22, 0x29, 0xfd, 0x6f, 0xf0,
    0x0, 0x0, 0x8, 0xfd, 0x6f, 0xf0, 0x0, 0x0,
    0x8, 0xfd, 0x6f, 0xf0, 0x0, 0x0, 0x8, 0xfd,
    0x6f, 0xf0, 0x0, 0x0, 0x8, 0xfd, 0x6f, 0xf0,
    0x0, 0x0, 0x8, 0xfd, 0x6f, 0xf0, 0x0, 0x0,
    0x8, 0xfd,

    /* U+0049 "I" */
    0x6f, 0xf6, 0xff, 0x6f, 0xf6, 0xff, 0x6f, 0xf6,
    0xff, 0x6f, 0xf6, 0xff, 0x6f, 0xf6, 0xff, 0x6f,
    0xf6, 0xff, 0x6f, 0xf6, 0xff, 0x6f, 0xf0,

    /* U+004A "J" */
    0x0, 0x0, 0x7, 0xff, 0xff, 0xff, 0x40, 0x0,
    0x0, 0x7f, 0xff, 0xff, 0xf4, 0x0, 0x0, 0x0,
    0x22, 0xdf, 0xa2, 0x0, 0x0, 0x0, 0x0, 0xc,
    0xf9, 0x0, 0x0, 0x0, 0x0, 0x0, 0xcf, 0x90,
    0x0, 0x0, 0x0, 0x0, 0xc, 0xf9, 0x0, 0x0,
    0x0, 0x0, 0x0, 0xcf, 0x90, 0x0, 0x0, 0x0,
    0x0, 0xc, 0xf9, 0x0, 0x0, 0x0, 0x0, 0x0,
    0xcf, 0x90, 0x3, 0xff, 0x20, 0x0, 0xc, 0xf9,
    0x0, 0x2f, 0xf3, 0x0, 0x0, 0xdf, 0x80, 0x1,
    0xff, 0x70, 0x0, 0x1f, 0xf7, 0x0, 0xb, 0xff,
    0x73, 0x4c, 0xff, 0x20, 0x0, 0x2e, 0xff, 0xff,
    0xff, 0x90, 0x0, 0x0, 0x19, 0xdf, 0xfc, 0x60,
    0x0, 0x0,

    /* U+004B "K" */
    0x6f, 0xf0, 0x0, 0x0, 0x6f, 0xfa, 0x6, 0xff,
    0x0, 0x0, 0x5f, 0xfb, 0x0, 0x6f, 0xf0, 0x0,
    0x5f, 0xfb, 0x0, 0x6, 0xff, 0x0, 0x4f, 0xfb,
    0x0, 0x0, 0x6f, 0xf0, 0x4f, 0xfc, 0x0, 0x0,
    0x6, 0xff, 0x3f, 0xfc, 0x0, 0x0, 0x0, 0x6f,
    0xff, 0xfc, 0x10, 0x0, 0x0, 0x6, 0xff, 0xff,
    0x80, 0x0, 0x0, 0x0, 0x6f, 0xfa, 0xff, 0x70,
    0x0, 0x0, 0x6, 0xff, 0xb, 0xff, 0x50, 0x0,
    0x0, 0x6f, 0xf0, 0xc, 0xff, 0x40, 0x0, 0x6,
    0xff, 0x0, 0x1d, 0xff, 0x30, 0x0, 0x6f, 0xf0,
    0x0, 0x1e, 0xfe, 0x20, 0x6, 0xff, 0x0, 0x0,
    0x2f, 0xfe, 0x20, 0x6f, 0xf0, 0x0, 0x0, 0x3f,
    0xfd, 0x10,

    /* U+004C "L" */
    0x6f, 0xf0, 0x0, 0x0, 0x0, 0x6, 0xff, 0x0,
    0x0, 0x0, 0x0, 0x6f, 0xf0, 0x0, 0x0, 0x0,
    0x6, 0xff, 0x0, 0x0, 0x0, 0x0, 0x6f, 0xf0,
    0x0, 0x0, 0x0, 0x6, 0xff, 0x0, 0x0, 0x0,
    0x0, 0x6f, 0xf0, 0x0, 0x0, 0x0, 0x6, 0xff,
    0x0, 0x0, 0x0, 0x0, 0x6f, 0xf0, 0x0, 0x0,
    0x0, 0x6, 0xff, 0x0, 0x0, 0x0, 0x0, 0x6f,
    0xf0, 0x0, 0x0, 0x0, 0x6, 0xff, 0x0, 0x0,
    0x0, 0x0, 0x6f, 0xf2, 0x22, 0x22, 0x22, 0x6,
    0xff, 0xff, 0xff, 0xff, 0xf6, 0x6f, 0xff, 0xff,
    0xff, 0xff, 0x60,

    /* U+004D "M" */
    0x6f, 0xff, 0xf3, 0x0, 0x0, 0x0, 0xff, 0xff,
    0xa6, 0xff, 0xef, 0x70, 0x0, 0x0, 0x3f, 0xfe,
    0xfa, 0x6f, 0xe8, 0xfb, 0x0, 0x0, 0x7, 0xfb,
    0xbf, 0xa6, 0xfe, 0x4f, 0xf0, 0x0, 0x0, 0xbf,
    0x7b, 0xfa, 0x6f, 0xe0, 0xff, 0x30, 0x0, 0xf,
    0xf3, 0xbf, 0xa6, 0xfe, 0xc, 0xf7, 0x0, 0x3,
    0xff, 0xb, 0xfa, 0x6f, 0xe0, 0x8f, 0xb0, 0x0,
    0x7f, 0xb0, 0xbf, 0xa6, 0xfe, 0x4, 0xff, 0x0,
    0xb, 0xf7, 0xb, 0xfa, 0x6f, 0xe0, 0xf, 0xf3,
    0x0, 0xff, 0x30, 0xbf, 0xa6, 0xfe, 0x0, 0xcf,
    0x70, 0x3f, 0xf0, 0xb, 0xfa, 0x6f, 0xe0, 0x8,
    0xfb, 0x7, 0xfb, 0x0, 0xbf, 0xa6, 0xfe, 0x0,
    0x4f, 0xf0, 0xbf, 0x70, 0xb, 0xfa, 0x6f, 0xe0,
    0x0, 0xff, 0x3f, 0xf3, 0x0, 0xbf, 0xa6, 0xfe,
    0x0, 0xc, 0xfc, 0xff, 0x0, 0xb, 0xfa, 0x6f,
    0xe0, 0x0, 0x8f, 0xff, 0xb0, 0x0, 0xbf, 0xa0,

    /* U+004E "N" */
    0x6f, 0xff, 0xf5, 0x0, 0x4, 0xff, 0x16, 0xff,
    0xdf, 0xa0, 0x0, 0x4f, 0xf1, 0x6f, 0xf6, 0xff,
    0x0, 0x4, 0xff, 0x16, 0xff, 0x1f, 0xf4, 0x0,
    0x4f, 0xf1, 0x6f, 0xf0, 0xcf, 0x90, 0x4, 0xff,
    0x16, 0xff, 0x7, 0xfe, 0x0, 0x4f, 0xf1, 0x6f,
    0xf0, 0x2f, 0xf3, 0x4, 0xff, 0x16, 0xff, 0x0,
    0xdf, 0x80, 0x4f, 0xf1, 0x6f, 0xf0, 0x8, 0xfd,
    0x4, 0xff, 0x16, 0xff, 0x0, 0x3f, 0xf2, 0x4f,
    0xf1, 0x6f, 0xf0, 0x0, 0xef, 0x74, 0xff, 0x16,
    0xff, 0x0, 0x9, 0xfc, 0x4f, 0xf1, 0x6f, 0xf0,
    0x0, 0x4f, 0xf5, 0xff, 0x16, 0xff, 0x0, 0x0,
    0xff, 0xdf, 0xf1, 0x6f, 0xf0, 0x0, 0xa, 0xff,
    0xff, 0x10,

    /* U+004F "O" */
    0x0, 0x7, 0xcf, 0xfe, 0xb6, 0x0, 0x0, 0x2e,
    0xff, 0xff, 0xff, 0xfc, 0x10, 0xe, 0xff, 0x83,
    0x24, 0xaf, 0xfb, 0x6, 0xff, 0x50, 0x0, 0x0,
    0x8f, 0xf3, 0xaf, 0xd0, 0x0, 0x0, 0x0, 0xff,
    0x7c, 0xfa, 0x0, 0x0, 0x0, 0xd, 0xf9, 0xcf,
    0x90, 0x0, 0x0, 0x0, 0xcf, 0x9c, 0xf9, 0x0,
    0x0, 0x0, 0xc, 0xf9, 0xcf, 0x90, 0x0, 0x0,
    0x0, 0xcf, 0x9c, 0xfa, 0x0, 0x0, 0x0, 0xd,
    0xf9, 0xaf, 0xd0, 0x0, 0x0, 0x0, 0xff, 0x76,
    0xff, 0x50, 0x0, 0x0, 0x8f, 0xf3, 0xe, 0xff,
    0x83, 0x24, 0xaf, 0xfb, 0x0, 0x3e, 0xff, 0xff,
    0xff, 0xfc, 0x10, 0x0, 0x17, 0xcf, 0xfe, 0xb6,
    0x0, 0x0,

    /* U+0050 "P" */
    0x6f, 0xff, 0xff, 0xfe, 0xb4, 0x0, 0x6f, 0xff,
    0xff, 0xff, 0xff, 0x70, 0x6f, 0xf2, 0x22, 0x24,
    0xcf, 0xf2, 0x6f, 0xf0, 0x0, 0x0, 0x1f, 0xf7,
    0x6f, 0xf0, 0x0, 0x0, 0xc, 0xf9, 0x6f, 0xf0,
    0x0, 0x0, 0xe, 0xf8, 0x6f, 0xf0, 0x0, 0x2,
    0xbf, 0xf3, 0x6f, 0xff, 0xff, 0xff, 0xff, 0x90,
    0x6f, 0xff, 0xff, 0xff, 0xd6, 0x0, 0x6f, 0xf2,
    0x22, 0x21, 0x0, 0x0, 0x6f, 0xf0, 0x0, 0x0,
    0x0, 0x0, 0x6f, 0xf0, 0x0, 0x0, 0x0, 0x0,
    0x6f, 0xf0, 0x0, 0x0, 0x0, 0x0, 0x6f, 0xf0,
    0x0, 0x0, 0x0, 0x0, 0x6f, 0xf0, 0x0, 0x0,
    0x0, 0x0,

    /* U+0051 "Q" */
    0x0, 0x7, 0xce, 0xfe, 0xb5, 0x0, 0x0, 0x2d,
    0xff, 0xff, 0xff, 0xfb, 0x0, 0xd, 0xff, 0x83,
    0x13, 0xaf, 0xfa, 0x5, 0xff, 0x60, 0x0, 0x0,
    0x9f, 0xf2, 0xaf, 0xd0, 0x0, 0x0, 0x1, 0xff,
    0x6c, 0xfa, 0x0, 0x0, 0x0, 0xd, 0xf8, 0xcf,
    0x90, 0x0, 0x0, 0x0, 0xcf, 0x9c, 0xf9, 0x0,
    0x0, 0x0, 0xc, 0xf9, 0xcf, 0x90, 0x0, 0x0,
    0x0, 0xcf, 0x9c, 0xf9, 0x0, 0x0, 0x0, 0xc,
    0xf9, 0xbf, 0xb0, 0x0, 0x0, 0x0, 0xef, 0x88,
    0xfe, 0x10, 0x0, 0x0, 0x3f, 0xf5, 0x3f, 0xfa,
    0x0, 0x0, 0xc, 0xff, 0x0, 0x9f, 0xfd, 0x87,
    0x9e, 0xff, 0x60, 0x0, 0x8f, 0xff, 0xff, 0xff,
    0x60, 0x0, 0x0, 0x16, 0xef, 0xc5, 0x0, 0x0,
    0x0, 0x0, 0xc, 0xf9, 0x0, 0x0, 0x0, 0x0,
    0x0, 0xaf, 0xfd, 0x70, 0x0, 0x0, 0x0, 0x2,
    0xcf, 0xf8, 0x0, 0x0,

    /* U+0052 "R" */
    0x6f, 0xff, 0xff, 0xff, 0xd8, 0x0, 0x6f, 0xff,
    0xff, 0xff, 0xff, 0xd1, 0x6f, 0xf2, 0x22, 0x23,
    0x9f, 0xf9, 0x6f, 0xf0, 0x0, 0x0, 0xb, 0xfd,
    0x6f, 0xf0, 0x0, 0x0, 0x8, 0xfd, 0x6f, 0xf0,
    0x0, 0x0, 0xb, 0xfa, 0x6f, 0xf2, 0x22, 0x23,
    0x9f, 0xe2, 0x6f, 0xff, 0xff, 0xff, 0xfb, 0x10,
    0x6f, 0xff, 0xff, 0xff, 0xff, 0xb0, 0x6f, 0xf0,
    0x0, 0x0, 0x5f, 0xf4, 0x6f, 0xf0, 0x0, 0x0,
    0xf, 0xf5, 0x6f, 0xf0, 0x0, 0x0, 0xf, 0xf5,
    0x6f, 0xf0, 0x0, 0x0, 0xf, 0xf5, 0x6f, 0xf0,
    0x0, 0x0, 0xf, 0xf5, 0x6f, 0xf0, 0x0, 0x0,
    0xf, 0xf5,

    /* U+0053 "S" */
    0x0, 0x5, 0xbe, 0xfe, 0xc6, 0x0, 0x0, 0xb,
    0xff, 0xff, 0xff, 0xfd, 0x10, 0x6, 0xff, 0x93,
    0x12, 0x7f, 0xfa, 0x0, 0xbf, 0xc0, 0x0, 0x0,
    0x7f, 0xf0, 0xb, 0xfb, 0x0, 0x0, 0x3, 0xff,
    0x20, 0x7f, 0xf6, 0x0, 0x0, 0x15, 0x50, 0x0,
    0xbf, 0xff, 0xb7, 0x30, 0x0, 0x0, 0x0, 0x5b,
    0xff, 0xff, 0xe7, 0x0, 0x0, 0x0, 0x0, 0x48,
    0xdf, 0xfb, 0x0, 0x99, 0x20, 0x0, 0x0, 0x6f,
    0xf4, 0xf, 0xf5, 0x0, 0x0, 0x0, 0xef, 0x70,
    0xdf, 0xb0, 0x0, 0x0, 0x1f, 0xf6, 0x6, 0xff,
    0xa3, 0x11, 0x5d, 0xff, 0x10, 0x9, 0xff, 0xff,
    0xff, 0xff, 0x40, 0x0, 0x4, 0xae, 0xff, 0xd9,
    0x20, 0x0,

    /* U+0054 "T" */
    0x7f, 0xff, 0xff, 0xff, 0xff, 0xff, 0x67, 0xff,
    0xff, 0xff, 0xff, 0xff, 0xf6, 0x2, 0x22, 0x2c,
    0xfb, 0x22, 0x22, 0x0, 0x0, 0x0, 0xbf, 0xa0,
    0x0, 0x0, 0x0, 0x0, 0xb, 0xfa, 0x0, 0x0,
    0x0, 0x0, 0x0, 0xbf, 0xa0, 0x0, 0x0, 0x0,
    0x0, 0xb, 0xfa, 0x0, 0x0, 0x0, 0x0, 0x0,
    0xbf, 0xa0, 0x0, 0x0, 0x0, 0x0, 0xb, 0xfa,
    0x0, 0x0, 0x0, 0x0, 0x0, 0xbf, 0xa0, 0x0,
    0x0, 0x0, 0x0, 0xb, 0xfa, 0x0, 0x0, 0x0,
    0x0, 0x0, 0xbf, 0xa0, 0x0, 0x0, 0x0, 0x0,
    0xb, 0xfa, 0x0, 0x0, 0x0, 0x0, 0x0, 0xbf,
    0xa0, 0x0, 0x0, 0x0, 0x0, 0xb, 0xfa, 0x0,
    0x0, 0x0,

    /* U+0055 "U" */
    0x8f, 0xe0, 0x0, 0x0, 0x2, 0xff, 0x38, 0xfe,
    0x0, 0x0, 0x0, 0x2f, 0xf3, 0x8f, 0xe0, 0x0,
    0x0, 0x2, 0xff, 0x38, 0xfe, 0x0, 0x0, 0x0,
    0x2f, 0xf3, 0x8f, 0xe0, 0x0, 0x0, 0x2, 0xff,
    0x38, 0xfe, 0x0, 0x0, 0x0, 0x2f, 0xf3, 0x8f,
    0xe0, 0x0, 0x0, 0x2, 0xff, 0x38, 0xfe, 0x0,
    0x0, 0x0, 0x2f, 0xf3, 0x8f, 0xe0, 0x0, 0x0,
    0x2, 0xff, 0x37, 0xfe, 0x0, 0x0, 0x0, 0x2f,
    0xf3, 0x6f, 0xf0, 0x0, 0x0, 0x4, 0xff, 0x23,
    0xff, 0x60, 0x0, 0x0, 0xaf, 0xe0, 0xc, 0xff,
    0x83, 0x24, 0xaf, 0xf8, 0x0, 0x2d, 0xff, 0xff,
    0xff, 0xfa, 0x0, 0x0, 0x7, 0xcf, 0xfe, 0xb5,
    0x0, 0x0,

    /* U+0056 "V" */
    0x6f, 0xf1, 0x0, 0x0, 0x0, 0x7f, 0xf0, 0x1f,
    0xf5, 0x0, 0x0, 0x0, 0xbf, 0xb0, 0xc, 0xf9,
    0x0, 0x0, 0x0, 0xff, 0x60, 0x8, 0xfe, 0x0,
    0x0, 0x4, 0xff, 0x20, 0x3, 0xff, 0x20, 0x0,
    0x9, 0xfd, 0x0, 0x0, 0xef, 0x70, 0x0, 0xd,
    0xf9, 0x0, 0x0, 0xaf, 0xb0, 0x0, 0x1f, 0xf4,
    0x0, 0x0, 0x6f, 0xf0, 0x0, 0x6f, 0xf0, 0x0,
    0x0, 0x1f, 0xf4, 0x0, 0xaf, 0xb0, 0x0, 0x0,
    0xd, 0xf8, 0x0, 0xef, 0x60, 0x0, 0x0, 0x8,
    0xfd, 0x3, 0xff, 0x20, 0x0, 0x0, 0x3, 0xff,
    0x17, 0xfd, 0x0, 0x0, 0x0, 0x0, 0xff, 0x6c,
    0xf9, 0x0, 0x0, 0x0, 0x0, 0xaf, 0xcf, 0xf4,
    0x0, 0x0, 0x0, 0x0, 0x6f, 0xff, 0xf0, 0x0,
    0x0,

    /* U+0057 "W" */
    0x2f, 0xf2, 0x0, 0x6, 0xff, 0xfe, 0x0, 0x0,
    0xaf, 0xb0, 0xff, 0x50, 0x0, 0x9f, 0xbf, 0xf1,
    0x0, 0xd, 0xf8, 0xe, 0xf7, 0x0, 0xc, 0xf5,
    0xef, 0x40, 0x0, 0xff, 0x60, 0xbf, 0x90, 0x0,
    0xff, 0x3b, 0xf7, 0x0, 0x1f, 0xf3, 0x9, 0xfb,
    0x0, 0x2f, 0xf0, 0x8f, 0xa0, 0x3, 0xff, 0x10,
    0x6f, 0xd0, 0x4, 0xfd, 0x5, 0xfd, 0x0, 0x5f,
    0xe0, 0x4, 0xff, 0x0, 0x7f, 0xa0, 0x2f, 0xf0,
    0x7, 0xfc, 0x0, 0x2f, 0xf2, 0xa, 0xf7, 0x0,
    0xff, 0x20, 0xaf, 0xa0, 0x0, 0xff, 0x40, 0xdf,
    0x40, 0xd, 0xf5, 0xc, 0xf7, 0x0, 0xd, 0xf6,
    0xf, 0xf2, 0x0, 0xaf, 0x80, 0xef, 0x50, 0x0,
    0xbf, 0x83, 0xff, 0x0, 0x7, 0xfb, 0xf, 0xf2,
    0x0, 0x8, 0xfa, 0x5f, 0xc0, 0x0, 0x4f, 0xe2,
    0xff, 0x0, 0x0, 0x6f, 0xd8, 0xf9, 0x0, 0x1,
    0xff, 0x5f, 0xe0, 0x0, 0x3, 0xff, 0xdf, 0x60,
    0x0, 0xe, 0xfd, 0xfb, 0x0, 0x0, 0x1f, 0xff,
    0xf4, 0x0, 0x0, 0xbf, 0xff, 0x90, 0x0,

    /* U+0058 "X" */
    0x1e, 0xfb, 0x0, 0x0, 0x0, 0x9f, 0xf2, 0x6,
    0xff, 0x40, 0x0, 0x3, 0xff, 0x70, 0x0, 0xcf,
    0xd0, 0x0, 0xc, 0xfd, 0x0, 0x0, 0x2f, 0xf8,
    0x0, 0x7f, 0xf3, 0x0, 0x0, 0x7, 0xff, 0x21,
    0xff, 0x90, 0x0, 0x0, 0x0, 0xdf, 0xcb, 0xfe,
    0x0, 0x0, 0x0, 0x0, 0x3f, 0xff, 0xf5, 0x0,
    0x0, 0x0, 0x0, 0xd, 0xff, 0xe0, 0x0, 0x0,
    0x0, 0x0, 0x6f, 0xff, 0xf7, 0x0, 0x0, 0x0,
    0x1, 0xef, 0x97, 0xff, 0x20, 0x0, 0x0, 0x9,
    0xfe, 0x0, 0xdf, 0xb0, 0x0, 0x0, 0x3f, 0xf6,
    0x0, 0x4f, 0xf5, 0x0, 0x0, 0xdf, 0xc0, 0x0,
    0xb, 0xfe, 0x0, 0x7, 0xff, 0x30, 0x0, 0x2,
    0xff, 0x90, 0x2f, 0xf9, 0x0, 0x0, 0x0, 0x8f,
    0xf3,

    /* U+0059 "Y" */
    0x7f, 0xf3, 0x0, 0x0, 0x0, 0xaf, 0xf1, 0xe,
    0xfb, 0x0, 0x0, 0x3, 0xff, 0x70, 0x5, 0xff,
    0x40, 0x0, 0xb, 0xfe, 0x0, 0x0, 0xcf, 0xd0,
    0x0, 0x4f, 0xf5, 0x0, 0x0, 0x3f, 0xf6, 0x0,
    0xdf, 0xc0, 0x0, 0x0, 0xa, 0xfe, 0x6, 0xff,
    0x30, 0x0, 0x0, 0x2, 0xff, 0x9e, 0xfa, 0x0,
    0x0, 0x0, 0x0, 0x8f, 0xff, 0xf2, 0x0, 0x0,
    0x0, 0x0, 0xe, 0xff, 0x80, 0x0, 0x0, 0x0,
    0x0, 0x7, 0xff, 0x0, 0x0, 0x0, 0x0, 0x0,
    0x6, 0xff, 0x0, 0x0, 0x0, 0x0, 0x0, 0x6,
    0xff, 0x0, 0x0, 0x0, 0x0, 0x0, 0x6, 0xff,
    0x0, 0x0, 0x0, 0x0, 0x0, 0x6, 0xff, 0x0,
    0x0, 0x0, 0x0, 0x0, 0x6, 0xff, 0x0, 0x0,
    0x0,

    /* U+005A "Z" */
    0xbf, 0xff, 0xff, 0xff, 0xff, 0x9b, 0xff, 0xff,
    0xff, 0xff, 0xf9, 0x11, 0x11, 0x11, 0x12, 0xff,
    0x90, 0x0, 0x0, 0x0, 0xbf, 0xf3, 0x0, 0x0,
    0x0, 0x9f, 0xf5, 0x0, 0x0, 0x0, 0x7f, 0xf8,
    0x0, 0x0, 0x0, 0x5f, 0xfa, 0x0, 0x0, 0x0,
    0x3f, 0xfc, 0x0, 0x0, 0x0, 0x1e, 0xfe, 0x10,
    0x0, 0x0, 0xc, 0xff, 0x20, 0x0, 0x0, 0xa,
    0xff, 0x40, 0x0, 0x0, 0x8, 0xff, 0x60, 0x0,
    0x0, 0x0, 0xff, 0xb1, 0x11, 0x11, 0x11, 0x1f,
    0xff, 0xff, 0xff, 0xff, 0xfb, 0xff, 0xff, 0xff,
    0xff, 0xff, 0xb0,

    /* U+005B "[" */
    0x7, 0xde, 0xee, 0x33, 0xff, 0xff, 0xf3, 0x5f,
    0xe0, 0x0, 0x5, 0xfe, 0x0, 0x0, 0x5f, 0xe0,
    0x0, 0x5, 0xfe, 0x0, 0x0, 0x5f, 0xe0, 0x0,
    0x5, 0xfe, 0x0, 0x0, 0x5f, 0xe0, 0x0, 0x5,
    0xfe, 0x0, 0x0, 0x5f, 0xe0, 0x0, 0x5, 0xfe,
    0x0, 0x0, 0x5f, 0xe0, 0x0, 0x5, 0xfe, 0x0,
    0x0, 0x5f, 0xe0, 0x0, 0x5, 0xfe, 0x0, 0x0,
    0x5f, 0xe0, 0x0, 0x5, 0xfe, 0x0, 0x0, 0x5f,
    0xe0, 0x0, 0x5, 0xfe, 0x0, 0x0, 0x3f, 0xff,
    0xee, 0x30, 0x9f, 0xff, 0xf3,

    /* U+005C "\\" */
    0x1f, 0xf3, 0x0, 0x0, 0x0, 0xb, 0xf9, 0x0,
    0x0, 0x0, 0x5, 0xfe, 0x0, 0x0, 0x0, 0x0,
    0xff, 0x40, 0x0, 0x0, 0x0, 0xbf, 0x90, 0x0,
    0x0, 0x0, 0x5f, 0xe0, 0x0, 0x0, 0x0, 0xf,
    0xf4, 0x0, 0x0, 0x0, 0xa, 0xf9, 0x0, 0x0,
    0x0, 0x5, 0xfe, 0x0, 0x0, 0x0, 0x0, 0xff,
    0x40, 0x0, 0x0, 0x0, 0xaf, 0xa0, 0x0, 0x0,
    0x0, 0x4f, 0xf0, 0x0, 0x0, 0x0, 0xe, 0xf5,
    0x0, 0x0, 0x0, 0x9, 0xfa, 0x0, 0x0, 0x0,
    0x4, 0xff, 0x0, 0x0, 0x0, 0x0, 0xef, 0x50,
    0x0, 0x0, 0x0, 0x9f, 0xa0, 0x0, 0x0, 0x0,
    0x4f, 0xf0, 0x0, 0x0, 0x0, 0xe, 0xf5,

    /* U+005D "]" */
    0x9e, 0xee, 0xc3, 0xaf, 0xff, 0xfd, 0x0, 0x5,
    0xff, 0x0, 0x3, 0xff, 0x0, 0x3, 0xff, 0x0,
    0x3, 0xff, 0x0, 0x3, 0xff, 0x0, 0x3, 0xff,
    0x0, 0x3, 0xff, 0x0, 0x3, 0xff, 0x0, 0x3,
    0xff, 0x0, 0x3, 0xff, 0x0, 0x3, 0xff, 0x0,
    0x3, 0xff, 0x0, 0x3, 0xff, 0x0, 0x3, 0xff,
    0x0, 0x3, 0xff, 0x0, 0x3, 0xff, 0x0, 0x3,
    0xff, 0x0, 0x4, 0xff, 0x9e, 0xef, 0xfd, 0xaf,
    0xff, 0xe4,

    /* U+005E "^" */
    0x0, 0x0, 0x22, 0x21, 0x0, 0x0, 0x0, 0x4,
    0xff, 0xfd, 0x0, 0x0, 0x0, 0xd, 0xf9, 0xdf,
    0x80, 0x0, 0x0, 0x7f, 0xe1, 0x5f, 0xf2, 0x0,
    0x1, 0xff, 0x70, 0xc, 0xfb, 0x0, 0xa, 0xfd,
    0x0, 0x3, 0xff, 0x40, 0x2c, 0xd5, 0x0, 0x0,
    0x9d, 0xa0,

    /* U+005F "_" */
    0x0, 0x0, 0x0, 0x0, 0x0, 0x0, 0x7f, 0xff,
    0xff, 0xff, 0xff, 0xf1, 0x7f, 0xff, 0xff, 0xff,
    0xff, 0xf1,

    /* U+0060 "`" */
    0x11, 0x0, 0x8, 0xfe, 0x0, 0xc, 0xf7, 0x0,
    0x2f, 0xf1,

    /* U+0061 "a" */
    0x0, 0x6, 0xcf, 0xfd, 0x70, 0x0, 0x0, 0xb,
    0xff, 0xfe, 0xff, 0xc0, 0x0, 0x6, 0xff, 0x40,
    0x3, 0xff, 0x50, 0x0, 0x4, 0x40, 0x0, 0xa,
    0xf9, 0x0, 0x0, 0x17, 0xab, 0xbb, 0xef, 0x90,
    0x0, 0x4f, 0xff, 0xff, 0xff, 0xfa, 0x0, 0xd,
    0xfb, 0x10, 0x0, 0xaf, 0xa0, 0x0, 0xff, 0x40,
    0x0, 0xd, 0xfa, 0x0, 0xe, 0xfa, 0x0, 0x1a,
    0xff, 0xa0, 0x0, 0x6f, 0xff, 0xef, 0xf7, 0xff,
    0xd2, 0x0, 0x5c, 0xff, 0xc4, 0xa, 0xff, 0x20,

    /* U+0062 "b" */
    0x5f, 0xf0, 0x0, 0x0, 0x0, 0x0, 0x5f, 0xf0,
    0x0, 0x0, 0x0, 0x0, 0x5f, 0xf0, 0x0, 0x0,
    0x0, 0x0, 0x5f, 0xf0, 0x0, 0x0, 0x0, 0x0,
    0x5f, 0xf1, 0x8d, 0xfe, 0xb4, 0x0, 0x5f, 0xfd,
    0xff, 0xff, 0xff, 0x70, 0x5f, 0xff, 0x71, 0x3,
    0xcf, 0xf3, 0x5f, 0xf7, 0x0, 0x0, 0xd, 0xfa,
    0x5f, 0xf1, 0x0, 0x0, 0x7, 0xfd, 0x5f, 0xf0,
    0x0, 0x0, 0x5, 0xff, 0x5f, 0xf1, 0x0, 0x0,
    0x7, 0xfd, 0x5f, 0xf7, 0x0, 0x0, 0xd, 0xfa,
    0x5f, 0xff, 0x71, 0x2, 0xbf, 0xf3, 0x5f, 0xe6,
    0xff, 0xff, 0xff, 0x70, 0x5f, 0xe0, 0x5c, 0xfe,
    0xb4, 0x0,

    /* U+0063 "c" */
    0x0, 0x29, 0xdf, 0xeb, 0x50, 0x0, 0x4, 0xff,
    0xff, 0xff, 0xfa, 0x0, 0x1f, 0xfc, 0x40, 0x17,
    0xff, 0x60, 0x8f, 0xe1, 0x0, 0x0, 0x8f, 0xd0,
    0xcf, 0x80, 0x0, 0x0, 0x25, 0x20, 0xdf, 0x60,
    0x0, 0x0, 0x0, 0x0, 0xcf, 0x80, 0x0, 0x0,
    0x15, 0x10, 0x8f, 0xe1, 0x0, 0x0, 0x7f, 0xe0,
    0x2f, 0xfc, 0x30, 0x17, 0xff, 0x70, 0x5, 0xff,
    0xff, 0xff, 0xfa, 0x0, 0x0, 0x29, 0xdf, 0xec,
    0x50, 0x0,

    /* U+0064 "d" */
    0x0, 0x0, 0x0, 0x0, 0xd, 0xf7, 0x0, 0x0,
    0x0, 0x0, 0xd, 0xf7, 0x0, 0x0, 0x0, 0x0,
    0xd, 0xf7, 0x0, 0x0, 0x0, 0x0, 0xd, 0xf7,
    0x0, 0x3a, 0xef, 0xe9, 0x1d, 0xf7, 0x6, 0xff,
    0xff, 0xff, 0xef, 0xf7, 0x2f, 0xfc, 0x30, 0x16,
    0xff, 0xf7, 0x8f, 0xe1, 0x0, 0x0, 0x5f, 0xf7,
    0xcf, 0x90, 0x0, 0x0, 0xf, 0xf7, 0xdf, 0x70,
    0x0, 0x0, 0xd, 0xf7, 0xcf, 0x90, 0x0, 0x0,
    0xf, 0xf7, 0x9f, 0xe0, 0x0, 0x0, 0x5f, 0xf7,
    0x2f, 0xfc, 0x30, 0x16, 0xff, 0xf7, 0x6, 0xff,
    0xff, 0xff, 0x7c, 0xf7, 0x0, 0x3b, 0xef, 0xd6,
    0xc, 0xf7,

    /* U+0065 "e" */
    0x0, 0x29, 0xef, 0xea, 0x30, 0x0, 0x5f, 0xff,
    0xff, 0xff, 0x50, 0x2f, 0xfa, 0x20, 0x19, 0xff,
    0x28, 0xfc, 0x0, 0x0, 0xc, 0xf8, 0xcf, 0xdb,
    0xbb, 0xbb, 0xdf, 0xbd, 0xff, 0xff, 0xff, 0xff,
    0xfc, 0xcf, 0x80, 0x0, 0x0, 0x0, 0x8, 0xfd,
    0x0, 0x0, 0x7, 0x50, 0x2f, 0xfb, 0x20, 0x7,
    0xff, 0x30, 0x5f, 0xff, 0xff, 0xff, 0x70, 0x0,
    0x29, 0xef, 0xeb, 0x40, 0x0,

    /* U+0066 "f" */
    0x0, 0x0, 0x9f, 0xff, 0x90, 0x0, 0x4, 0xff,
    0xee, 0x80, 0x0, 0x6, 0xfe, 0x0, 0x0, 0x0,
    0x6, 0xfe, 0x0, 0x0, 0x6f, 0xff, 0xff, 0xff,
    0xf0, 0x5e, 0xee, 0xff, 0xee, 0xe0, 0x0, 0x6,
    0xfe, 0x0, 0x0, 0x0, 0x6, 0xfe, 0x0, 0x0,
    0x0, 0x6, 0xfe, 0x0, 0x0, 0x0, 0x6, 0xfe,
    0x0, 0x0, 0x0, 0x6, 0xfe, 0x0, 0x0, 0x0,
    0x6, 0xfe, 0x0, 0x0, 0x0, 0x6, 0xfe, 0x0,
    0x0, 0x0, 0x6, 0xfe, 0x0, 0x0, 0x0, 0x6,
    0xfe, 0x0, 0x0,

    /* U+0067 "g" */
    0x0, 0x3a, 0xef, 0xd8, 0xc, 0xf6, 0x6, 0xff,
    0xff, 0xff, 0xce, 0xf6, 0x2f, 0xfc, 0x30, 0x16,
    0xff, 0xf6, 0x8f, 0xe1, 0x0, 0x0, 0x5f, 0xf6,
    0xcf, 0x90, 0x0, 0x0, 0xf, 0xf6, 0xdf, 0x70,
    0x0, 0x0, 0xd, 0xf6, 0xcf, 0x90, 0x0, 0x0,
    0xf, 0xf6, 0x9f, 0xe0, 0x0, 0x0, 0x5f, 0xf6,
    0x2f, 0xfc, 0x30, 0x16, 0xff, 0xf6, 0x6, 0xff,
    0xff, 0xff, 0x7d, 0xf6, 0x0, 0x3b, 0xef, 0xd6,
    0xd, 0xf6, 0x0, 0x0, 0x0, 0x0, 0xd, 0xf6,
    0x0, 0x0, 0x0, 0x0, 0xe, 0xf6, 0x1, 0xff,
    0xff, 0xff, 0xff, 0xf4, 0x1, 0xff, 0xff, 0xff,
    0xff, 0x90,

    /* U+0068 "h" */
    0x5f, 0xf0, 0x0, 0x0, 0x0, 0x5, 0xff, 0x0,
    0x0, 0x0, 0x0, 0x5f, 0xf0, 0x0, 0x0, 0x0,
    0x5, 0xff, 0x0, 0x0, 0x0, 0x0, 0x5f, 0xf0,
    0x7d, 0xfe, 0x91, 0x5, 0xff, 0x9f, 0xff, 0xff,
    0xd0, 0x5f, 0xff, 0x50, 0x5, 0xff, 0x85, 0xff,
    0x60, 0x0, 0x8, 0xfd, 0x5f, 0xf1, 0x0, 0x0,
    0x5f, 0xf5, 0xff, 0x0, 0x0, 0x5, 0xff, 0x5f,
    0xf0, 0x0, 0x0, 0x5f, 0xf5, 0xff, 0x0, 0x0,
    0x5, 0xff, 0x5f, 0xf0, 0x0, 0x0, 0x5f, 0xf5,
    0xff, 0x0, 0x0, 0x5, 0xff, 0x5f, 0xf0, 0x0,
    0x0, 0x5f, 0xf0,

    /* U+0069 "i" */
    0x5e, 0xc1, 0xbf, 0xf5, 0x5f, 0xd1, 0x0, 0x0,
    0x5f, 0xf0, 0x5f, 0xf0, 0x5f, 0xf0, 0x5f, 0xf0,
    0x5f, 0xf0, 0x5f, 0xf0, 0x5f, 0xf0, 0x5f, 0xf0,
    0x5f, 0xf0, 0x5f, 0xf0, 0x5f, 0xf0,

    /* U+006A "j" */
    0x0, 0x4e, 0xd1, 0x0, 0xaf, 0xf5, 0x0, 0x4f,
    0xd1, 0x0, 0x0, 0x0, 0x0, 0x4f, 0xf0, 0x0,
    0x4f, 0xf0, 0x0, 0x4f, 0xf0, 0x0, 0x4f, 0xf0,
    0x0, 0x4f, 0xf0, 0x0, 0x4f, 0xf0, 0x0, 0x4f,
    0xf0, 0x0, 0x4f, 0xf0, 0x0, 0x4f, 0xf0, 0x0,
    0x4f, 0xf0, 0x0, 0x4f, 0xf0, 0x0, 0x4f, 0xf0,
    0x0, 0x5f, 0xf0, 0x5f, 0xff, 0xd0, 0x6f, 0xfd,
    0x40,

    /* U+006B "k" */
    0x5f, 0xf0, 0x0, 0x0, 0x0, 0x5, 0xff, 0x0,
    0x0, 0x0, 0x0, 0x5f, 0xf0, 0x0, 0x0, 0x0,
    0x5, 0xff, 0x0, 0x0, 0x0, 0x0, 0x5f, 0xf0,
    0x0, 0xd, 0xfe, 0x25, 0xff, 0x0, 0xb, 0xff,
    0x30, 0x5f, 0xf0, 0x9, 0xff, 0x40, 0x5, 0xff,
    0x7, 0xff, 0x50, 0x0, 0x5f, 0xf5, 0xff, 0x60,
    0x0, 0x5, 0xff, 0xff, 0x80, 0x0, 0x0, 0x5f,
    0xff, 0xfa, 0x0, 0x0, 0x5, 0xff, 0x3e, 0xfc,
    0x10, 0x0, 0x5f, 0xf0, 0x2d, 0xfd, 0x10, 0x5,
    0xff, 0x0, 0x1c, 0xfe, 0x20, 0x5f, 0xf0, 0x0,
    0xb, 0xff, 0x40,

    /* U+006C "l" */
    0x5f, 0xf5, 0xff, 0x5f, 0xf5, 0xff, 0x5f, 0xf5,
    0xff, 0x5f, 0xf5, 0xff, 0x5f, 0xf5, 0xff, 0x5f,
    0xf5, 0xff, 0x5f, 0xf5, 0xff, 0x5f, 0xf0,

    /* U+006D "m" */
    0x5f, 0xe1, 0xae, 0xfb, 0x10, 0x5d, 0xfd, 0x70,
    0x5, 0xff, 0xcd, 0xcf, 0xfd, 0x5f, 0xcc, 0xff,
    0x90, 0x5f, 0xf9, 0x0, 0x2f, 0xff, 0x40, 0x6,
    0xff, 0x15, 0xff, 0x10, 0x0, 0xbf, 0xb0, 0x0,
    0xf, 0xf3, 0x5f, 0xf0, 0x0, 0xa, 0xf9, 0x0,
    0x0, 0xff, 0x45, 0xff, 0x0, 0x0, 0xaf, 0x90,
    0x0, 0xf, 0xf4, 0x5f, 0xf0, 0x0, 0xa, 0xf9,
    0x0, 0x0, 0xff, 0x45, 0xff, 0x0, 0x0, 0xaf,
    0x90, 0x0, 0xf, 0xf4, 0x5f, 0xf0, 0x0, 0xa,
    0xf9, 0x0, 0x0, 0xff, 0x45, 0xff, 0x0, 0x0,
    0xaf, 0x90, 0x0, 0xf, 0xf4, 0x5f, 0xf0, 0x0,
    0xa, 0xf9, 0x0, 0x0, 0xff, 0x40,

    /* U+006E "n" */
    0x5f, 0xe0, 0x8d, 0xfe, 0x91, 0x5, 0xfe, 0xbf,
    0xdc, 0xff, 0xd0, 0x5f, 0xfe, 0x30, 0x2, 0xef,
    0x85, 0xff, 0x50, 0x0, 0x7, 0xfd, 0x5f, 0xf0,
    0x0, 0x0, 0x5f, 0xf5, 0xff, 0x0, 0x0, 0x5,
    0xff, 0x5f, 0xf0, 0x0, 0x0, 0x5f, 0xf5, 0xff,
    0x0, 0x0, 0x5, 0xff, 0x5f, 0xf0, 0x0, 0x0,
    0x5f, 0xf5, 0xff, 0x0, 0x0, 0x5, 0xff, 0x5f,
    0xf0, 0x0, 0x0, 0x5f, 0xf0,

    /* U+006F "o" */
    0x0, 0x29, 0xdf, 0xeb, 0x60, 0x0, 0x4, 0xff,
    0xff, 0xff, 0xfb, 0x0, 0x2f, 0xfc, 0x30, 0x27,
    0xff, 0x90, 0x8f, 0xe0, 0x0, 0x0, 0x6f, 0xf1,
    0xcf, 0x80, 0x0, 0x0, 0xf, 0xf4, 0xdf, 0x60,
    0x0, 0x0, 0xe, 0xf6, 0xcf, 0x80, 0x0, 0x0,
    0xf, 0xf4, 0x8f, 0xe0, 0x0, 0x0, 0x6f, 0xf1,
    0x2f, 0xfc, 0x30, 0x17, 0xff, 0x90, 0x5, 0xff,
    0xff, 0xff, 0xfc, 0x0, 0x0, 0x29, 0xdf, 0xec,
    0x60, 0x0,

    /* U+0070 "p" */
    0x5f, 0xe1, 0x8d, 0xfe, 0xb4, 0x0, 0x5f, 0xfe,
    0xff, 0xff, 0xff, 0x70, 0x5f, 0xff, 0x71, 0x3,
    0xcf, 0xf3, 0x5f, 0xf7, 0x0, 0x0, 0xd, 0xfa,
    0x5f, 0xf1, 0x0, 0x0, 0x7, 0xfd, 0x5f, 0xf0,
    0x0, 0x0, 0x5, 0xff, 0x5f, 0xf1, 0x0, 0x0,
    0x7, 0xfd, 0x5f, 0xf6, 0x0, 0x0, 0xd, 0xfa,
    0x5f, 0xff, 0x71, 0x2, 0xbf, 0xf3, 0x5f, 0xf5,
    0xff, 0xff, 0xff, 0x70, 0x5f, 0xf0, 0x5c, 0xfe,
    0xb4, 0x0, 0x5f, 0xf0, 0x0, 0x0, 0x0, 0x0,
    0x5f, 0xf0, 0x0, 0x0, 0x0, 0x0, 0x5f, 0xf0,
    0x0, 0x0, 0x0, 0x0, 0x5f, 0xf0, 0x0, 0x0,
    0x0, 0x0,

    /* U+0071 "q" */
    0x0, 0x3b, 0xef, 0xe9, 0x1c, 0xf7, 0x6, 0xff,
    0xff, 0xff, 0xef, 0xf7, 0x2f, 0xfc, 0x30, 0x16,
    0xff, 0xf7, 0x9f, 0xe1, 0x0, 0x0, 0x5f, 0xf7,
    0xcf, 0x90, 0x0, 0x0, 0xf, 0xf7, 0xdf, 0x70,
    0x0, 0x0, 0xd, 0xf7, 0xcf, 0x90, 0x0, 0x0,
    0xf, 0xf7, 0x9f, 0xe0, 0x0, 0x0, 0x5f, 0xf7,
    0x2f, 0xfc, 0x30, 0x16, 0xff, 0xf7, 0x6, 0xff,
    0xff, 0xff, 0x7d, 0xf7, 0x0, 0x3b, 0xef, 0xd6,
    0xd, 0xf7, 0x0, 0x0, 0x0, 0x0, 0xd, 0xf7,
    0x0, 0x0, 0x0, 0x0, 0xd, 0xf7, 0x0, 0x0,
    0x0, 0x0, 0xd, 0xf7, 0x0, 0x0, 0x0, 0x0,
    0xd, 0xf7,

    /* U+0072 "r" */
    0x5f, 0xe3, 0xdf, 0xd5, 0xff, 0xef, 0xfc, 0x5f,
    0xfc, 0x20, 0x5, 0xff, 0x10, 0x0, 0x5f, 0xf0,
    0x0, 0x5, 0xff, 0x0, 0x0, 0x5f, 0xf0, 0x0,
    0x5, 0xff, 0x0, 0x0, 0x5f, 0xf0, 0x0, 0x5,
    0xff, 0x0, 0x0, 0x5f, 0xf0, 0x0, 0x0,

    /* U+0073 "s" */
    0x2, 0x9d, 0xfe, 0xb4, 0x0, 0x1e, 0xff, 0xdf,
    0xff, 0x50, 0x7f, 0xd1, 0x0, 0x8f, 0xe0, 0x7f,
    0xd0, 0x0, 0x6, 0x20, 0x2f, 0xfd, 0x96, 0x20,
    0x0, 0x2, 0xbf, 0xff, 0xfd, 0x50, 0x0, 0x0,
    0x37, 0xbf, 0xf4, 0xae, 0x50, 0x0, 0xb, 0xf8,
    0xaf, 0xd2, 0x0, 0x1e, 0xf7, 0x1e, 0xff, 0xdd,
    0xff, 0xe1, 0x1, 0x7c, 0xef, 0xd8, 0x10,

    /* U+0074 "t" */
    0x0, 0x6, 0xfd, 0x0, 0x0, 0x0, 0x6, 0xfd,
    0x0, 0x0, 0x0, 0x6, 0xfd, 0x0, 0x0, 0x6f,
    0xff, 0xff, 0xff, 0xf1, 0x5e, 0xee, 0xff, 0xee,
    0xe1, 0x0, 0x6, 0xfd, 0x0, 0x0, 0x0, 0x6,
    0xfd, 0x0, 0x0, 0x0, 0x6, 0xfd, 0x0, 0x0,
    0x0, 0x6, 0xfd, 0x0, 0x0, 0x0, 0x6, 0xfd,
    0x0, 0x0, 0x0, 0x6, 0xfd, 0x0, 0x0, 0x0,
    0x6, 0xfe, 0x0, 0x0, 0x0, 0x4, 0xff, 0xee,
    0xa0, 0x0, 0x0, 0x9f, 0xff, 0xb0,

    /* U+0075 "u" */
    0x7f, 0xd0, 0x0, 0x0, 0x7f, 0xd7, 0xfd, 0x0,
    0x0, 0x7, 0xfd, 0x7f, 0xd0, 0x0, 0x0, 0x7f,
    0xd7, 0xfd, 0x0, 0x0, 0x7, 0xfd, 0x7f, 0xd0,
    0x0, 0x0, 0x7f, 0xd7, 0xfd, 0x0, 0x0, 0x7,
    0xfd, 0x6f, 0xd0, 0x0, 0x0, 0x9f, 0xd5, 0xff,
    0x0, 0x0, 0xe, 0xfd, 0x1f, 0xfa, 0x10, 0x1b,
    0xff, 0xd0, 0x7f, 0xff, 0xff, 0xf9, 0xfd, 0x0,
    0x5c, 0xfe, 0xb2, 0x6f, 0xd0,

    /* U+0076 "v" */
    0x4f, 0xf1, 0x0, 0x0, 0x1f, 0xf4, 0xf, 0xf6,
    0x0, 0x0, 0x6f, 0xe0, 0xa, 0xfb, 0x0, 0x0,
    0xbf, 0x90, 0x4, 0xff, 0x0, 0x0, 0xff, 0x40,
    0x0, 0xff, 0x40, 0x5, 0xfe, 0x0, 0x0, 0xaf,
    0x90, 0xa, 0xf9, 0x0, 0x0, 0x4f, 0xe0, 0xf,
    0xf4, 0x0, 0x0, 0xf, 0xf3, 0x4f, 0xe0, 0x0,
    0x0, 0xa, 0xf8, 0x9f, 0x90, 0x0, 0x0, 0x5,
    0xfe, 0xef, 0x40, 0x0, 0x0, 0x0, 0xff, 0xfe,
    0x0, 0x0,

    /* U+0077 "w" */
    0xef, 0x50, 0x3, 0xff, 0xfa, 0x0, 0xe, 0xf5,
    0xbf, 0x70, 0x6, 0xfc, 0xfd, 0x0, 0x1f, 0xf2,
    0x9f, 0xa0, 0x9, 0xf5, 0xef, 0x0, 0x3f, 0xf0,
    0x6f, 0xc0, 0xc, 0xf2, 0xbf, 0x40, 0x5f, 0xd0,
    0x3f, 0xe0, 0xf, 0xf0, 0x8f, 0x70, 0x8f, 0xa0,
    0x1f, 0xf1, 0x3f, 0xb0, 0x5f, 0xa0, 0xaf, 0x70,
    0xe, 0xf3, 0x6f, 0x80, 0x1f, 0xd0, 0xcf, 0x50,
    0xb, 0xf5, 0x9f, 0x50, 0xe, 0xf0, 0xef, 0x20,
    0x8, 0xf7, 0xcf, 0x20, 0xb, 0xf5, 0xff, 0x0,
    0x6, 0xfc, 0xff, 0x0, 0x8, 0xfc, 0xfc, 0x0,
    0x3, 0xff, 0xfc, 0x0, 0x5, 0xff, 0xfa, 0x0,

    /* U+0078 "x" */
    0xc, 0xfd, 0x0, 0x0, 0xc, 0xfc, 0x0, 0x1e,
    0xf8, 0x0, 0x8, 0xff, 0x20, 0x0, 0x5f, 0xf4,
    0x3, 0xff, 0x50, 0x0, 0x0, 0x9f, 0xe1, 0xdf,
    0x90, 0x0, 0x0, 0x0, 0xdf, 0xff, 0xd0, 0x0,
    0x0, 0x0, 0x4, 0xff, 0xf5, 0x0, 0x0, 0x0,
    0x0, 0xdf, 0xff, 0xd0, 0x0, 0x0, 0x0, 0x9f,
    0xe2, 0xef, 0xa0, 0x0, 0x0, 0x5f, 0xf4, 0x3,
    0xff, 0x60, 0x0, 0x2f, 0xf8, 0x0, 0x8, 0xff,
    0x20, 0xd, 0xfc, 0x0, 0x0, 0xc, 0xfd, 0x0,

    /* U+0079 "y" */
    0x7f, 0xd0, 0x0, 0x0, 0x7f, 0xd7, 0xfd, 0x0,
    0x0, 0x7, 0xfd, 0x7f, 0xd0, 0x0, 0x0, 0x7f,
    0xd7, 0xfd, 0x0, 0x0, 0x7, 0xfd, 0x7f, 0xd0,
    0x0, 0x0, 0x7f, 0xd7, 0xfd, 0x0, 0x0, 0x7,
    0xfd, 0x6f, 0xd0, 0x0, 0x0, 0x9f, 0xd5, 0xff,
    0x0, 0x0, 0xe, 0xfd, 0x1f, 0xfa, 0x10, 0x1b,
    0xff, 0xd0, 0x7f, 0xff, 0xff, 0xf9, 0xfd, 0x0,
    0x5c, 0xfe, 0xb2, 0x6f, 0xd0, 0x0, 0x0, 0x0,
    0x6, 0xfd, 0x0, 0x0, 0x0, 0x0, 0x7f, 0xd0,
    0x1f, 0xff, 0xff, 0xff, 0xfb, 0x1, 0xff, 0xff,
    0xff, 0xfd, 0x20,

    /* U+007A "z" */
    0x8f, 0xff, 0xff, 0xff, 0xf1, 0x7e, 0xee, 0xee,
    0xef, 0xf1, 0x0, 0x0, 0x0, 0xaf, 0xf1, 0x0,
    0x0, 0xb, 0xff, 0x50, 0x0, 0x0, 0xcf, 0xf4,
    0x0, 0x0, 0x1c, 0xff, 0x40, 0x0, 0x1, 0xdf,
    0xe3, 0x0, 0x0, 0x2d, 0xfe, 0x20, 0x0, 0x0,
    0xbf, 0xe2, 0x0, 0x0, 0x0, 0xcf, 0xfe, 0xee,
    0xee, 0xe4, 0xcf, 0xff, 0xff, 0xff, 0xf4,

    /* U+007B "{" */
    0x0, 0x0, 0x4d, 0xee, 0xe7, 0x0, 0x0, 0xef,
    0xff, 0xf8, 0x0, 0x0, 0xff, 0x30, 0x0, 0x0,
    0x1, 0xff, 0x10, 0x0, 0x0, 0x1, 0xff, 0x10,
    0x0, 0x0, 0x1, 0xff, 0x10, 0x0, 0x0, 0x1,
    0xff, 0x10, 0x0, 0x0, 0x1, 0xff, 0x10, 0x0,
    0x0, 0x1, 0xff, 0x10, 0x0, 0x0, 0x4, 0xff,
    0x0, 0x0, 0x3f, 0xff, 0xe7, 0x0, 0x0, 0x3f,
    0xff, 0xc5, 0x0, 0x0, 0x2, 0x26, 0xff, 0x0,
    0x0, 0x0, 0x1, 0xff, 0x10, 0x0, 0x0, 0x1,
    0xff, 0x10, 0x0, 0x0, 0x1, 0xff, 0x10, 0x0,
    0x0, 0x1, 0xff, 0x10, 0x0, 0x0, 0x1, 0xff,
    0x10, 0x0, 0x0, 0x1, 0xff, 0x10, 0x0, 0x0,
    0x1, 0xff, 0x20, 0x0, 0x0, 0x0, 0xff, 0xfe,
    0xe7, 0x0, 0x0, 0x6e, 0xff, 0xf8,

    /* U+007C "|" */
    0x6f, 0xe6, 0xfe, 0x6f, 0xe6, 0xfe, 0x6f, 0xe6,
    0xfe, 0x6f, 0xe6, 0xfe, 0x6f, 0xe6, 0xfe, 0x6f,
    0xe6, 0xfe, 0x6f, 0xe6, 0xfe, 0x6f, 0xe6, 0xfe,
    0x6f, 0xe6, 0xfe, 0x6f, 0xe6, 0xfe, 0x6f, 0xe6,
    0xfe, 0x6f, 0xe0,

    /* U+007D "}" */
    0x9e, 0xee, 0xc3, 0x0, 0x0, 0xaf, 0xff, 0xfd,
    0x0, 0x0, 0x0, 0x5, 0xff, 0x0, 0x0, 0x0,
    0x3, 0xff, 0x0, 0x0, 0x0, 0x3, 0xff, 0x0,
    0x0, 0x0, 0x3, 0xff, 0x0, 0x0, 0x0, 0x3,
    0xff, 0x0, 0x0, 0x0, 0x3, 0xff, 0x0, 0x0,
    0x0, 0x3, 0xff, 0x0, 0x0, 0x0, 0x2, 0xff,
    0x20, 0x0, 0x0, 0x0, 0x8e, 0xff, 0xf1, 0x0,
    0x0, 0x6d, 0xff, 0xf1, 0x0, 0x2, 0xff, 0x42,
    0x20, 0x0, 0x3, 0xff, 0x0, 0x0, 0x0, 0x3,
    0xff, 0x0, 0x0, 0x0, 0x3, 0xff, 0x0, 0x0,
    0x0, 0x3, 0xff, 0x0, 0x0, 0x0, 0x3, 0xff,
    0x0, 0x0, 0x0, 0x3, 0xff, 0x0, 0x0, 0x0,
    0x4, 0xff, 0x0, 0x0, 0x9e, 0xef, 0xfd, 0x0,
    0x0, 0xaf, 0xff, 0xe4, 0x0, 0x0,

    /* U+007E "~" */
    0x0, 0x1a, 0xfc, 0x10, 0x1a, 0x60, 0x4, 0xef,
    0xff, 0xd7, 0xef, 0xe0, 0x5f, 0xfc, 0x8f, 0xff,
    0xfc, 0x10, 0xd, 0x90, 0x5, 0xee, 0x70, 0x0,
    0x0, 0x0, 0x0, 0x0, 0x0, 0x0,

    /* U+00A0 " " */

    /* U+00A1 "¡" */
    0x3e, 0xe4, 0xbf, 0xfc, 0x9f, 0xfa, 0x7, 0x70,
    0x18, 0x81, 0x2f, 0xf3, 0x2f, 0xf3, 0x2f, 0xf3,
    0x2f, 0xf3, 0x2f, 0xf3, 0x2f, 0xf3, 0x2f, 0xf3,
    0x2f, 0xf3, 0x2f, 0xf3, 0x2f, 0xf3,

    /* U+00A2 "¢" */
    0x0, 0x0, 0x2c, 0xa0, 0x0, 0x0, 0x0, 0x0,
    0x3f, 0xd0, 0x0, 0x0, 0x0, 0x1, 0x7f, 0xe3,
    0x0, 0x0, 0x0, 0x8f, 0xff, 0xff, 0xd3, 0x0,
    0xa, 0xff, 0xdf, 0xfe, 0xff, 0x20, 0x4f, 0xf6,
    0x3f, 0xd0, 0xcf, 0xa0, 0x9f, 0xc0, 0x3f, 0xd0,
    0x4e, 0xb0, 0xbf, 0x80, 0x3f, 0xd0, 0x0, 0x0,
    0xcf, 0x80, 0x3f, 0xd0, 0x0, 0x0, 0xaf, 0xa0,
    0x3f, 0xd0, 0x2a, 0x70, 0x5f, 0xf3, 0x3f, 0xd0,
    0x9f, 0xd0, 0xd, 0xff, 0x9f, 0xea, 0xff, 0x50,
    0x1, 0xdf, 0xff, 0xff, 0xf7, 0x0, 0x0, 0x5,
    0xbf, 0xf8, 0x20, 0x0, 0x0, 0x0, 0x3f, 0xd0,
    0x0, 0x0, 0x0, 0x0, 0x3f, 0xd0, 0x0, 0x0,

    /* U+00A3 "£" */
    0x0, 0x1, 0x9e, 0xfe, 0xb4, 0x0, 0x0, 0x2e,
    0xff, 0xff, 0xff, 0x70, 0x0, 0xbf, 0xe4, 0x12,
    0xbf, 0xf2, 0x0, 0xff, 0x50, 0x0, 0xe, 0xf7,
    0x2, 0xff, 0x20, 0x0, 0xb, 0xf8, 0x2, 0xff,
    0x20, 0x0, 0x9, 0xd7, 0x2, 0xff, 0x20, 0x0,
    0x0, 0x0, 0xbf, 0xff, 0xff, 0x90, 0x0, 0x0,
    0x9d, 0xff, 0xdd, 0x70, 0x0, 0x0, 0x2, 0xff,
    0x20, 0x0, 0x0, 0x0, 0x2, 0xff, 0x20, 0x0,
    0x0, 0x0, 0x2, 0xff, 0x20, 0x0, 0x0, 0x0,
    0x2, 0xff, 0x20, 0x0, 0x0, 0x0, 0xcf, 0xff,
    0xff, 0xff, 0xff, 0xfa, 0xcf, 0xff, 0xff, 0xff,
    0xff, 0xfa,

    /* U+00A4 "¤" */
    0x0, 0x10, 0x0, 0x0, 0x0, 0x1, 0x0, 0x6f,
    0x45, 0xce, 0xda, 0x28, 0xe2, 0xa, 0xff, 0xff,
    0xff, 0xff, 0xff, 0x40, 0xe, 0xfd, 0x40, 0x17,
    0xff, 0x80, 0x4, 0xfe, 0x10, 0x0, 0x5, 0xfd,
    0x0, 0x8f, 0x70, 0x0, 0x0, 0xd, 0xf3, 0xa,
    0xf5, 0x0, 0x0, 0x0, 0xbf, 0x40, 0x8f, 0x70,
    0x0, 0x0, 0xd, 0xf3, 0x4, 0xfd, 0x0, 0x0,
    0x4, 0xfe, 0x0, 0xe, 0xfc, 0x30, 0x6, 0xff,
    0x80, 0x9, 0xff, 0xff, 0xff, 0xff, 0xff, 0x40,
    0x7f, 0x56, 0xcf, 0xeb, 0x49, 0xe2, 0x0, 0x10,
    0x0, 0x0, 0x0, 0x1, 0x0,

    /* U+00A5 "¥" */
    0x8f, 0xf2, 0x0, 0x0, 0x0, 0x8f, 0xf3, 0xe,
    0xfb, 0x0, 0x0, 0x1, 0xff, 0x90, 0x5, 0xff,
    0x40, 0x0, 0xa, 0xfe, 0x10, 0x0, 0xcf, 0xd0,
    0x0, 0x3f, 0xf6, 0x0, 0x0, 0x3f, 0xf6, 0x0,
    0xcf, 0xd0, 0x0, 0x0, 0x9, 0xfe, 0x5, 0xff,
    0x30, 0x0, 0x0, 0x1, 0xef, 0xad, 0xfa, 0x0,
    0x0, 0x0, 0xcd, 0xff, 0xff, 0xfe, 0xd7, 0x0,
    0x0, 0xef, 0xff, 0xff, 0xff, 0xf8, 0x0, 0x0,
    0x0, 0x6, 0xff, 0x0, 0x0, 0x0, 0x0, 0xcd,
    0xde, 0xff, 0xdd, 0xd7, 0x0, 0x0, 0xef, 0xff,
    0xff, 0xff, 0xf8, 0x0, 0x0, 0x0, 0x6, 0xff,
    0x0, 0x0, 0x0, 0x0, 0x0, 0x6, 0xff, 0x0,
    0x0, 0x0, 0x0, 0x0, 0x6, 0xff, 0x0, 0x0,
    0x0,

    /* U+00A6 "¦" */
    0x6f, 0xe6, 0xfe, 0x6f, 0xe6, 0xfe, 0x6f, 0xe6,
    0xfe, 0x6f, 0xe6, 0xfe, 0x6f, 0xe3, 0x87, 0x0,
    0x0, 0x0, 0x0, 0x3, 0x87, 0x6f, 0xe6, 0xfe,
    0x6f, 0xe6, 0xfe, 0x6f, 0xe6, 0xfe, 0x6f, 0xe6,
    0xfe, 0x6f, 0xe0,

    /* U+00A7 "§" */
    0x0, 0x3a, 0xef, 0xd7, 0x0, 0x2, 0xff, 0xfe,
    0xff, 0xd0, 0x9, 0xfa, 0x0, 0x2e, 0xf5, 0xa,
    0xf6, 0x0, 0x8, 0xf7, 0x6, 0xfe, 0x72, 0x0,
    0x0, 0x6, 0xff, 0xff, 0xe9, 0x20, 0xa, 0xf6,
    0x48, 0xcf, 0xf2, 0x8, 0xfd, 0x30, 0x9, 0xf9,
    0x1, 0xdf, 0xff, 0xbb, 0xfa, 0x0, 0x6, 0xae,
    0xff, 0xf5, 0x17, 0x60, 0x0, 0x3d, 0xf7, 0x2f,
    0xe0, 0x0, 0x7, 0xfa, 0xe, 0xf8, 0x0, 0xb,
    0xf8, 0x4, 0xff, 0xfd, 0xff, 0xe1, 0x0, 0x3b,
    0xef, 0xd9, 0x10,

    /* U+00A8 "¨" */
    0x0, 0x0, 0x0, 0x0, 0x8f, 0xb0, 0x4f, 0xe2,
    0xef, 0xf1, 0x9f, 0xf6, 0x8f, 0xa0, 0x3e, 0xd2,

    /* U+00A9 "©" */
    0x0, 0x1, 0x7a, 0xbb, 0x95, 0x0, 0x0, 0x0,
    0x7f, 0xff, 0xff, 0xff, 0xe3, 0x0, 0x8, 0xfe,
    0x62, 0x0, 0x39, 0xff, 0x30, 0x2f, 0xf2, 0x5,
    0x99, 0x40, 0x6f, 0xc0, 0x7f, 0x80, 0x8f, 0xff,
    0xf5, 0xd, 0xf2, 0xbf, 0x30, 0xfd, 0x12, 0xfd,
    0x8, 0xf5, 0xcf, 0x23, 0xf9, 0x0, 0xbd, 0x7,
    0xf6, 0xcf, 0x14, 0xf9, 0x0, 0x0, 0x6, 0xf7,
    0xcf, 0x14, 0xf9, 0x0, 0x0, 0x6, 0xf7, 0xcf,
    0x13, 0xf9, 0x0, 0xbd, 0x6, 0xf7, 0xbf, 0x31,
    0xfd, 0x12, 0xfd, 0x8, 0xf5, 0x8f, 0x60, 0x8f,
    0xff, 0xf6, 0xc, 0xf3, 0x3f, 0xd0, 0x5, 0x99,
    0x40, 0x4f, 0xd0, 0xa, 0xfc, 0x30, 0x0, 0x5,
    0xef, 0x50, 0x0, 0xbf, 0xfe, 0xcc, 0xff, 0xf7,
    0x0, 0x0, 0x5, 0xbe, 0xff, 0xd9, 0x20, 0x0,

    /* U+00AA "ª" */
    0x1, 0xae, 0xfd, 0x70, 0x0, 0x8b, 0x77, 0x9f,
    0x60, 0x4, 0xdf, 0xff, 0xf9, 0x0, 0xfd, 0x43,
    0x5f, 0xa0, 0x2f, 0x90, 0x5, 0xfa, 0x0, 0xef,
    0xaa, 0xfe, 0xe7, 0x3, 0xcf, 0xe5, 0x7f, 0xc0,

    /* U+00AB "«" */
    0x0, 0x0, 0x0, 0x30, 0x0, 0x0, 0x30, 0x0,
    0x3, 0xca, 0x0, 0x1, 0xae, 0x0, 0x19, 0xff,
    0xa0, 0x7, 0xff, 0xe0, 0x6e, 0xff, 0x91, 0x4d,
    0xff, 0xc3, 0xbf, 0xfc, 0x30, 0x7f, 0xfd, 0x50,
    0xd, 0xf7, 0x0, 0x9, 0xfb, 0x0, 0x0, 0xdf,
    0xf7, 0x0, 0x9f, 0xfa, 0x10, 0x1, 0xaf, 0xfe,
    0x50, 0x8f, 0xff, 0x70, 0x0, 0x4d, 0xff, 0x90,
    0x2b, 0xff, 0xd0, 0x0, 0x7, 0xfa, 0x0, 0x5,
    0xee, 0x0, 0x0, 0x2, 0x60, 0x0, 0x0, 0x70,

    /* U+00AC "¬" */
    0x0, 0x0, 0x0, 0x0, 0x0, 0xcf, 0xff, 0xff,
    0xff, 0xf6, 0xcf, 0xff, 0xff, 0xff, 0xf6, 0x0,
    0x0, 0x0, 0x9, 0xf6, 0x0, 0x0, 0x0, 0x9,
    0xf6, 0x0, 0x0, 0x0, 0x4, 0x83,

    /* U+00AD "­" */
    0x0, 0x0, 0x0, 0x0, 0x6f, 0xff, 0xff, 0xf2,
    0x6f, 0xff, 0xff, 0xf2,

    /* U+00AE "®" */
    0x0, 0x6c, 0xed, 0x92, 0x0, 0xa, 0xa2, 0x0,
    0x5d, 0x30, 0x5a, 0xb, 0xcc, 0x42, 0xd0, 0xb3,
    0xd, 0x15, 0x90, 0xb4, 0xd1, 0xd, 0xce, 0x20,
    0x95, 0xb3, 0xd, 0x16, 0x80, 0xb4, 0x6a, 0x9,
    0x4, 0x62, 0xd0, 0xa, 0xa2, 0x1, 0x5d, 0x30,
    0x0, 0x6c, 0xed, 0x92, 0x0,

    /* U+00AF "¯" */
    0xcd, 0xdd, 0xdd, 0xd0, 0xff, 0xff, 0xff, 0xf0,

    /* U+00B0 "°" */
    0x0, 0x4a, 0xb8, 0x10, 0x7, 0xff, 0xff, 0xe1,
    0x1f, 0xf3, 0x9, 0xf9, 0x3f, 0xa0, 0x2, 0xfb,
    0x1f, 0xd0, 0x6, 0xfa, 0xa, 0xfe, 0xcf, 0xf3,
    0x0, 0x8e, 0xfc, 0x40,

    /* U+00B1 "±" */
    0x0, 0x3, 0xfe, 0x0, 0x0, 0x0, 0x3, 0xfe,
    0x0, 0x0, 0x0, 0x3, 0xfe, 0x0, 0x0, 0xcf,
    0xff, 0xff, 0xff, 0xf6, 0xcf, 0xff, 0xff, 0xff,
    0xf6, 0x0, 0x4, 0xfe, 0x0, 0x0, 0x0, 0x3,
    0xfe, 0x0, 0x0, 0x0, 0x3, 0xfe, 0x0, 0x0,
    0x0, 0x1, 0x76, 0x0, 0x0, 0x0, 0x0, 0x0,
    0x0, 0x0, 0xcf, 0xff, 0xff, 0xff, 0xf6, 0xcf,
    0xff, 0xff, 0xff, 0xf6,

    /* U+00B2 "²" */
    0x2, 0xbe, 0xfc, 0x40, 0xe, 0xe8, 0x7e, 0xf2,
    0x29, 0x40, 0x6, 0xf5, 0x0, 0x4, 0x9f, 0xb0,
    0x7, 0xfb, 0x73, 0x0, 0x3f, 0xc6, 0x66, 0x62,
    0x6f, 0xff, 0xff, 0xf5,

    /* U+00B3 "³" */
    0x5f, 0xff, 0xff, 0xf7, 0x16, 0x7a, 0xdc, 0xa3,
    0x0, 0x5f, 0xfe, 0x80, 0x0, 0x0, 0x9, 0xf4,
    0x4e, 0x50, 0x5, 0xf6, 0x1e, 0xf8, 0x8e, 0xe1,
    0x2, 0xbe, 0xeb, 0x30,

    /* U+00B4 "´" */
    0x0, 0x11, 0x0, 0xaf, 0xd0, 0x2f, 0xf2, 0xb,
    0xf6, 0x0,

    /* U+00B5 "µ" */
    0x6f, 0xe0, 0x0, 0x0, 0x8f, 0xb0, 0x6, 0xfe,
    0x0, 0x0, 0x8, 0xfb, 0x0, 0x6f, 0xe0, 0x0,
    0x0, 0x8f, 0xb0, 0x6, 0xfe, 0x0, 0x0, 0x8,
    0xfb, 0x0, 0x6f, 0xe0, 0x0, 0x0, 0x8f, 0xb0,
    0x6, 0xfe, 0x0, 0x0, 0x8, 0xfb, 0x0, 0x6f,
    0xe0, 0x0, 0x0, 0xaf, 0xb0, 0x6, 0xff, 0x0,
    0x0, 0xe, 0xfb, 0x0, 0x6f, 0xf9, 0x0, 0x9,
    0xff, 0xb0, 0x6, 0xff, 0xfe, 0xce, 0xf4, 0xff,
    0xb3, 0x6f, 0xc6, 0xef, 0xc4, 0x9, 0xff, 0x46,
    0xfc, 0x0, 0x0, 0x0, 0x0, 0x0, 0x6f, 0xc0,
    0x0, 0x0, 0x0, 0x0, 0x6, 0xfc, 0x0, 0x0,
    0x0, 0x0, 0x0, 0x6f, 0xc0, 0x0, 0x0, 0x0,
    0x0, 0x0,

    /* U+00B6 "¶" */
    0x0, 0x4b, 0xef, 0xff, 0xff, 0xf8, 0x7, 0xff,
    0xfe, 0xff, 0xef, 0xf8, 0x2f, 0xf6, 0x5, 0xfa,
    0x8, 0xf8, 0x6f, 0xa0, 0x5, 0xfa, 0x8, 0xf8,
    0x7f, 0x80, 0x5, 0xfa, 0x8, 0xf8, 0x6f, 0xb0,
    0x5, 0xfa, 0x8, 0xf8, 0x1f, 0xf8, 0x15, 0xfa,
    0x8, 0xf8, 0x5, 0xff, 0xff, 0xfa, 0x8, 0xf8,
    0x0, 0x29, 0xce, 0xfa, 0x8, 0xf8, 0x0, 0x0,
    0x5, 0xfa, 0x8, 0xf8, 0x0, 0x0, 0x5, 0xfa,
    0x8, 0xf8, 0x0, 0x0, 0x5, 0xfa, 0x8, 0xf8,
    0x0, 0x0, 0x5, 0xfa, 0x8, 0xf8, 0x0, 0x0,
    0x5, 0xfa, 0x8, 0xf8, 0x0, 0x0, 0x5, 0xfa,
    0x8, 0xf8,

    /* U+00B7 "·" */
    0x5, 0x71, 0x5, 0xff, 0xd0, 0x8f, 0xff, 0x1,
    0xcf, 0x70,

    /* U+00B8 "¸" */
    0x5, 0xf4, 0x0, 0x6, 0xfa, 0x30, 0x1, 0x4c,
    0xe0, 0x54, 0x3c, 0xf1, 0xcf, 0xff, 0x90, 0x3,
    0x42, 0x0,

    /* U+00B9 "¹" */
    0x8, 0xff, 0xa0, 0xed, 0xfa, 0x5f, 0x5f, 0xa2,
    0x30, 0xfa, 0x0, 0xf, 0xa0, 0x0, 0xfa, 0x0,
    0xf, 0xa0,

    /* U+00BA "º" */
    0x0, 0x6c, 0xfe, 0xb3, 0x0, 0x9f, 0xc7, 0x8e,
    0xf3, 0x1f, 0xc0, 0x0, 0x3f, 0xa2, 0xf8, 0x0,
    0x0, 0xfc, 0x1f, 0xc0, 0x0, 0x3f, 0xa0, 0x9f,
    0xc7, 0x8e, 0xf3, 0x0, 0x6d, 0xfe, 0xb3, 0x0,

    /* U+00BB "»" */
    0x20, 0x0, 0x0, 0x11, 0x0, 0x0, 0x0, 0x7e,
    0x50, 0x0, 0x3f, 0x70, 0x0, 0x0, 0x7f, 0xfb,
    0x20, 0x3f, 0xfd, 0x40, 0x0, 0x8, 0xff, 0xf8,
    0x5, 0xef, 0xfa, 0x10, 0x0, 0x1a, 0xff, 0xe0,
    0x8, 0xff, 0xf3, 0x0, 0x0, 0x4f, 0xf0, 0x0,
    0x1e, 0xf4, 0x0, 0x6, 0xef, 0xf0, 0x3, 0xcf,
    0xf4, 0x3, 0xcf, 0xfc, 0x32, 0xaf, 0xfe, 0x50,
    0x6f, 0xfe, 0x60, 0x2f, 0xff, 0x80, 0x0, 0x7f,
    0x91, 0x0, 0x3f, 0xb2, 0x0, 0x0, 0x53, 0x0,
    0x0, 0x25, 0x0, 0x0, 0x0,

    /* U+00BC "¼" */
    0x0, 0x0, 0x0, 0x0, 0x0, 0x0, 0x0, 0x0,
    0x0, 0x8, 0xff, 0xa0, 0x0, 0x0, 0x0, 0x1e,
    0x70, 0x0, 0xe, 0xdf, 0xa0, 0x0, 0x0, 0x0,
    0xcf, 0x40, 0x0, 0x5f, 0x5f, 0xa0, 0x0, 0x0,
    0x9, 0xf7, 0x0, 0x0, 0x13, 0xf, 0xa0, 0x0,
    0x0, 0x6f, 0xa0, 0x0, 0x0, 0x0, 0xf, 0xa0,
    0x0, 0x4, 0xfc, 0x0, 0x0, 0x0, 0x0, 0xf,
    0xa0, 0x0, 0x2e, 0xe1, 0x0, 0x0, 0x0, 0x0,
    0xf, 0xa0, 0x0, 0xdf, 0x30, 0x0, 0x0, 0x0,
    0x0, 0x0, 0x0, 0xb, 0xf5, 0x0, 0x2f, 0xff,
    0x30, 0x0, 0x0, 0x0, 0x8f, 0x80, 0x0, 0xde,
    0xaf, 0x30, 0x0, 0x0, 0x5, 0xfb, 0x0, 0x9,
    0xf4, 0x8f, 0x30, 0x0, 0x0, 0x3f, 0xd0, 0x0,
    0x4f, 0x90, 0x8f, 0x30, 0x0, 0x1, 0xee, 0x20,
    0x0, 0xee, 0x21, 0x8f, 0x51, 0x0, 0xc, 0xf4,
    0x0, 0x1, 0xff, 0xff, 0xff, 0xfb, 0x0, 0xaf,
    0x70, 0x0, 0x0, 0x44, 0x44, 0xaf, 0x73, 0x2,
    0xf9, 0x0, 0x0, 0x0, 0x0, 0x0, 0x6c, 0x20,
    0x0, 0x20, 0x0, 0x0, 0x0, 0x0, 0x0, 0x0,
    0x0,

    /* U+00BD "½" */
    0x0, 0x0, 0x0, 0x0, 0x0, 0x0, 0x0, 0x0,
    0x0, 0x8, 0xff, 0xa0, 0x0, 0x0, 0x0, 0x1e,
    0x70, 0x0, 0xd, 0xdf, 0xa0, 0x0, 0x0, 0x0,
    0xcf, 0x40, 0x0, 0x3f, 0x6f, 0xa0, 0x0, 0x0,
    0x9, 0xf7, 0x0, 0x0, 0x49, 0x1f, 0xa0, 0x0,
    0x0, 0x6f, 0xa0, 0x0, 0x0, 0x0, 0xf, 0xa0,
    0x0, 0x4, 0xfc, 0x0, 0x0, 0x0, 0x0, 0xf,
    0xa0, 0x0, 0x2e, 0xe1, 0x0, 0x0, 0x0, 0x0,
    0xf, 0xa0, 0x0, 0xdf, 0x30, 0x0, 0x0, 0x0,
    0x0, 0xf, 0xa0, 0xb, 0xf5, 0x0, 0x0, 0x10,
    0x0, 0x0, 0x2, 0x10, 0x8f, 0x80, 0x2, 0xbf,
    0xfe, 0x60, 0x0, 0x0, 0x5, 0xfb, 0x0, 0xd,
    0xf6, 0x5c, 0xf4, 0x0, 0x0, 0x3f, 0xd0, 0x0,
    0x19, 0x50, 0x5, 0xf6, 0x0, 0x1, 0xee, 0x20,
    0x0, 0x0, 0x3, 0x8e, 0xe1, 0x0, 0xc, 0xf4,
    0x0, 0x0, 0x4, 0xef, 0xb7, 0x10, 0x0, 0xaf,
    0x70, 0x0, 0x0, 0x1f, 0xc2, 0x11, 0x10, 0x2,
    0xf9, 0x0, 0x0, 0x0, 0x4f, 0xff, 0xff, 0xf7,
    0x0, 0x20, 0x0, 0x0, 0x0, 0x14, 0x44, 0x44,
    0x42,

    /* U+00BE "¾" */
    0x1, 0x11, 0x11, 0x10, 0x0, 0x0, 0x0, 0x1,
    0x0, 0x0, 0x5f, 0xff, 0xff, 0xf7, 0x0, 0x0,
    0x0, 0x7e, 0x20, 0x0, 0x14, 0x44, 0x9f, 0xe3,
    0x0, 0x0, 0x5, 0xfb, 0x0, 0x0, 0x0, 0x2c,
    0xf6, 0x0, 0x0, 0x0, 0x2f, 0xd1, 0x0, 0x0,
    0x0, 0x5f, 0xfe, 0x90, 0x0, 0x1, 0xef, 0x20,
    0x0, 0x0, 0x2, 0x0, 0x7, 0xf5, 0x0, 0xc,
    0xf4, 0x0, 0x0, 0x0, 0x4f, 0xb3, 0x2a, 0xf4,
    0x0, 0x9f, 0x70, 0x0, 0x0, 0x0, 0x8, 0xff,
    0xff, 0x80, 0x6, 0xfa, 0x0, 0x0, 0x0, 0x0,
    0x0, 0x13, 0x31, 0x0, 0x4f, 0xc0, 0x0, 0x9f,
    0xfc, 0x0, 0x0, 0x0, 0x0, 0x2, 0xee, 0x10,
    0x4, 0xf9, 0xfc, 0x0, 0x0, 0x0, 0x0, 0xd,
    0xf3, 0x0, 0x1e, 0xd0, 0xfc, 0x0, 0x0, 0x0,
    0x0, 0xbf, 0x50, 0x0, 0xbf, 0x20, 0xfc, 0x0,
    0x0, 0x0, 0x8, 0xf8, 0x0, 0x6, 0xf9, 0x11,
    0xfc, 0x10, 0x0, 0x0, 0x5f, 0xb0, 0x0, 0x9,
    0xff, 0xff, 0xff, 0xf4, 0x0, 0x3, 0xfd, 0x0,
    0x0, 0x2, 0x44, 0x44, 0xfd, 0x41, 0x0, 0x8,
    0xe2, 0x0, 0x0, 0x0, 0x0, 0x0, 0xc9, 0x0,
    0x0, 0x0, 0x10, 0x0, 0x0, 0x0, 0x0, 0x0,
    0x0, 0x0,

    /* U+00BF "¿" */
    0x0, 0x0, 0x9, 0xfb, 0x0, 0x0, 0x0, 0x0,
    0x2f, 0xff, 0x50, 0x0, 0x0, 0x0, 0x1f, 0xff,
    0x20, 0x0, 0x0, 0x0, 0x3, 0x84, 0x0, 0x0,
    0x0, 0x0, 0x1, 0x33, 0x0, 0x0, 0x0, 0x0,
    0x8, 0xfd, 0x0, 0x0, 0x0, 0x0, 0x5e, 0xfa,
    0x0, 0x0, 0x0, 0x4d, 0xff, 0xd1, 0x0, 0x0,
    0x4, 0xff, 0xd5, 0x0, 0x0, 0x0, 0xc, 0xfb,
    0x0, 0x0, 0x0, 0x11, 0xf, 0xf5, 0x0, 0x0,
    0x7, 0xfe, 0xe, 0xf7, 0x0, 0x0, 0xb, 0xfc,
    0x9, 0xff, 0x61, 0x2, 0x9f, 0xf5, 0x1, 0xcf,
    0xff, 0xff, 0xff, 0x90, 0x0, 0x6, 0xce, 0xfe,
    0xa4, 0x0,

    /* U+00C0 "À" */
    0x0, 0x0, 0x6f, 0xf3, 0x0, 0x0, 0x0, 0x0,
    0x0, 0x9, 0xfb, 0x0, 0x0, 0x0, 0x0, 0x0,
    0x0, 0xab, 0x20, 0x0, 0x0, 0x0, 0x0, 0x0,
    0x0, 0x0, 0x0, 0x0, 0x0, 0x0, 0x4f, 0xff,
    0xf3, 0x0, 0x0, 0x0, 0x0, 0x9f, 0xde, 0xf7,
    0x0, 0x0, 0x0, 0x0, 0xdf, 0x79, 0xfc, 0x0,
    0x0, 0x0, 0x2, 0xff, 0x24, 0xff, 0x10, 0x0,
    0x0, 0x7, 0xfd, 0x0, 0xff, 0x50, 0x0, 0x0,
    0xb, 0xf9, 0x0, 0xaf, 0xa0, 0x0, 0x0, 0xf,
    0xf4, 0x0, 0x5f, 0xe0, 0x0, 0x0, 0x5f, 0xf0,
    0x0, 0x1f, 0xf3, 0x0, 0x0, 0x9f, 0xa0, 0x0,
    0xc, 0xf8, 0x0, 0x0, 0xef, 0xff, 0xff, 0xff,
    0xfd, 0x0, 0x3, 0xff, 0xff, 0xff, 0xff, 0xff,
    0x10, 0x7, 0xfd, 0x22, 0x22, 0x22, 0xef, 0x60,
    0xc, 0xf9, 0x0, 0x0, 0x0, 0xaf, 0xb0, 0x1f,
    0xf5, 0x0, 0x0, 0x0, 0x6f, 0xf0, 0x5f, 0xf1,
    0x0, 0x0, 0x0, 0x2f, 0xf4,

    /* U+00C1 "Á" */
    0x0, 0x0, 0x0, 0x4f, 0xf4, 0x0, 0x0, 0x0,
    0x0, 0x0, 0xdf, 0x80, 0x0, 0x0, 0x0, 0x0,
    0x3, 0xb9, 0x0, 0x0, 0x0, 0x0, 0x0, 0x0,
    0x0, 0x0, 0x0, 0x0, 0x0, 0x0, 0x4f, 0xff,
    0xf3, 0x0, 0x0, 0x0, 0x0, 0x9f, 0xde, 0xf7,
    0x0, 0x0, 0x0, 0x0, 0xdf, 0x79, 0xfc, 0x0,
    0x0, 0x0, 0x2, 0xff, 0x24, 0xff, 0x10, 0x0,
    0x0, 0x7, 0xfd, 0x0, 0xff, 0x50, 0x0, 0x0,
    0xb, 0xf9, 0x0, 0xaf, 0xa0, 0x0, 0x0, 0xf,
    0xf4, 0x0, 0x5f, 0xe0, 0x0, 0x0, 0x5f, 0xf0,
    0x0, 0x1f, 0xf3, 0x0, 0x0, 0x9f, 0xa0, 0x0,
    0xc, 0xf8, 0x0, 0x0, 0xef, 0xff, 0xff, 0xff,
    0xfd, 0x0, 0x3, 0xff, 0xff, 0xff, 0xff, 0xff,
    0x10, 0x7, 0xfd, 0x22, 0x22, 0x22, 0xef, 0x60,
    0xc, 0xf9, 0x0, 0x0, 0x0, 0xaf, 0xb0, 0x1f,
    0xf5, 0x0, 0x0, 0x0, 0x6f, 0xf0, 0x5f, 0xf1,
    0x0, 0x0, 0x0, 0x2f, 0xf4,

    /* U+00C2 "Â" */
    0x0, 0x0, 0x1d, 0xff, 0xc0, 0x0, 0x0, 0x0,
    0x1, 0xdf, 0x89, 0xfc, 0x0, 0x0, 0x0, 0x8,
    0xb8, 0x0, 0x9b, 0x70, 0x0, 0x0, 0x0, 0x0,
    0x0, 0x0, 0x0, 0x0, 0x0, 0x0, 0x4f, 0xff,
    0xf3, 0x0, 0x0, 0x0, 0x0, 0x9f, 0xde, 0xf7,
    0x0, 0x0, 0x0, 0x0, 0xdf, 0x79, 0xfc, 0x0,
    0x0, 0x0, 0x2, 0xff, 0x24, 0xff, 0x10, 0x0,
    0x0, 0x7, 0xfd, 0x0, 0xff, 0x50, 0x0, 0x0,
    0xb, 0xf9, 0x0, 0xaf, 0xa0, 0x0, 0x0, 0xf,
    0xf4, 0x0, 0x5f, 0xe0, 0x0, 0x0, 0x5f, 0xf0,
    0x0, 0x1f, 0xf3, 0x0, 0x0, 0x9f, 0xa0, 0x0,
    0xc, 0xf8, 0x0, 0x0, 0xef, 0xff, 0xff, 0xff,
    0xfd, 0x0, 0x3, 0xff, 0xff, 0xff, 0xff, 0xff,
    0x10, 0x7, 0xfd, 0x22, 0x22, 0x22, 0xef, 0x60,
    0xc, 0xf9, 0x0, 0x0, 0x0, 0xaf, 0xb0, 0x1f,
    0xf5, 0x0, 0x0, 0x0, 0x6f, 0xf0, 0x5f, 0xf1,
    0x0, 0x0, 0x0, 0x2f, 0xf4,

    /* U+00C3 "Ã" */
    0x0, 0x0, 0x9f, 0xc4, 0x1c, 0x50, 0x0, 0x0,
    0x8, 0xfb, 0xef, 0xff, 0x30, 0x0, 0x0, 0x3,
    0x70, 0x18, 0xa3, 0x0, 0x0, 0x0, 0x0, 0x0,
    0x0, 0x0, 0x0, 0x0, 0x0, 0x0, 0x4f, 0xff,
    0xf3, 0x0, 0x0, 0x0, 0x0, 0x9f, 0xde, 0xf7,
    0x0, 0x0, 0x0, 0x0, 0xdf, 0x79, 0xfc, 0x0,
    0x0, 0x0, 0x2, 0xff, 0x24, 0xff, 0x10, 0x0,
    0x0, 0x7, 0xfd, 0x0, 0xff, 0x50, 0x0, 0x0,
    0xb, 0xf9, 0x0, 0xaf, 0xa0, 0x0, 0x0, 0xf,
    0xf4, 0x0, 0x5f, 0xe0, 0x0, 0x0, 0x5f, 0xf0,
    0x0, 0x1f, 0xf3, 0x0, 0x0, 0x9f, 0xa0, 0x0,
    0xc, 0xf8, 0x0, 0x0, 0xef, 0xff, 0xff, 0xff,
    0xfd, 0x0, 0x3, 0xff, 0xff, 0xff, 0xff, 0xff,
    0x10, 0x7, 0xfd, 0x22, 0x22, 0x22, 0xef, 0x60,
    0xc, 0xf9, 0x0, 0x0, 0x0, 0xaf, 0xb0, 0x1f,
    0xf5, 0x0, 0x0, 0x0, 0x6f, 0xf0, 0x5f, 0xf1,
    0x0, 0x0, 0x0, 0x2f, 0xf4,

    /* U+00C4 "Ä" */
    0x0, 0x0, 0x0, 0x0, 0x0, 0x0, 0x0, 0x0,
    0x7, 0xfb, 0x0, 0xcf, 0x60, 0x0, 0x0, 0xe,
    0xff, 0x24, 0xff, 0xc0, 0x0, 0x0, 0x7, 0xfb,
    0x0, 0xcf, 0x50, 0x0, 0x0, 0x0, 0x0, 0x0,
    0x0, 0x0, 0x0, 0x0, 0x0, 0x4f, 0xff, 0xf3,
    0x0, 0x0, 0x0, 0x0, 0x9f, 0xde, 0xf7, 0x0,
    0x0, 0x0, 0x0, 0xdf, 0x79, 0xfc, 0x0, 0x0,
    0x0, 0x2, 0xff, 0x24, 0xff, 0x10, 0x0, 0x0,
    0x7, 0xfd, 0x0, 0xff, 0x50, 0x0, 0x0, 0xb,
    0xf9, 0x0, 0xaf, 0xa0, 0x0, 0x0, 0xf, 0xf4,
    0x0, 0x5f, 0xe0, 0x0, 0x0, 0x5f, 0xf0, 0x0,
    0x1f, 0xf3, 0x0, 0x0, 0x9f, 0xa0, 0x0, 0xc,
    0xf8, 0x0, 0x0, 0xef, 0xff, 0xff, 0xff, 0xfd,
    0x0, 0x3, 0xff, 0xff, 0xff, 0xff, 0xff, 0x10,
    0x7, 0xfd, 0x22, 0x22, 0x22, 0xef, 0x60, 0xc,
    0xf9, 0x0, 0x0, 0x0, 0xaf, 0xb0, 0x1f, 0xf5,
    0x0, 0x0, 0x0, 0x6f, 0xf0, 0x5f, 0xf1, 0x0,
    0x0, 0x0, 0x2f, 0xf4,

    /* U+00C5 "Å" */
    0x0, 0x0, 0x0, 0x0, 0x0, 0x0, 0x0, 0x0,
    0x0, 0x7, 0xff, 0x60, 0x0, 0x0, 0x0, 0x0,
    0x2f, 0x99, 0xf1, 0x0, 0x0, 0x0, 0x0, 0x3f,
    0x67, 0xf2, 0x0, 0x0, 0x0, 0x0, 0xa, 0xff,
    0x90, 0x0, 0x0, 0x0, 0x0, 0x0, 0x22, 0x0,
    0x0, 0x0, 0x0, 0x0, 0x4f, 0xff, 0xf3, 0x0,
    0x0, 0x0, 0x0, 0x9f, 0xde, 0xf7, 0x0, 0x0,
    0x0, 0x0, 0xdf, 0x79, 0xfc, 0x0, 0x0, 0x0,
    0x2, 0xff, 0x24, 0xff, 0x10, 0x0, 0x0, 0x7,
    0xfd, 0x0, 0xff, 0x50, 0x0, 0x0, 0xb, 0xf9,
    0x0, 0xaf, 0xa0, 0x0, 0x0, 0xf, 0xf4, 0x0,
    0x5f, 0xe0, 0x0, 0x0, 0x5f, 0xf0, 0x0, 0x1f,
    0xf3, 0x0, 0x0, 0x9f, 0xa0, 0x0, 0xc, 0xf8,
    0x0, 0x0, 0xef, 0xff, 0xff, 0xff, 0xfd, 0x0,
    0x3, 0xff, 0xff, 0xff, 0xff, 0xff, 0x10, 0x7,
    0xfd, 0x22, 0x22, 0x22, 0xef, 0x60, 0xc, 0xf9,
    0x0, 0x0, 0x0, 0xaf, 0xb0, 0x1f, 0xf5, 0x0,
    0x0, 0x0, 0x6f, 0xf0, 0x5f, 0xf1, 0x0, 0x0,
    0x0, 0x2f, 0xf4,

    /* U+00C6 "Æ" */
    0x0, 0x0, 0x0, 0xff, 0xff, 0xff, 0xff, 0xff,
    0xf3, 0x0, 0x0, 0x6, 0xfe, 0xbf, 0xff, 0xff,
    0xff, 0xf3, 0x0, 0x0, 0xc, 0xf9, 0x9f, 0xc2,
    0x22, 0x22, 0x20, 0x0, 0x0, 0x2f, 0xf2, 0x9f,
    0xc0, 0x0, 0x0, 0x0, 0x0, 0x0, 0x8f, 0xc0,
    0x9f, 0xc0, 0x0, 0x0, 0x0, 0x0, 0x0, 0xef,
    0x60, 0x9f, 0xc0, 0x0, 0x0, 0x0, 0x0, 0x4,
    0xff, 0x0, 0x9f, 0xff, 0xff, 0xff, 0x90, 0x0,
    0xa, 0xf9, 0x0, 0x9f, 0xff, 0xff, 0xff, 0x90,
    0x0, 0x1f, 0xf3, 0x0, 0x9f, 0xc2, 0x22, 0x22,
    0x10, 0x0, 0x6f, 0xff, 0xff, 0xff, 0xc0, 0x0,
    0x0, 0x0, 0x0, 0xcf, 0xff, 0xff, 0xff, 0xc0,
    0x0, 0x0, 0x0, 0x2, 0xff, 0x42, 0x22, 0xaf,
    0xc0, 0x0, 0x0, 0x0, 0x9, 0xfc, 0x0, 0x0,
    0x9f, 0xc2, 0x22, 0x22, 0x20, 0xe, 0xf7, 0x0,
    0x0, 0x9f, 0xff, 0xff, 0xff, 0xf4, 0x5f, 0xf2,
    0x0, 0x0, 0x9f, 0xff, 0xff, 0xff, 0xf4,

    /* U+00C7 "Ç" */
    0x0, 0x17, 0xcf, 0xfe, 0xb4, 0x0, 0x0, 0x3e,
    0xff, 0xff, 0xff, 0xf9, 0x0, 0xe, 0xff, 0x83,
    0x24, 0xbf, 0xf5, 0x6, 0xff, 0x50, 0x0, 0x0,
    0xcf, 0xc0, 0xaf, 0xd0, 0x0, 0x0, 0x5, 0xff,
    0xc, 0xfa, 0x0, 0x0, 0x0, 0x17, 0x70, 0xcf,
    0x90, 0x0, 0x0, 0x0, 0x0, 0xc, 0xf9, 0x0,
    0x0, 0x0, 0x0, 0x0, 0xcf, 0x90, 0x0, 0x0,
    0x0, 0x0, 0xc, 0xfa, 0x0, 0x0, 0x0, 0x2b,
    0xb1, 0xaf, 0xd0, 0x0, 0x0, 0x6, 0xff, 0x6,
    0xff, 0x50, 0x0, 0x0, 0xcf, 0xd0, 0xe, 0xff,
    0x83, 0x24, 0xbf, 0xf6, 0x0, 0x3e, 0xff, 0xff,
    0xff, 0xf9, 0x0, 0x0, 0x17, 0xcf, 0xff, 0xb4,
    0x0, 0x0, 0x0, 0x0, 0x8f, 0x60, 0x0, 0x0,
    0x0, 0x0, 0x3, 0x6e, 0xc0, 0x0, 0x0, 0x0,
    0x9, 0x88, 0xee, 0x0, 0x0, 0x0, 0x0, 0xae,
    0xfc, 0x40, 0x0, 0x0,

    /* U+00C8 "È" */
    0x0, 0xc, 0xfc, 0x0, 0x0, 0x0, 0x0, 0x1e,
    0xf5, 0x0, 0x0, 0x0, 0x0, 0x3b, 0x90, 0x0,
    0x0, 0x0, 0x0, 0x0, 0x0, 0x0, 0x6f, 0xff,
    0xff, 0xff, 0xff, 0x56, 0xff, 0xff, 0xff, 0xff,
    0xf5, 0x6f, 0xf2, 0x22, 0x22, 0x22, 0x6, 0xff,
    0x0, 0x0, 0x0, 0x0, 0x6f, 0xf0, 0x0, 0x0,
    0x0, 0x6, 0xff, 0x0, 0x0, 0x0, 0x0, 0x6f,
    0xff, 0xff, 0xff, 0xfb, 0x6, 0xff, 0xff, 0xff,
    0xff, 0xb0, 0x6f, 0xf2, 0x22, 0x22, 0x21, 0x6,
    0xff, 0x0, 0x0, 0x0, 0x0, 0x6f, 0xf0, 0x0,
    0x0, 0x0, 0x6, 0xff, 0x0, 0x0, 0x0, 0x0,
    0x6f, 0xf2, 0x22, 0x22, 0x22, 0x6, 0xff, 0xff,
    0xff, 0xff, 0xf6, 0x6f, 0xff, 0xff, 0xff, 0xff,
    0x60,

    /* U+00C9 "É" */
    0x0, 0x0, 0xa, 0xfd, 0x0, 0x0, 0x0, 0x3,
    0xff, 0x20, 0x0, 0x0, 0x0, 0x8b, 0x50, 0x0,
    0x0, 0x0, 0x0, 0x0, 0x0, 0x0, 0x6f, 0xff,
    0xff, 0xff, 0xff, 0x56, 0xff, 0xff, 0xff, 0xff,
    0xf5, 0x6f, 0xf2, 0x22, 0x22, 0x22, 0x6, 0xff,
    0x0, 0x0, 0x0, 0x0, 0x6f, 0xf0, 0x0, 0x0,
    0x0, 0x6, 0xff, 0x0, 0x0, 0x0, 0x0, 0x6f,
    0xff, 0xff, 0xff, 0xfb, 0x6, 0xff, 0xff, 0xff,
    0xff, 0xb0, 0x6f, 0xf2, 0x22, 0x22, 0x21, 0x6,
    0xff, 0x0, 0x0, 0x0, 0x0, 0x6f, 0xf0, 0x0,
    0x0, 0x0, 0x6, 0xff, 0x0, 0x0, 0x0, 0x0,
    0x6f, 0xf2, 0x22, 0x22, 0x22, 0x6, 0xff, 0xff,
    0xff, 0xff, 0xf6, 0x6f, 0xff, 0xff, 0xff, 0xff,
    0x60,

    /* U+00CA "Ê" */
    0x0, 0x5, 0xff, 0xf7, 0x0, 0x0, 0x4, 0xff,
    0x5e, 0xf6, 0x0, 0x1, 0xbb, 0x40, 0x2b, 0xb3,
    0x0, 0x0, 0x0, 0x0, 0x0, 0x0, 0x6f, 0xff,
    0xff, 0xff, 0xff, 0x56, 0xff, 0xff, 0xff, 0xff,
    0xf5, 0x6f, 0xf2, 0x22, 0x22, 0x22, 0x6, 0xff,
    0x0, 0x0, 0x0, 0x0, 0x6f, 0xf0, 0x0, 0x0,
    0x0, 0x6, 0xff, 0x0, 0x0, 0x0, 0x0, 0x6f,
    0xff, 0xff, 0xff, 0xfb, 0x6, 0xff, 0xff, 0xff,
    0xff, 0xb0, 0x6f, 0xf2, 0x22, 0x22, 0x21, 0x6,
    0xff, 0x0, 0x0, 0x0, 0x0, 0x6f, 0xf0, 0x0,
    0x0, 0x0, 0x6, 0xff, 0x0, 0x0, 0x0, 0x0,
    0x6f, 0xf2, 0x22, 0x22, 0x22, 0x6, 0xff, 0xff,
    0xff, 0xff, 0xf6, 0x6f, 0xff, 0xff, 0xff, 0xff,
    0x60,

    /* U+00CB "Ë" */
    0x0, 0x0, 0x0, 0x0, 0x0, 0x0, 0xc, 0xf6,
    0x4, 0xfd, 0x10, 0x4, 0xff, 0xc0, 0xaf, 0xf6,
    0x0, 0xc, 0xf5, 0x4, 0xed, 0x10, 0x0, 0x0,
    0x0, 0x0, 0x0, 0x6, 0xff, 0xff, 0xff, 0xff,
    0xf5, 0x6f, 0xff, 0xff, 0xff, 0xff, 0x56, 0xff,
    0x22, 0x22, 0x22, 0x20, 0x6f, 0xf0, 0x0, 0x0,
    0x0, 0x6, 0xff, 0x0, 0x0, 0x0, 0x0, 0x6f,
    0xf0, 0x0, 0x0, 0x0, 0x6, 0xff, 0xff, 0xff,
    0xff, 0xb0, 0x6f, 0xff, 0xff, 0xff, 0xfb, 0x6,
    0xff, 0x22, 0x22, 0x22, 0x10, 0x6f, 0xf0, 0x0,
    0x0, 0x0, 0x6, 0xff, 0x0, 0x0, 0x0, 0x0,
    0x6f, 0xf0, 0x0, 0x0, 0x0, 0x6, 0xff, 0x22,
    0x22, 0x22, 0x20, 0x6f, 0xff, 0xff, 0xff, 0xff,
    0x66, 0xff, 0xff, 0xff, 0xff, 0xf6,

    /* U+00CC "Ì" */
    0x8f, 0xf1, 0x0, 0xcf, 0x90, 0x1, 0xbb, 0x10,
    0x0, 0x0, 0x6, 0xff, 0x0, 0x6f, 0xf0, 0x6,
    0xff, 0x0, 0x6f, 0xf0, 0x6, 0xff, 0x0, 0x6f,
    0xf0, 0x6, 0xff, 0x0, 0x6f, 0xf0, 0x6, 0xff,
    0x0, 0x6f, 0xf0, 0x6, 0xff, 0x0, 0x6f, 0xf0,
    0x6, 0xff, 0x0, 0x6f, 0xf0, 0x6, 0xff, 0x0,

    /* U+00CD "Í" */
    0x7, 0xff, 0x21, 0xef, 0x50, 0x5b, 0x80, 0x0,
    0x0, 0x0, 0x6f, 0xf0, 0x6, 0xff, 0x0, 0x6f,
    0xf0, 0x6, 0xff, 0x0, 0x6f, 0xf0, 0x6, 0xff,
    0x0, 0x6f, 0xf0, 0x6, 0xff, 0x0, 0x6f, 0xf0,
    0x6, 0xff, 0x0, 0x6f, 0xf0, 0x6, 0xff, 0x0,
    0x6f, 0xf0, 0x6, 0xff, 0x0, 0x6f, 0xf0, 0x0,

    /* U+00CE "Î" */
    0x0, 0x2e, 0xff, 0xa0, 0x0, 0x2e, 0xf6, 0xbf,
    0xa0, 0x9, 0xb7, 0x1, 0xab, 0x50, 0x0, 0x0,
    0x0, 0x0, 0x0, 0x6, 0xff, 0x0, 0x0, 0x0,
    0x6f, 0xf0, 0x0, 0x0, 0x6, 0xff, 0x0, 0x0,
    0x0, 0x6f, 0xf0, 0x0, 0x0, 0x6, 0xff, 0x0,
    0x0, 0x0, 0x6f, 0xf0, 0x0, 0x0, 0x6, 0xff,
    0x0, 0x0, 0x0, 0x6f, 0xf0, 0x0, 0x0, 0x6,
    0xff, 0x0, 0x0, 0x0, 0x6f, 0xf0, 0x0, 0x0,
    0x6, 0xff, 0x0, 0x0, 0x0, 0x6f, 0xf0, 0x0,
    0x0, 0x6, 0xff, 0x0, 0x0, 0x0, 0x6f, 0xf0,
    0x0, 0x0, 0x6, 0xff, 0x0, 0x0,

    /* U+00CF "Ï" */
    0x0, 0x0, 0x0, 0x0, 0x0, 0x9f, 0x90, 0x1d,
    0xf4, 0xf, 0xff, 0x6, 0xff, 0x90, 0x9f, 0x90,
    0x1d, 0xe4, 0x0, 0x0, 0x0, 0x0, 0x0, 0x0,
    0x6f, 0xf0, 0x0, 0x0, 0x6, 0xff, 0x0, 0x0,
    0x0, 0x6f, 0xf0, 0x0, 0x0, 0x6, 0xff, 0x0,
    0x0, 0x0, 0x6f, 0xf0, 0x0, 0x0, 0x6, 0xff,
    0x0, 0x0, 0x0, 0x6f, 0xf0, 0x0, 0x0, 0x6,
    0xff, 0x0, 0x0, 0x0, 0x6f, 0xf0, 0x0, 0x0,
    0x6, 0xff, 0x0, 0x0, 0x0, 0x6f, 0xf0, 0x0,
    0x0, 0x6, 0xff, 0x0, 0x0, 0x0, 0x6f, 0xf0,
    0x0, 0x0, 0x6, 0xff, 0x0, 0x0, 0x0, 0x6f,
    0xf0, 0x0,

    /* U+00D0 "Ð" */
    0xff, 0xff, 0xff, 0xfe, 0xb5, 0x0, 0xf, 0xff,
    0xff, 0xff, 0xff, 0xfb, 0x0, 0x11, 0xef, 0x81,
    0x14, 0xaf, 0xfa, 0x0, 0xe, 0xf8, 0x0, 0x0,
    0x8f, 0xf2, 0x0, 0xef, 0x80, 0x0, 0x1, 0xff,
    0x60, 0xe, 0xf8, 0x0, 0x0, 0xe, 0xf8, 0x9a,
    0xff, 0xfa, 0xa1, 0x0, 0xdf, 0x8f, 0xff, 0xff,
    0xff, 0x20, 0xd, 0xf8, 0x0, 0xef, 0x80, 0x0,
    0x0, 0xdf, 0x80, 0xe, 0xf8, 0x0, 0x0, 0xe,
    0xf8, 0x0, 0xef, 0x80, 0x0, 0x1, 0xff, 0x60,
    0xe, 0xf8, 0x0, 0x0, 0x8f, 0xf2, 0x11, 0xef,
    0x81, 0x14, 0xaf, 0xfa, 0xf, 0xff, 0xff, 0xff,
    0xff, 0xfc, 0x0, 0xff, 0xff, 0xff, 0xfe, 0xb5,
    0x0, 0x0,

    /* U+00D1 "Ñ" */
    0x0, 0x4, 0xee, 0x81, 0x7a, 0x0, 0x0, 0x2,
    0xfe, 0xcf, 0xff, 0x90, 0x0, 0x0, 0x9, 0x10,
    0x5a, 0x70, 0x0, 0x0, 0x0, 0x0, 0x0, 0x0,
    0x0, 0x0, 0x6f, 0xff, 0xf5, 0x0, 0x4, 0xff,
    0x16, 0xff, 0xdf, 0xa0, 0x0, 0x4f, 0xf1, 0x6f,
    0xf6, 0xff, 0x0, 0x4, 0xff, 0x16, 0xff, 0x1f,
    0xf4, 0x0, 0x4f, 0xf1, 0x6f, 0xf0, 0xcf, 0x90,
    0x4, 0xff, 0x16, 0xff, 0x7, 0xfe, 0x0, 0x4f,
    0xf1, 0x6f, 0xf0, 0x2f, 0xf3, 0x4, 0xff, 0x16,
    0xff, 0x0, 0xdf, 0x80, 0x4f, 0xf1, 0x6f, 0xf0,
    0x8, 0xfd, 0x4, 0xff, 0x16, 0xff, 0x0, 0x3f,
    0xf2, 0x4f, 0xf1, 0x6f, 0xf0, 0x0, 0xef, 0x74,
    0xff, 0x16, 0xff, 0x0, 0x9, 0xfc, 0x4f, 0xf1,
    0x6f, 0xf0, 0x0, 0x4f, 0xf5, 0xff, 0x16, 0xff,
    0x0, 0x0, 0xff, 0xdf, 0xf1, 0x6f, 0xf0, 0x0,
    0xa, 0xff, 0xff, 0x10,

    /* U+00D2 "Ò" */
    0x0, 0x1, 0xbb, 0x60, 0x0, 0x0, 0x0, 0x0,
    0x5, 0xff, 0x10, 0x0, 0x0, 0x0, 0x0, 0x9,
    0xf9, 0x0, 0x0, 0x0, 0x0, 0x0, 0x0, 0x0,
    0x0, 0x0, 0x0, 0x0, 0x0, 0x0, 0x0, 0x0,
    0x0, 0x0, 0x7c, 0xff, 0xeb, 0x60, 0x0, 0x2,
    0xef, 0xff, 0xff, 0xff, 0xc1, 0x0, 0xef, 0xf8,
    0x32, 0x4a, 0xff, 0xb0, 0x6f, 0xf5, 0x0, 0x0,
    0x8, 0xff, 0x3a, 0xfd, 0x0, 0x0, 0x0, 0xf,
    0xf7, 0xcf, 0xa0, 0x0, 0x0, 0x0, 0xdf, 0x9c,
    0xf9, 0x0, 0x0, 0x0, 0xc, 0xf9, 0xcf, 0x90,
    0x0, 0x0, 0x0, 0xcf, 0x9c, 0xf9, 0x0, 0x0,
    0x0, 0xc, 0xf9, 0xcf, 0xa0, 0x0, 0x0, 0x0,
    0xdf, 0x9a, 0xfd, 0x0, 0x0, 0x0, 0xf, 0xf7,
    0x6f, 0xf5, 0x0, 0x0, 0x8, 0xff, 0x30, 0xef,
    0xf8, 0x32, 0x4a, 0xff, 0xb0, 0x3, 0xef, 0xff,
    0xff, 0xff, 0xc1, 0x0, 0x1, 0x7c, 0xff, 0xeb,
    0x60, 0x0,

    /* U+00D3 "Ó" */
    0x0, 0x0, 0x0, 0x9b, 0x90, 0x0, 0x0, 0x0,
    0x0, 0x3f, 0xf3, 0x0, 0x0, 0x0, 0x0, 0xc,
    0xf6, 0x0, 0x0, 0x0, 0x0, 0x0, 0x0, 0x0,
    0x0, 0x0, 0x0, 0x0, 0x0, 0x0, 0x0, 0x0,
    0x0, 0x0, 0x7c, 0xff, 0xeb, 0x60, 0x0, 0x2,
    0xef, 0xff, 0xff, 0xff, 0xc1, 0x0, 0xef, 0xf8,
    0x32, 0x4a, 0xff, 0xb0, 0x6f, 0xf5, 0x0, 0x0,
    0x8, 0xff, 0x3a, 0xfd, 0x0, 0x0, 0x0, 0xf,
    0xf7, 0xcf, 0xa0, 0x0, 0x0, 0x0, 0xdf, 0x9c,
    0xf9, 0x0, 0x0, 0x0, 0xc, 0xf9, 0xcf, 0x90,
    0x0, 0x0, 0x0, 0xcf, 0x9c, 0xf9, 0x0, 0x0,
    0x0, 0xc, 0xf9, 0xcf, 0xa0, 0x0, 0x0, 0x0,
    0xdf, 0x9a, 0xfd, 0x0, 0x0, 0x0, 0xf, 0xf7,
    0x6f, 0xf5, 0x0, 0x0, 0x8, 0xff, 0x30, 0xef,
    0xf8, 0x32, 0x4a, 0xff, 0xb0, 0x3, 0xef, 0xff,
    0xff, 0xff, 0xc1, 0x0, 0x1, 0x7c, 0xff, 0xeb,
    0x60, 0x0,

    /* U+00D4 "Ô" */
    0x0, 0x0, 0x7f, 0xff, 0x40, 0x0, 0x0, 0x0,
    0x5f, 0xe5, 0xff, 0x30, 0x0, 0x0, 0x3e, 0xe3,
    0x6, 0xed, 0x10, 0x0, 0x0, 0x0, 0x0, 0x0,
    0x0, 0x0, 0x0, 0x7, 0xcf, 0xfe, 0xb6, 0x0,
    0x0, 0x2e, 0xff, 0xff, 0xff, 0xfc, 0x10, 0xe,
    0xff, 0x83, 0x24, 0xaf, 0xfb, 0x6, 0xff, 0x50,
    0x0, 0x0, 0x8f, 0xf3, 0xaf, 0xd0, 0x0, 0x0,
    0x0, 0xff, 0x7c, 0xfa, 0x0, 0x0, 0x0, 0xd,
    0xf9, 0xcf, 0x90, 0x0, 0x0, 0x0, 0xcf, 0x9c,
    0xf9, 0x0, 0x0, 0x0, 0xc, 0xf9, 0xcf, 0x90,
    0x0, 0x0, 0x0, 0xcf, 0x9c, 0xfa, 0x0, 0x0,
    0x0, 0xd, 0xf9, 0xaf, 0xd0, 0x0, 0x0, 0x0,
    0xff, 0x76, 0xff, 0x50, 0x0, 0x0, 0x8f, 0xf3,
    0xe, 0xff, 0x83, 0x24, 0xaf, 0xfb, 0x0, 0x3e,
    0xff, 0xff, 0xff, 0xfc, 0x10, 0x0, 0x17, 0xcf,
    0xfe, 0xb6, 0x0, 0x0,

    /* U+00D5 "Õ" */
    0x0, 0x0, 0x88, 0x0, 0x13, 0x0, 0x0, 0x0,
    0xbf, 0xfc, 0x1a, 0xe0, 0x0, 0x0, 0x2f, 0x73,
    0xef, 0xf8, 0x0, 0x0, 0x0, 0x20, 0x2, 0x97,
    0x0, 0x0, 0x0, 0x0, 0x0, 0x0, 0x0, 0x0,
    0x0, 0x0, 0x7c, 0xff, 0xeb, 0x60, 0x0, 0x2,
    0xef, 0xff, 0xff, 0xff, 0xc1, 0x0, 0xef, 0xf8,
    0x32, 0x4a, 0xff, 0xb0, 0x6f, 0xf5, 0x0, 0x0,
    0x8, 0xff, 0x3a, 0xfd, 0x0, 0x0, 0x0, 0xf,
    0xf7, 0xcf, 0xa0, 0x0, 0x0, 0x0, 0xdf, 0x9c,
    0xf9, 0x0, 0x0, 0x0, 0xc, 0xf9, 0xcf, 0x90,
    0x0, 0x0, 0x0, 0xcf, 0x9c, 0xf9, 0x0, 0x0,
    0x0, 0xc, 0xf9, 0xcf, 0xa0, 0x0, 0x0, 0x0,
    0xdf, 0x9a, 0xfd, 0x0, 0x0, 0x0, 0xf, 0xf7,
    0x6f, 0xf5, 0x0, 0x0, 0x8, 0xff, 0x30, 0xef,
    0xf8, 0x32, 0x4a, 0xff, 0xb0, 0x3, 0xef, 0xff,
    0xff, 0xff, 0xc1, 0x0, 0x1, 0x7c, 0xff, 0xeb,
    0x60, 0x0,

    /* U+00D6 "Ö" */
    0x0, 0x1d, 0xe3, 0x6, 0xfb, 0x0, 0x0, 0x6,
    0xff, 0x90, 0xcf, 0xf3, 0x0, 0x0, 0x2e, 0xf4,
    0x6, 0xfc, 0x0, 0x0, 0x0, 0x0, 0x0, 0x0,
    0x0, 0x0, 0x0, 0x0, 0x0, 0x0, 0x0, 0x0,
    0x0, 0x0, 0x7c, 0xff, 0xeb, 0x60, 0x0, 0x2,
    0xef, 0xff, 0xff, 0xff, 0xc1, 0x0, 0xef, 0xf8,
    0x32, 0x4a, 0xff, 0xb0, 0x6f, 0xf5, 0x0, 0x0,
    0x8, 0xff, 0x3a, 0xfd, 0x0, 0x0, 0x0, 0xf,
    0xf7, 0xcf, 0xa0, 0x0, 0x0, 0x0, 0xdf, 0x9c,
    0xf9, 0x0, 0x0, 0x0, 0xc, 0xf9, 0xcf, 0x90,
    0x0, 0x0, 0x0, 0xcf, 0x9c, 0xf9, 0x0, 0x0,
    0x0, 0xc, 0xf9, 0xcf, 0xa0, 0x0, 0x0, 0x0,
    0xdf, 0x9a, 0xfd, 0x0, 0x0, 0x0, 0xf, 0xf7,
    0x6f, 0xf5, 0x0, 0x0, 0x8, 0xff, 0x30, 0xef,
    0xf8, 0x32, 0x4a, 0xff, 0xb0, 0x3, 0xef, 0xff,
    0xff, 0xff, 0xc1, 0x0, 0x1, 0x7c, 0xff, 0xeb,
    0x60, 0x0,

    /* U+00D7 "×" */
    0x0, 0x0, 0x0, 0x0, 0x0, 0xb, 0x50, 0x0,
    0xa, 0x70, 0x7f, 0xf5, 0x0, 0xaf, 0xf2, 0x9,
    0xff, 0x6b, 0xff, 0x40, 0x0, 0x9f, 0xff, 0xf4,
    0x0, 0x0, 0xe, 0xff, 0x80, 0x0, 0x0, 0xbf,
    0xff, 0xf6, 0x0, 0xb, 0xfe, 0x38, 0xff, 0x60,
    0x7f, 0xe3, 0x0, 0x7f, 0xf2, 0x8, 0x20, 0x0,
    0x7, 0x40,

    /* U+00D8 "Ø" */
    0x0, 0x0, 0x0, 0x0, 0x3, 0x0, 0x0, 0x0,
    0x0, 0x0, 0x1, 0xfb, 0x0, 0x0, 0x7, 0xcf,
    0xfe, 0xff, 0x60, 0x0, 0x2e, 0xff, 0xff, 0xff,
    0xfc, 0x10, 0xe, 0xff, 0x83, 0x29, 0xff, 0xfb,
    0x6, 0xff, 0x50, 0x0, 0xbf, 0xaf, 0xf3, 0xaf,
    0xd0, 0x0, 0x2f, 0xa0, 0xff, 0x7c, 0xfa, 0x0,
    0x9, 0xf3, 0xd, 0xf9, 0xcf, 0x90, 0x0, 0xfc,
    0x0, 0xcf, 0x9c, 0xf9, 0x0, 0x7f, 0x50, 0xc,
    0xf9, 0xcf, 0x90, 0xd, 0xe0, 0x0, 0xcf, 0x9c,
    0xfa, 0x4, 0xf8, 0x0, 0xd, 0xf9, 0xaf, 0xd0,
    0xbf, 0x10, 0x0, 0xff, 0x76, 0xff, 0x7f, 0xa0,
    0x0, 0x8f, 0xf3, 0xe, 0xff, 0xf7, 0x24, 0xaf,
    0xfb, 0x0, 0x3f, 0xff, 0xff, 0xff, 0xfc, 0x10,
    0x0, 0x8f, 0xff, 0xfe, 0xb6, 0x0, 0x0, 0xd,
    0xe0, 0x0, 0x0, 0x0, 0x0, 0x0, 0x45, 0x0,
    0x0, 0x0, 0x0, 0x0,

    /* U+00D9 "Ù" */
    0x0, 0x1, 0xbb, 0x60, 0x0, 0x0, 0x0, 0x0,
    0x6, 0xfe, 0x10, 0x0, 0x0, 0x0, 0x0, 0xa,
    0xf9, 0x0, 0x0, 0x0, 0x0, 0x0, 0x0, 0x0,
    0x0, 0x0, 0x0, 0x0, 0x0, 0x0, 0x0, 0x0,
    0x8, 0xfe, 0x0, 0x0, 0x0, 0x2f, 0xf3, 0x8f,
    0xe0, 0x0, 0x0, 0x2, 0xff, 0x38, 0xfe, 0x0,
    0x0, 0x0, 0x2f, 0xf3, 0x8f, 0xe0, 0x0, 0x0,
    0x2, 0xff, 0x38, 0xfe, 0x0, 0x0, 0x0, 0x2f,
    0xf3, 0x8f, 0xe0, 0x0, 0x0, 0x2, 0xff, 0x38,
    0xfe, 0x0, 0x0, 0x0, 0x2f, 0xf3, 0x8f, 0xe0,
    0x0, 0x0, 0x2, 0xff, 0x38, 0xfe, 0x0, 0x0,
    0x0, 0x2f, 0xf3, 0x7f, 0xe0, 0x0, 0x0, 0x2,
    0xff, 0x36, 0xff, 0x0, 0x0, 0x0, 0x4f, 0xf2,
    0x3f, 0xf6, 0x0, 0x0, 0xa, 0xfe, 0x0, 0xcf,
    0xf8, 0x32, 0x4a, 0xff, 0x80, 0x2, 0xdf, 0xff,
    0xff, 0xff, 0xa0, 0x0, 0x0, 0x7c, 0xff, 0xeb,
    0x50, 0x0,

    /* U+00DA "Ú" */
    0x0, 0x0, 0x0, 0x9b, 0x90, 0x0, 0x0, 0x0,
    0x0, 0x4f, 0xf2, 0x0, 0x0, 0x0, 0x0, 0xd,
    0xf5, 0x0, 0x0, 0x0, 0x0, 0x0, 0x0, 0x0,
    0x0, 0x0, 0x0, 0x0, 0x0, 0x0, 0x0, 0x0,
    0x8, 0xfe, 0x0, 0x0, 0x0, 0x2f, 0xf3, 0x8f,
    0xe0, 0x0, 0x0, 0x2, 0xff, 0x38, 0xfe, 0x0,
    0x0, 0x0, 0x2f, 0xf3, 0x8f, 0xe0, 0x0, 0x0,
    0x2, 0xff, 0x38, 0xfe, 0x0, 0x0, 0x0, 0x2f,
    0xf3, 0x8f, 0xe0, 0x0, 0x0, 0x2, 0xff, 0x38,
    0xfe, 0x0, 0x0, 0x0, 0x2f, 0xf3, 0x8f, 0xe0,
    0x0, 0x0, 0x2, 0xff, 0x38, 0xfe, 0x0, 0x0,
    0x0, 0x2f, 0xf3, 0x7f, 0xe0, 0x0, 0x0, 0x2,
    0xff, 0x36, 0xff, 0x0, 0x0, 0x0, 0x4f, 0xf2,
    0x3f, 0xf6, 0x0, 0x0, 0xa, 0xfe, 0x0, 0xcf,
    0xf8, 0x32, 0x4a, 0xff, 0x80, 0x2, 0xdf, 0xff,
    0xff, 0xff, 0xa0, 0x0, 0x0, 0x7c, 0xff, 0xeb,
    0x50, 0x0,

    /* U+00DB "Û" */
    0x0, 0x0, 0x8f, 0xff, 0x40, 0x0, 0x0, 0x0,
    0x7f, 0xd5, 0xff, 0x30, 0x0, 0x0, 0x3b, 0xb2,
    0x5, 0xba, 0x10, 0x0, 0x0, 0x0, 0x0, 0x0,
    0x0, 0x0, 0x8f, 0xe0, 0x0, 0x0, 0x2, 0xff,
    0x38, 0xfe, 0x0, 0x0, 0x0, 0x2f, 0xf3, 0x8f,
    0xe0, 0x0, 0x0, 0x2, 0xff, 0x38, 0xfe, 0x0,
    0x0, 0x0, 0x2f, 0xf3, 0x8f, 0xe0, 0x0, 0x0,
    0x2, 0xff, 0x38, 0xfe, 0x0, 0x0, 0x0, 0x2f,
    0xf3, 0x8f, 0xe0, 0x0, 0x0, 0x2, 0xff, 0x38,
    0xfe, 0x0, 0x0, 0x0, 0x2f, 0xf3, 0x8f, 0xe0,
    0x0, 0x0, 0x2, 0xff, 0x37, 0xfe, 0x0, 0x0,
    0x0, 0x2f, 0xf3, 0x6f, 0xf0, 0x0, 0x0, 0x4,
    0xff, 0x23, 0xff, 0x60, 0x0, 0x0, 0xaf, 0xe0,
    0xc, 0xff, 0x83, 0x24, 0xaf, 0xf8, 0x0, 0x2d,
    0xff, 0xff, 0xff, 0xfa, 0x0, 0x0, 0x7, 0xcf,
    0xfe, 0xb5, 0x0, 0x0,

    /* U+00DC "Ü" */
    0x0, 0x2d, 0xe3, 0x6, 0xfb, 0x0, 0x0, 0x7,
    0xff, 0x80, 0xdf, 0xf2, 0x0, 0x0, 0x2e, 0xe3,
    0x7, 0xfc, 0x0, 0x0, 0x0, 0x0, 0x0, 0x0,
    0x0, 0x0, 0x0, 0x0, 0x0, 0x0, 0x0, 0x0,
    0x8, 0xfe, 0x0, 0x0, 0x0, 0x2f, 0xf3, 0x8f,
    0xe0, 0x0, 0x0, 0x2, 0xff, 0x38, 0xfe, 0x0,
    0x0, 0x0, 0x2f, 0xf3, 0x8f, 0xe0, 0x0, 0x0,
    0x2, 0xff, 0x38, 0xfe, 0x0, 0x0, 0x0, 0x2f,
    0xf3, 0x8f, 0xe0, 0x0, 0x0, 0x2, 0xff, 0x38,
    0xfe, 0x0, 0x0, 0x0, 0x2f, 0xf3, 0x8f, 0xe0,
    0x0, 0x0, 0x2, 0xff, 0x38, 0xfe, 0x0, 0x0,
    0x0, 0x2f, 0xf3, 0x7f, 0xe0, 0x0, 0x0, 0x2,
    0xff, 0x36, 0xff, 0x0, 0x0, 0x0, 0x4f, 0xf2,
    0x3f, 0xf6, 0x0, 0x0, 0xa, 0xfe, 0x0, 0xcf,
    0xf8, 0x32, 0x4a, 0xff, 0x80, 0x2, 0xdf, 0xff,
    0xff, 0xff, 0xa0, 0x0, 0x0, 0x7c, 0xff, 0xeb,
    0x50, 0x0,

    /* U+00DD "Ý" */
    0x0, 0x0, 0x0, 0x7f, 0xf2, 0x0, 0x0, 0x0,
    0x0, 0x1, 0xff, 0x50, 0x0, 0x0, 0x0, 0x0,
    0x5, 0xb7, 0x0, 0x0, 0x0, 0x0, 0x0, 0x0,
    0x0, 0x0, 0x0, 0x0, 0x7f, 0xf3, 0x0, 0x0,
    0x0, 0xaf, 0xf1, 0xe, 0xfb, 0x0, 0x0, 0x3,
    0xff, 0x70, 0x5, 0xff, 0x40, 0x0, 0xb, 0xfe,
    0x0, 0x0, 0xcf, 0xd0, 0x0, 0x4f, 0xf5, 0x0,
    0x0, 0x3f, 0xf6, 0x0, 0xdf, 0xc0, 0x0, 0x0,
    0xa, 0xfe, 0x6, 0xff, 0x30, 0x0, 0x0, 0x2,
    0xff, 0x9e, 0xfa, 0x0, 0x0, 0x0, 0x0, 0x8f,
    0xff, 0xf2, 0x0, 0x0, 0x0, 0x0, 0xe, 0xff,
    0x80, 0x0, 0x0, 0x0, 0x0, 0x7, 0xff, 0x0,
    0x0, 0x0, 0x0, 0x0, 0x6, 0xff, 0x0, 0x0,
    0x0, 0x0, 0x0, 0x6, 0xff, 0x0, 0x0, 0x0,
    0x0, 0x0, 0x6, 0xff, 0x0, 0x0, 0x0, 0x0,
    0x0, 0x6, 0xff, 0x0, 0x0, 0x0, 0x0, 0x0,
    0x6, 0xff, 0x0, 0x0, 0x0,

    /* U+00DE "Þ" */
    0x6f, 0xf0, 0x0, 0x0, 0x0, 0x0, 0x6f, 0xf0,
    0x0, 0x0, 0x0, 0x0, 0x6f, 0xf2, 0x22, 0x10,
    0x0, 0x0, 0x6f, 0xff, 0xff, 0xff, 0xd6, 0x0,
    0x6f, 0xff, 0xff, 0xff, 0xff, 0x90, 0x6f, 0xf0,
    0x0, 0x2, 0xbf, 0xf3, 0x6f, 0xf0, 0x0, 0x0,
    0xe, 0xf8, 0x6f, 0xf0, 0x0, 0x0, 0xc, 0xf9,
    0x6f, 0xf0, 0x0, 0x0, 0x1f, 0xf7, 0x6f, 0xf2,
    0x22, 0x24, 0xcf, 0xf2, 0x6f, 0xff, 0xff, 0xff,
    0xff, 0x70, 0x6f, 0xff, 0xff, 0xfe, 0xb4, 0x0,
    0x6f, 0xf0, 0x0, 0x0, 0x0, 0x0, 0x6f, 0xf0,
    0x0, 0x0, 0x0, 0x0, 0x6f, 0xf0, 0x0, 0x0,
    0x0, 0x0,

    /* U+00DF "ß" */
    0x0, 0x5, 0xbe, 0xfe, 0x92, 0x0, 0x0, 0xa,
    0xff, 0xfe, 0xff, 0xf3, 0x0, 0x7, 0xff, 0x70,
    0x1, 0xcf, 0xb0, 0x0, 0xef, 0x80, 0x0, 0x6,
    0xfd, 0x0, 0x2f, 0xf1, 0x0, 0x0, 0xbf, 0xa0,
    0x4, 0xff, 0x0, 0x2, 0xcf, 0xd1, 0x0, 0x5f,
    0xf0, 0x2, 0xff, 0xa1, 0x0, 0x5, 0xff, 0x0,
    0x5f, 0xf2, 0x0, 0x0, 0x5f, 0xf0, 0x1, 0xdf,
    0xfb, 0x40, 0x5, 0xff, 0x0, 0x0, 0x6c, 0xff,
    0x90, 0x5f, 0xf0, 0x0, 0x0, 0x5, 0xff, 0x45,
    0xff, 0x16, 0x80, 0x0, 0xc, 0xf7, 0x5f, 0xf2,
    0xff, 0x60, 0x3, 0xff, 0x55, 0xff, 0x8, 0xff,
    0xee, 0xff, 0xc0, 0x5f, 0xf0, 0x5, 0xcf, 0xfd,
    0x70, 0x0,

    /* U+00E0 "à" */
    0x0, 0x4, 0xff, 0x30, 0x0, 0x0, 0x0, 0x0,
    0x9, 0xfc, 0x0, 0x0, 0x0, 0x0, 0x0, 0xd,
    0xf4, 0x0, 0x0, 0x0, 0x0, 0x0, 0x1, 0x0,
    0x0, 0x0, 0x0, 0x6, 0xcf, 0xfd, 0x70, 0x0,
    0x0, 0xb, 0xff, 0xfe, 0xff, 0xc0, 0x0, 0x6,
    0xff, 0x40, 0x3, 0xff, 0x50, 0x0, 0x4, 0x40,
    0x0, 0xa, 0xf9, 0x0, 0x0, 0x17, 0xab, 0xbb,
    0xef, 0x90, 0x0, 0x4f, 0xff, 0xff, 0xff, 0xfa,
    0x0, 0xd, 0xfb, 0x10, 0x0, 0xaf, 0xa0, 0x0,
    0xff, 0x40, 0x0, 0xd, 0xfa, 0x0, 0xe, 0xfa,
    0x0, 0x1a, 0xff, 0xa0, 0x0, 0x6f, 0xff, 0xef,
    0xf7, 0xff, 0xd2, 0x0, 0x5c, 0xff, 0xc4, 0xa,
    0xff, 0x20,

    /* U+00E1 "á" */
    0x0, 0x0, 0x0, 0xdf, 0xa0, 0x0, 0x0, 0x0,
    0x0, 0x6f, 0xe1, 0x0, 0x0, 0x0, 0x0, 0xe,
    0xf4, 0x0, 0x0, 0x0, 0x0, 0x0, 0x11, 0x0,
    0x0, 0x0, 0x0, 0x6, 0xcf, 0xfd, 0x70, 0x0,
    0x0, 0xb, 0xff, 0xfe, 0xff, 0xc0, 0x0, 0x6,
    0xff, 0x40, 0x3, 0xff, 0x50, 0x0, 0x4, 0x40,
    0x0, 0xa, 0xf9, 0x0, 0x0, 0x17, 0xab, 0xbb,
    0xef, 0x90, 0x0, 0x4f, 0xff, 0xff, 0xff, 0xfa,
    0x0, 0xd, 0xfb, 0x10, 0x0, 0xaf, 0xa0, 0x0,
    0xff, 0x40, 0x0, 0xd, 0xfa, 0x0, 0xe, 0xfa,
    0x0, 0x1a, 0xff, 0xa0, 0x0, 0x6f, 0xff, 0xef,
    0xf7, 0xff, 0xd2, 0x0, 0x5c, 0xff, 0xc4, 0xa,
    0xff, 0x20,

    /* U+00E2 "â" */
    0x0, 0x0, 0x9f, 0xfe, 0x10, 0x0, 0x0, 0x0,
    0x7f, 0xd9, 0xfc, 0x0, 0x0, 0x0, 0x5f, 0xe1,
    0xa, 0xfb, 0x0, 0x0, 0x0, 0x0, 0x0, 0x0,
    0x0, 0x0, 0x0, 0x6, 0xcf, 0xfd, 0x70, 0x0,
    0x0, 0xb, 0xff, 0xfe, 0xff, 0xc0, 0x0, 0x6,
    0xff, 0x40, 0x3, 0xff, 0x50, 0x0, 0x4, 0x40,
    0x0, 0xa, 0xf9, 0x0, 0x0, 0x17, 0xab, 0xbb,
    0xef, 0x90, 0x0, 0x4f, 0xff, 0xff, 0xff, 0xfa,
    0x0, 0xd, 0xfb, 0x10, 0x0, 0xaf, 0xa0, 0x0,
    0xff, 0x40, 0x0, 0xd, 0xfa, 0x0, 0xe, 0xfa,
    0x0, 0x1a, 0xff, 0xa0, 0x0, 0x6f, 0xff, 0xef,
    0xf7, 0xff, 0xd2, 0x0, 0x5c, 0xff, 0xc4, 0xa,
    0xff, 0x20,

    /* U+00E3 "ã" */
    0x0, 0x6, 0xed, 0x30, 0xa6, 0x0, 0x0, 0x2,
    0xfe, 0xef, 0xdf, 0x70, 0x0, 0x0, 0x3c, 0x11,
    0xaf, 0x90, 0x0, 0x0, 0x0, 0x0, 0x0, 0x0,
    0x0, 0x0, 0x0, 0x6, 0xcf, 0xfd, 0x70, 0x0,
    0x0, 0xb, 0xff, 0xfe, 0xff, 0xc0, 0x0, 0x6,
    0xff, 0x40, 0x3, 0xff, 0x50, 0x0, 0x4, 0x40,
    0x0, 0xa, 0xf9, 0x0, 0x0, 0x17, 0xab, 0xbb,
    0xef, 0x90, 0x0, 0x4f, 0xff, 0xff, 0xff, 0xfa,
    0x0, 0xd, 0xfb, 0x10, 0x0, 0xaf, 0xa0, 0x0,
    0xff, 0x40, 0x0, 0xd, 0xfa, 0x0, 0xe, 0xfa,
    0x0, 0x1a, 0xff, 0xa0, 0x0, 0x6f, 0xff, 0xef,
    0xf7, 0xff, 0xd2, 0x0, 0x5c, 0xff, 0xc4, 0xa,
    0xff, 0x20,

    /* U+00E4 "ä" */
    0x0, 0x2d, 0xe3, 0xb, 0xf7, 0x0, 0x0, 0x7,
    0xff, 0x82, 0xff, 0xd0, 0x0, 0x0, 0x3e, 0xe3,
    0xc, 0xf7, 0x0, 0x0, 0x0, 0x0, 0x0, 0x0,
    0x0, 0x0, 0x0, 0x6, 0xcf, 0xfd, 0x70, 0x0,
    0x0, 0xb, 0xff, 0xfe, 0xff, 0xc0, 0x0, 0x6,
    0xff, 0x40, 0x3, 0xff, 0x50, 0x0, 0x4, 0x40,
    0x0, 0xa, 0xf9, 0x0, 0x0, 0x17, 0xab, 0xbb,
    0xef, 0x90, 0x0, 0x4f, 0xff, 0xff, 0xff, 0xfa,
    0x0, 0xd, 0xfb, 0x10, 0x0, 0xaf, 0xa0, 0x0,
    0xff, 0x40, 0x0, 0xd, 0xfa, 0x0, 0xe, 0xfa,
    0x0, 0x1a, 0xff, 0xa0, 0x0, 0x6f, 0xff, 0xef,
    0xf7, 0xff, 0xd2, 0x0, 0x5c, 0xff, 0xc4, 0xa,
    0xff, 0x20,

    /* U+00E5 "å" */
    0x0, 0x0, 0x0, 0x0, 0x0, 0x0, 0x0, 0x0,
    0x4, 0xef, 0x90, 0x0, 0x0, 0x0, 0x0, 0xeb,
    0x7f, 0x40, 0x0, 0x0, 0x0, 0xf, 0x94, 0xf5,
    0x0, 0x0, 0x0, 0x0, 0x7f, 0xfc, 0x0, 0x0,
    0x0, 0x0, 0x0, 0x13, 0x0, 0x0, 0x0, 0x0,
    0x6, 0xcf, 0xfd, 0x70, 0x0, 0x0, 0xb, 0xff,
    0xfe, 0xff, 0xc0, 0x0, 0x6, 0xff, 0x40, 0x3,
    0xff, 0x50, 0x0, 0x4, 0x40, 0x0, 0xa, 0xf9,
    0x0, 0x0, 0x17, 0xab, 0xbb, 0xef, 0x90, 0x0,
    0x4f, 0xff, 0xff, 0xff, 0xfa, 0x0, 0xd, 0xfb,
    0x10, 0x0, 0xaf, 0xa0, 0x0, 0xff, 0x40, 0x0,
    0xd, 0xfa, 0x0, 0xe, 0xfa, 0x0, 0x1a, 0xff,
    0xa0, 0x0, 0x6f, 0xff, 0xef, 0xf7, 0xff, 0xd2,
    0x0, 0x5c, 0xff, 0xc4, 0xa, 0xff, 0x20,

    /* U+00E6 "æ" */
    0x0, 0x7, 0xcf, 0xfc, 0x50, 0x6, 0xdf, 0xeb,
    0x40, 0x0, 0xc, 0xff, 0xfe, 0xff, 0x8b, 0xff,
    0xef, 0xff, 0x60, 0x7, 0xfe, 0x30, 0x3, 0xef,
    0xfb, 0x10, 0x7, 0xff, 0x20, 0x5, 0x30, 0x0,
    0x8, 0xff, 0x0, 0x0, 0xb, 0xf8, 0x0, 0x17,
    0x9b, 0xbb, 0xdf, 0xfb, 0xbb, 0xbb, 0xdf, 0xa0,
    0x4f, 0xff, 0xff, 0xff, 0xff, 0xff, 0xff, 0xff,
    0xfb, 0xd, 0xfa, 0x20, 0x0, 0x8f, 0xd0, 0x0,
    0x0, 0x0, 0x0, 0xff, 0x30, 0x0, 0xd, 0xff,
    0x30, 0x0, 0x5, 0x30, 0xe, 0xfb, 0x10, 0x2a,
    0xfe, 0xfe, 0x40, 0x6, 0xff, 0x30, 0x6f, 0xff,
    0xff, 0xfd, 0x1a, 0xff, 0xff, 0xff, 0x90, 0x0,
    0x4b, 0xef, 0xe9, 0x10, 0x5, 0xcf, 0xfc, 0x60,
    0x0,

    /* U+00E7 "ç" */
    0x0, 0x29, 0xdf, 0xeb, 0x50, 0x0, 0x4, 0xff,
    0xff, 0xff, 0xfa, 0x0, 0x1f, 0xfc, 0x40, 0x17,
    0xff, 0x60, 0x8f, 0xe1, 0x0, 0x0, 0x8f, 0xd0,
    0xcf, 0x80, 0x0, 0x0, 0x25, 0x20, 0xdf, 0x60,
    0x0, 0x0, 0x0, 0x0, 0xcf, 0x80, 0x0, 0x0,
    0x15, 0x10, 0x8f, 0xe1, 0x0, 0x0, 0x7f, 0xe0,
    0x2f, 0xfc, 0x30, 0x17, 0xff, 0x70, 0x5, 0xff,
    0xff, 0xff, 0xfa, 0x0, 0x0, 0x29, 0xef, 0xfc,
    0x50, 0x0, 0x0, 0x0, 0x1f, 0xb3, 0x0, 0x0,
    0x0, 0x0, 0x5, 0xaf, 0x30, 0x0, 0x0, 0x4,
    0xa7, 0xbf, 0x50, 0x0, 0x0, 0x5, 0xdf, 0xe9,
    0x0, 0x0,

    /* U+00E8 "è" */
    0x0, 0xe, 0xf9, 0x0, 0x0, 0x0, 0x0, 0x3f,
    0xf2, 0x0, 0x0, 0x0, 0x0, 0x7f, 0xa0, 0x0,
    0x0, 0x0, 0x0, 0x11, 0x0, 0x0, 0x0, 0x29,
    0xef, 0xea, 0x30, 0x0, 0x5f, 0xff, 0xff, 0xff,
    0x50, 0x2f, 0xfa, 0x20, 0x19, 0xff, 0x28, 0xfc,
    0x0, 0x0, 0xc, 0xf8, 0xcf, 0xdb, 0xbb, 0xbb,
    0xdf, 0xbd, 0xff, 0xff, 0xff, 0xff, 0xfc, 0xcf,
    0x80, 0x0, 0x0, 0x0, 0x8, 0xfd, 0x0, 0x0,
    0x7, 0x50, 0x2f, 0xfb, 0x20, 0x7, 0xff, 0x30,
    0x5f, 0xff, 0xff, 0xff, 0x70, 0x0, 0x29, 0xef,
    0xeb, 0x40, 0x0,

    /* U+00E9 "é" */
    0x0, 0x0, 0x7, 0xfe, 0x10, 0x0, 0x0, 0x1,
    0xff, 0x50, 0x0, 0x0, 0x0, 0x8f, 0x90, 0x0,
    0x0, 0x0, 0x1, 0x10, 0x0, 0x0, 0x0, 0x29,
    0xef, 0xea, 0x30, 0x0, 0x5f, 0xff, 0xff, 0xff,
    0x50, 0x2f, 0xfa, 0x20, 0x19, 0xff, 0x28, 0xfc,
    0x0, 0x0, 0xc, 0xf8, 0xcf, 0xdb, 0xbb, 0xbb,
    0xdf, 0xbd, 0xff, 0xff, 0xff, 0xff, 0xfc, 0xcf,
    0x80, 0x0, 0x0, 0x0, 0x8, 0xfd, 0x0, 0x0,
    0x7, 0x50, 0x2f, 0xfb, 0x20, 0x7, 0xff, 0x30,
    0x5f, 0xff, 0xff, 0xff, 0x70, 0x0, 0x29, 0xef,
    0xeb, 0x40, 0x0,

    /* U+00EA "ê" */
    0x0, 0x4, 0xff, 0xf5, 0x0, 0x0, 0x2, 0xff,
    0x8f, 0xf4, 0x0, 0x1, 0xef, 0x60, 0x4f, 0xe2,
    0x0, 0x0, 0x0, 0x0, 0x0, 0x0, 0x0, 0x29,
    0xef, 0xea, 0x30, 0x0, 0x5f, 0xff, 0xff, 0xff,
    0x50, 0x2f, 0xfa, 0x20, 0x19, 0xff, 0x28, 0xfc,
    0x0, 0x0, 0xc, 0xf8, 0xcf, 0xdb, 0xbb, 0xbb,
    0xdf, 0xbd, 0xff, 0xff, 0xff, 0xff, 0xfc, 0xcf,
    0x80, 0x0, 0x0, 0x0, 0x8, 0xfd, 0x0, 0x0,
    0x7, 0x50, 0x2f, 0xfb, 0x20, 0x7, 0xff, 0x30,
    0x5f, 0xff, 0xff, 0xff, 0x70, 0x0, 0x29, 0xef,
    0xeb, 0x40, 0x0,

    /* U+00EB "ë" */
    0x0, 0xaf, 0x70, 0x6f, 0xb0, 0x0, 0x1f, 0xfe,
    0xc, 0xff, 0x30, 0x0, 0xbf, 0x80, 0x6f, 0xc0,
    0x0, 0x0, 0x0, 0x0, 0x0, 0x0, 0x0, 0x29,
    0xef, 0xea, 0x30, 0x0, 0x5f, 0xff, 0xff, 0xff,
    0x50, 0x2f, 0xfa, 0x20, 0x19, 0xff, 0x28, 0xfc,
    0x0, 0x0, 0xc, 0xf8, 0xcf, 0xdb, 0xbb, 0xbb,
    0xdf, 0xbd, 0xff, 0xff, 0xff, 0xff, 0xfc, 0xcf,
    0x80, 0x0, 0x0, 0x0, 0x8, 0xfd, 0x0, 0x0,
    0x7, 0x50, 0x2f, 0xfb, 0x20, 0x7, 0xff, 0x30,
    0x5f, 0xff, 0xff, 0xff, 0x70, 0x0, 0x29, 0xef,
    0xeb, 0x40, 0x0,

    /* U+00EC "ì" */
    0xa, 0xfd, 0x0, 0x1, 0xef, 0x60, 0x0, 0x4f,
    0xe0, 0x0, 0x1, 0x10, 0x0, 0x5f, 0xf0, 0x0,
    0x5f, 0xf0, 0x0, 0x5f, 0xf0, 0x0, 0x5f, 0xf0,
    0x0, 0x5f, 0xf0, 0x0, 0x5f, 0xf0, 0x0, 0x5f,
    0xf0, 0x0, 0x5f, 0xf0, 0x0, 0x5f, 0xf0, 0x0,
    0x5f, 0xf0, 0x0, 0x5f, 0xf0,

    /* U+00ED "í" */
    0x3, 0xff, 0x40, 0xcf, 0x90, 0x4f, 0xd0, 0x0,
    0x10, 0x0, 0x5f, 0xf0, 0x5, 0xff, 0x0, 0x5f,
    0xf0, 0x5, 0xff, 0x0, 0x5f, 0xf0, 0x5, 0xff,
    0x0, 0x5f, 0xf0, 0x5, 0xff, 0x0, 0x5f, 0xf0,
    0x5, 0xff, 0x0, 0x5f, 0xf0, 0x0,

    /* U+00EE "î" */
    0x0, 0x1e, 0xff, 0xa0, 0x0, 0x1d, 0xf9, 0xdf,
    0x90, 0xa, 0xd8, 0x1, 0xcd, 0x50, 0x0, 0x0,
    0x0, 0x0, 0x0, 0x5, 0xff, 0x0, 0x0, 0x0,
    0x5f, 0xf0, 0x0, 0x0, 0x5, 0xff, 0x0, 0x0,
    0x0, 0x5f, 0xf0, 0x0, 0x0, 0x5, 0xff, 0x0,
    0x0, 0x0, 0x5f, 0xf0, 0x0, 0x0, 0x5, 0xff,
    0x0, 0x0, 0x0, 0x5f, 0xf0, 0x0, 0x0, 0x5,
    0xff, 0x0, 0x0, 0x0, 0x5f, 0xf0, 0x0, 0x0,
    0x5, 0xff, 0x0, 0x0,

    /* U+00EF "ï" */
    0x7f, 0xb0, 0x3e, 0xd2, 0xdf, 0xf2, 0x8f, 0xf7,
    0x7f, 0xc0, 0x3e, 0xe3, 0x0, 0x0, 0x0, 0x0,
    0x0, 0x5f, 0xf0, 0x0, 0x0, 0x5f, 0xf0, 0x0,
    0x0, 0x5f, 0xf0, 0x0, 0x0, 0x5f, 0xf0, 0x0,
    0x0, 0x5f, 0xf0, 0x0, 0x0, 0x5f, 0xf0, 0x0,
    0x0, 0x5f, 0xf0, 0x0, 0x0, 0x5f, 0xf0, 0x0,
    0x0, 0x5f, 0xf0, 0x0, 0x0, 0x5f, 0xf0, 0x0,
    0x0, 0x5f, 0xf0, 0x0,

    /* U+00F0 "ð" */
    0x0, 0x0, 0x30, 0x17, 0x0, 0x0, 0x0, 0x5,
    0xfc, 0xce, 0x10, 0x0, 0x0, 0x4, 0xdf, 0xfb,
    0x0, 0x0, 0x0, 0x0, 0x3f, 0xff, 0xb0, 0x0,
    0x0, 0x0, 0x8c, 0x1d, 0xf8, 0x0, 0x0, 0x0,
    0x0, 0x1, 0xff, 0x30, 0x0, 0x3a, 0xef, 0xd5,
    0x8f, 0xa0, 0x6, 0xff, 0xfe, 0xff, 0xdf, 0xf0,
    0x2f, 0xfb, 0x10, 0x5, 0xff, 0xf3, 0x9f, 0xd0,
    0x0, 0x0, 0x6f, 0xf5, 0xcf, 0x80, 0x0, 0x0,
    0xf, 0xf6, 0xdf, 0x60, 0x0, 0x0, 0xe, 0xf5,
    0xbf, 0x90, 0x0, 0x0, 0xf, 0xf3, 0x8f, 0xe1,
    0x0, 0x0, 0x7f, 0xf0, 0x1e, 0xfc, 0x30, 0x17,
    0xff, 0x80, 0x4, 0xff, 0xff, 0xff, 0xfb, 0x0,
    0x0, 0x19, 0xdf, 0xfc, 0x60, 0x0,

    /* U+00F1 "ñ" */
    0x0, 0xb, 0xf9, 0x3, 0xb1, 0x0, 0xa, 0xfc,
    0xfd, 0xfe, 0x10, 0x0, 0x89, 0x4, 0xee, 0x40,
    0x0, 0x0, 0x0, 0x0, 0x0, 0x0, 0x5f, 0xe0,
    0x8d, 0xfe, 0x91, 0x5, 0xfe, 0xbf, 0xdc, 0xff,
    0xd0, 0x5f, 0xfe, 0x30, 0x2, 0xef, 0x85, 0xff,
    0x50, 0x0, 0x7, 0xfd, 0x5f, 0xf0, 0x0, 0x0,
    0x5f, 0xf5, 0xff, 0x0, 0x0, 0x5, 0xff, 0x5f,
    0xf0, 0x0, 0x0, 0x5f, 0xf5, 0xff, 0x0, 0x0,
    0x5, 0xff, 0x5f, 0xf0, 0x0, 0x0, 0x5f, 0xf5,
    0xff, 0x0, 0x0, 0x5, 0xff, 0x5f, 0xf0, 0x0,
    0x0, 0x5f, 0xf0,

    /* U+00F2 "ò" */
    0x0, 0xb, 0xfc, 0x0, 0x0, 0x0, 0x0, 0x1,
    0xef, 0x50, 0x0, 0x0, 0x0, 0x0, 0x4f, 0xd0,
    0x0, 0x0, 0x0, 0x0, 0x1, 0x10, 0x0, 0x0,
    0x0, 0x29, 0xdf, 0xeb, 0x60, 0x0, 0x4, 0xff,
    0xff, 0xff, 0xfb, 0x0, 0x2f, 0xfc, 0x30, 0x27,
    0xff, 0x90, 0x8f, 0xe0, 0x0, 0x0, 0x6f, 0xf1,
    0xcf, 0x80, 0x0, 0x0, 0xf, 0xf4, 0xdf, 0x60,
    0x0, 0x0, 0xe, 0xf6, 0xcf, 0x80, 0x0, 0x0,
    0xf, 0xf4, 0x8f, 0xe0, 0x0, 0x0, 0x6f, 0xf1,
    0x2f, 0xfc, 0x30, 0x17, 0xff, 0x90, 0x5, 0xff,
    0xff, 0xff, 0xfc, 0x0, 0x0, 0x29, 0xdf, 0xec,
    0x60, 0x0,

    /* U+00F3 "ó" */
    0x0, 0x0, 0x4, 0xff, 0x40, 0x0, 0x0, 0x0,
    0xc, 0xf8, 0x0, 0x0, 0x0, 0x0, 0x5f, 0xc0,
    0x0, 0x0, 0x0, 0x0, 0x1, 0x0, 0x0, 0x0,
    0x0, 0x29, 0xdf, 0xeb, 0x60, 0x0, 0x4, 0xff,
    0xff, 0xff, 0xfb, 0x0, 0x2f, 0xfc, 0x30, 0x27,
    0xff, 0x90, 0x8f, 0xe0, 0x0, 0x0, 0x6f, 0xf1,
    0xcf, 0x80, 0x0, 0x0, 0xf, 0xf4, 0xdf, 0x60,
    0x0, 0x0, 0xe, 0xf6, 0xcf, 0x80, 0x0, 0x0,
    0xf, 0xf4, 0x8f, 0xe0, 0x0, 0x0, 0x6f, 0xf1,
    0x2f, 0xfc, 0x30, 0x17, 0xff, 0x90, 0x5, 0xff,
    0xff, 0xff, 0xfc, 0x0, 0x0, 0x29, 0xdf, 0xec,
    0x60, 0x0,

    /* U+00F4 "ô" */
    0x0, 0x2, 0xef, 0xf8, 0x0, 0x0, 0x0, 0x1d,
    0xf9, 0xdf, 0x60, 0x0, 0x0, 0xcf, 0x90, 0x2e,
    0xf4, 0x0, 0x0, 0x0, 0x0, 0x0, 0x0, 0x0,
    0x0, 0x29, 0xdf, 0xeb, 0x60, 0x0, 0x4, 0xff,
    0xff, 0xff, 0xfb, 0x0, 0x2f, 0xfc, 0x30, 0x27,
    0xff, 0x90, 0x8f, 0xe0, 0x0, 0x0, 0x6f, 0xf1,
    0xcf, 0x80, 0x0, 0x0, 0xf, 0xf4, 0xdf, 0x60,
    0x0, 0x0, 0xe, 0xf6, 0xcf, 0x80, 0x0, 0x0,
    0xf, 0xf4, 0x8f, 0xe0, 0x0, 0x0, 0x6f, 0xf1,
    0x2f, 0xfc, 0x30, 0x17, 0xff, 0x90, 0x5, 0xff,
    0xff, 0xff, 0xfc, 0x0, 0x0, 0x29, 0xdf, 0xec,
    0x60, 0x0,

    /* U+00F5 "õ" */
    0x0, 0xb, 0xf9, 0x3, 0xb2, 0x0, 0x0, 0x9f,
    0xcf, 0xee, 0xf1, 0x0, 0x0, 0x79, 0x4, 0xde,
    0x40, 0x0, 0x0, 0x0, 0x0, 0x0, 0x0, 0x0,
    0x0, 0x29, 0xdf, 0xeb, 0x60, 0x0, 0x4, 0xff,
    0xff, 0xff, 0xfb, 0x0, 0x2f, 0xfc, 0x30, 0x27,
    0xff, 0x90, 0x8f, 0xe0, 0x0, 0x0, 0x6f, 0xf1,
    0xcf, 0x80, 0x0, 0x0, 0xf, 0xf4, 0xdf, 0x60,
    0x0, 0x0, 0xe, 0xf6, 0xcf, 0x80, 0x0, 0x0,
    0xf, 0xf4, 0x8f, 0xe0, 0x0, 0x0, 0x6f, 0xf1,
    0x2f, 0xfc, 0x30, 0x17, 0xff, 0x90, 0x5, 0xff,
    0xff, 0xff, 0xfc, 0x0, 0x0, 0x29, 0xdf, 0xec,
    0x60, 0x0,

    /* U+00F6 "ö" */
    0x0, 0x8f, 0xa0, 0x3e, 0xd2, 0x0, 0x0, 0xef,
    0xf1, 0x9f, 0xf6, 0x0, 0x0, 0x8f, 0xb0, 0x4f,
    0xe2, 0x0, 0x0, 0x0, 0x0, 0x0, 0x0, 0x0,
    0x0, 0x29, 0xdf, 0xeb, 0x60, 0x0, 0x4, 0xff,
    0xff, 0xff, 0xfb, 0x0, 0x2f, 0xfc, 0x30, 0x27,
    0xff, 0x90, 0x8f, 0xe0, 0x0, 0x0, 0x6f, 0xf1,
    0xcf, 0x80, 0x0, 0x0, 0xf, 0xf4, 0xdf, 0x60,
    0x0, 0x0, 0xe, 0xf6, 0xcf, 0x80, 0x0, 0x0,
    0xf, 0xf4, 0x8f, 0xe0, 0x0, 0x0, 0x6f, 0xf1,
    0x2f, 0xfc, 0x30, 0x17, 0xff, 0x90, 0x5, 0xff,
    0xff, 0xff, 0xfc, 0x0, 0x0, 0x29, 0xdf, 0xec,
    0x60, 0x0,

    /* U+00F7 "÷" */
    0x0, 0x5, 0xec, 0x10, 0x0, 0x0, 0xc, 0xff,
    0x60, 0x0, 0x0, 0x9, 0xff, 0x30, 0x0, 0x0,
    0x0, 0x32, 0x0, 0x0, 0xcf, 0xff, 0xff, 0xff,
    0xf6, 0xcf, 0xff, 0xff, 0xff, 0xf6, 0x0, 0x0,
    0x0, 0x0, 0x0, 0x0, 0x0, 0x31, 0x0, 0x0,
    0x0, 0x8, 0xff, 0x30, 0x0, 0x0, 0xc, 0xff,
    0x60, 0x0, 0x0, 0x5, 0xec, 0x10, 0x0,

    /* U+00F8 "ø" */
    0x0, 0x0, 0x0, 0x0, 0x0, 0x0, 0x0, 0x0,
    0x0, 0x0, 0x3c, 0x10, 0x0, 0x29, 0xdf, 0xec,
    0xfe, 0x10, 0x4, 0xff, 0xff, 0xff, 0xff, 0x0,
    0x2f, 0xfc, 0x30, 0x5f, 0xff, 0x90, 0x8f, 0xe0,
    0x0, 0xde, 0x8f, 0xf1, 0xcf, 0x80, 0x7, 0xf5,
    0xf, 0xf4, 0xdf, 0x60, 0x2f, 0xb0, 0xe, 0xf6,
    0xcf, 0x80, 0xcf, 0x10, 0xf, 0xf4, 0x8f, 0xe7,
    0xf6, 0x0, 0x6f, 0xf1, 0x2f, 0xff, 0xf0, 0x17,
    0xff, 0x90, 0x5, 0xff, 0xff, 0xff, 0xfc, 0x0,
    0x6, 0xff, 0xdf, 0xec, 0x60, 0x0, 0x8, 0xc0,
    0x0, 0x0, 0x0, 0x0, 0x0, 0x0, 0x0, 0x0,
    0x0, 0x0,

    /* U+00F9 "ù" */
    0x0, 0xc, 0xfb, 0x0, 0x0, 0x0, 0x0, 0x2f,
    0xf4, 0x0, 0x0, 0x0, 0x0, 0x5f, 0xc0, 0x0,
    0x0, 0x0, 0x0, 0x11, 0x0, 0x0, 0x7f, 0xd0,
    0x0, 0x0, 0x7f, 0xd7, 0xfd, 0x0, 0x0, 0x7,
    0xfd, 0x7f, 0xd0, 0x0, 0x0, 0x7f, 0xd7, 0xfd,
    0x0, 0x0, 0x7, 0xfd, 0x7f, 0xd0, 0x0, 0x0,
    0x7f, 0xd7, 0xfd, 0x0, 0x0, 0x7, 0xfd, 0x6f,
    0xd0, 0x0, 0x0, 0x9f, 0xd5, 0xff, 0x0, 0x0,
    0xe, 0xfd, 0x1f, 0xfa, 0x10, 0x1b, 0xff, 0xd0,
    0x7f, 0xff, 0xff, 0xf9, 0xfd, 0x0, 0x5c, 0xfe,
    0xb2, 0x6f, 0xd0,

    /* U+00FA "ú" */
    0x0, 0x0, 0x5, 0xff, 0x30, 0x0, 0x0, 0x0,
    0xdf, 0x70, 0x0, 0x0, 0x0, 0x6f, 0xb0, 0x0,
    0x0, 0x0, 0x1, 0x10, 0x0, 0x0, 0x7f, 0xd0,
    0x0, 0x0, 0x7f, 0xd7, 0xfd, 0x0, 0x0, 0x7,
    0xfd, 0x7f, 0xd0, 0x0, 0x0, 0x7f, 0xd7, 0xfd,
    0x0, 0x0, 0x7, 0xfd, 0x7f, 0xd0, 0x0, 0x0,
    0x7f, 0xd7, 0xfd, 0x0, 0x0, 0x7, 0xfd, 0x6f,
    0xd0, 0x0, 0x0, 0x9f, 0xd5, 0xff, 0x0, 0x0,
    0xe, 0xfd, 0x1f, 0xfa, 0x10, 0x1b, 0xff, 0xd0,
    0x7f, 0xff, 0xff, 0xf9, 0xfd, 0x0, 0x5c, 0xfe,
    0xb2, 0x6f, 0xd0,

    /* U+00FB "û" */
    0x0, 0x3, 0xff, 0xf8, 0x0, 0x0, 0x2, 0xef,
    0x8e, 0xf6, 0x0, 0x0, 0xbd, 0x60, 0x2c, 0xd4,
    0x0, 0x0, 0x0, 0x0, 0x0, 0x0, 0x7f, 0xd0,
    0x0, 0x0, 0x7f, 0xd7, 0xfd, 0x0, 0x0, 0x7,
    0xfd, 0x7f, 0xd0, 0x0, 0x0, 0x7f, 0xd7, 0xfd,
    0x0, 0x0, 0x7, 0xfd, 0x7f, 0xd0, 0x0, 0x0,
    0x7f, 0xd7, 0xfd, 0x0, 0x0, 0x7, 0xfd, 0x6f,
    0xd0, 0x0, 0x0, 0x9f, 0xd5, 0xff, 0x0, 0x0,
    0xe, 0xfd, 0x1f, 0xfa, 0x10, 0x1b, 0xff, 0xd0,
    0x7f, 0xff, 0xff, 0xf9, 0xfd, 0x0, 0x5c, 0xfe,
    0xb2, 0x6f, 0xd0,

    /* U+00FC "ü" */
    0x0, 0x8f, 0x90, 0x4e, 0xd1, 0x0, 0xf, 0xff,
    0xa, 0xff, 0x60, 0x0, 0x9f, 0xa0, 0x4f, 0xe1,
    0x0, 0x0, 0x0, 0x0, 0x0, 0x0, 0x7f, 0xd0,
    0x0, 0x0, 0x7f, 0xd7, 0xfd, 0x0, 0x0, 0x7,
    0xfd, 0x7f, 0xd0, 0x0, 0x0, 0x7f, 0xd7, 0xfd,
    0x0, 0x0, 0x7, 0xfd, 0x7f, 0xd0, 0x0, 0x0,
    0x7f, 0xd7, 0xfd, 0x0, 0x0, 0x7, 0xfd, 0x6f,
    0xd0, 0x0, 0x0, 0x9f, 0xd5, 0xff, 0x0, 0x0,
    0xe, 0xfd, 0x1f, 0xfa, 0x10, 0x1b, 0xff, 0xd0,
    0x7f, 0xff, 0xff, 0xf9, 0xfd, 0x0, 0x5c, 0xfe,
    0xb2, 0x6f, 0xd0,

    /* U+00FD "ý" */
    0x0, 0x0, 0x5, 0xff, 0x30, 0x0, 0x0, 0x0,
    0xdf, 0x70, 0x0, 0x0, 0x0, 0x6f, 0xc0, 0x0,
    0x0, 0x0, 0x1, 0x10, 0x0, 0x0, 0x7f, 0xd0,
    0x0, 0x0, 0x7f, 0xd7, 0xfd, 0x0, 0x0, 0x7,
    0xfd, 0x7f, 0xd0, 0x0, 0x0, 0x7f, 0xd7, 0xfd,
    0x0, 0x0, 0x7, 0xfd, 0x7f, 0xd0, 0x0, 0x0,
    0x7f, 0xd7, 0xfd, 0x0, 0x0, 0x7, 0xfd, 0x6f,
    0xd0, 0x0, 0x0, 0x9f, 0xd5, 0xff, 0x0, 0x0,
    0xe, 0xfd, 0x1f, 0xfa, 0x10, 0x1b, 0xff, 0xd0,
    0x7f, 0xff, 0xff, 0xf9, 0xfd, 0x0, 0x5c, 0xfe,
    0xb2, 0x6f, 0xd0, 0x0, 0x0, 0x0, 0x6, 0xfd,
    0x0, 0x0, 0x0, 0x0, 0x7f, 0xd0, 0x1f, 0xff,
    0xff, 0xff, 0xfb, 0x1, 0xff, 0xff, 0xff, 0xfd,
    0x20,

    /* U+00FE "þ" */
    0x5f, 0xf0, 0x0, 0x0, 0x0, 0x0, 0x5f, 0xf0,
    0x0, 0x0, 0x0, 0x0, 0x5f, 0xf0, 0x0, 0x0,
    0x0, 0x0, 0x5f, 0xf0, 0x0, 0x0, 0x0, 0x0,
    0x5f, 0xf1, 0x9d, 0xfe, 0xb4, 0x0, 0x5f, 0xfe,
    0xff, 0xff, 0xff, 0x70, 0x5f, 0xff, 0x71, 0x3,
    0xcf, 0xf3, 0x5f, 0xf7, 0x0, 0x0, 0xd, 0xfa,
    0x5f, 0xf1, 0x0, 0x0, 0x7, 0xfd, 0x5f, 0xf0,
    0x0, 0x0, 0x5, 0xfe, 0x5f, 0xf1, 0x0, 0x0,
    0x7, 0xfd, 0x5f, 0xf7, 0x0, 0x0, 0xd, 0xfa,
    0x5f, 0xff, 0x71, 0x2, 0xbf, 0xf3, 0x5f, 0xf5,
    0xff, 0xff, 0xff, 0x70, 0x5f, 0xf0, 0x5c, 0xfe,
    0xb4, 0x0, 0x5f, 0xf0, 0x0, 0x0, 0x0, 0x0,
    0x5f, 0xf0, 0x0, 0x0, 0x0, 0x0, 0x5f, 0xf0,
    0x0, 0x0, 0x0, 0x0, 0x5f, 0xf0, 0x0, 0x0,
    0x0, 0x0,

    /* U+00FF "ÿ" */
    0x0, 0x8f, 0x90, 0x4e, 0xd1, 0x0, 0xf, 0xff,
    0xa, 0xff, 0x60, 0x0, 0x9f, 0xa0, 0x4f, 0xe1,
    0x0, 0x0, 0x0, 0x0, 0x0, 0x0, 0x7f, 0xd0,
    0x0, 0x0, 0x7f, 0xd7, 0xfd, 0x0, 0x0, 0x7,
    0xfd, 0x7f, 0xd0, 0x0, 0x0, 0x7f, 0xd7, 0xfd,
    0x0, 0x0, 0x7, 0xfd, 0x7f, 0xd0, 0x0, 0x0,
    0x7f, 0xd7, 0xfd, 0x0, 0x0, 0x7, 0xfd, 0x6f,
    0xd0, 0x0, 0x0, 0x9f, 0xd5, 0xff, 0x0, 0x0,
    0xe, 0xfd, 0x1f, 0xfa, 0x10, 0x1b, 0xff, 0xd0,
    0x7f, 0xff, 0xff, 0xf9, 0xfd, 0x0, 0x5c, 0xfe,
    0xb2, 0x6f, 0xd0, 0x0, 0x0, 0x0, 0x6, 0xfd,
    0x0, 0x0, 0x0, 0x0, 0x7f, 0xd0, 0x1f, 0xff,
    0xff, 0xff, 0xfb, 0x1, 0xff, 0xff, 0xff, 0xfd,
    0x20,

    /* U+2022 "•" */
    0x2, 0x99, 0x50, 0x3, 0xff, 0xff, 0x70, 0x9f,
    0xff, 0xff, 0xa, 0xff, 0xff, 0xf0, 0x5f, 0xff,
    0xfb, 0x0, 0x7e, 0xfa, 0x10,

    /* U+F001 "" */
    0x0, 0x0, 0x0, 0x0, 0x0, 0x0, 0x0, 0x0,
    0x0, 0x0, 0x1, 0x0, 0x0, 0x0, 0x0, 0x0,
    0x0, 0x0, 0x0, 0x0, 0x5, 0x9e, 0xf8, 0x0,
    0x0, 0x0, 0x0, 0x0, 0x0, 0x0, 0x26, 0xbf,
    0xff, 0xff, 0xd0, 0x0, 0x0, 0x0, 0x0, 0x0,
    0x48, 0xdf, 0xff, 0xff, 0xff, 0xfd, 0x0, 0x0,
    0x0, 0x1, 0x5a, 0xff, 0xff, 0xff, 0xff, 0xff,
    0xff, 0xd0, 0x0, 0x0, 0x5, 0xff, 0xff, 0xff,
    0xff, 0xff, 0xff, 0xff, 0xfd, 0x0, 0x0, 0x0,
    0xaf, 0xff, 0xff, 0xff, 0xff, 0xff, 0xff, 0xff,
    0xd0, 0x0, 0x0, 0xa, 0xff, 0xff, 0xff, 0xff,
    0xfd, 0x94, 0xe, 0xfd, 0x0, 0x0, 0x0, 0xaf,
    0xff, 0xff, 0xfc, 0x72, 0x0, 0x0, 0xef, 0xd0,
    0x0, 0x0, 0xa, 0xff, 0xea, 0x51, 0x0, 0x0,
    0x0, 0xe, 0xfd, 0x0, 0x0, 0x0, 0xaf, 0xf1,
    0x0, 0x0, 0x0, 0x0, 0x0, 0xef, 0xd0, 0x0,
    0x0, 0xa, 0xff, 0x10, 0x0, 0x0, 0x0, 0x0,
    0xe, 0xfd, 0x0, 0x0, 0x0, 0xaf, 0xf1, 0x0,
    0x0, 0x0, 0x0, 0x0, 0xef, 0xd0, 0x0, 0x0,
    0xa, 0xff, 0x10, 0x0, 0x0, 0x0, 0x0, 0xe,
    0xfd, 0x0, 0x0, 0x0, 0xaf, 0xf1, 0x0, 0x0,
    0x0, 0x3, 0x54, 0xff, 0xd0, 0x0, 0x0, 0xa,
    0xff, 0x10, 0x0, 0x0, 0x5e, 0xff, 0xff, 0xfd,
    0x0, 0x0, 0x0, 0xaf, 0xf1, 0x0, 0x0, 0x3f,
    0xff, 0xff, 0xff, 0xd0, 0x1, 0x69, 0x9d, 0xff,
    0x10, 0x0, 0x6, 0xff, 0xff, 0xff, 0xfc, 0x6,
    0xff, 0xff, 0xff, 0xf1, 0x0, 0x0, 0x1e, 0xff,
    0xff, 0xff, 0x61, 0xff, 0xff, 0xff, 0xff, 0x10,
    0x0, 0x0, 0x2a, 0xff, 0xfc, 0x50, 0x1f, 0xff,
    0xff, 0xff, 0xf0, 0x0, 0x0, 0x0, 0x0, 0x10,
    0x0, 0x0, 0x9f, 0xff, 0xff, 0xf7, 0x0, 0x0,
    0x0, 0x0, 0x0, 0x0, 0x0, 0x0, 0x4a, 0xcc,
    0xa3, 0x0, 0x0, 0x0, 0x0, 0x0, 0x0, 0x0,
    0x0,

    /* U+F008 "" */
    0x42, 0x0, 0x78, 0x88, 0x88, 0x88, 0x88, 0x88,
    0x87, 0x0, 0x24, 0xf8, 0x22, 0xef, 0xff, 0xff,
    0xff, 0xff, 0xff, 0xfe, 0x22, 0x8f, 0xff, 0xff,
    0xff, 0xb9, 0x99, 0x99, 0x99, 0x9b, 0xff, 0xff,
    0xff, 0xf9, 0x44, 0xff, 0x30, 0x0, 0x0, 0x0,
    0x3, 0xff, 0x44, 0x9f, 0xf6, 0x0, 0xef, 0x30,
    0x0, 0x0, 0x0, 0x3, 0xfe, 0x0, 0x6f, 0xf7,
    0x0, 0xef, 0x30, 0x0, 0x0, 0x0, 0x3, 0xfe,
    0x0, 0x7f, 0xff, 0xff, 0xff, 0x30, 0x0, 0x0,
    0x0, 0x3, 0xff, 0xff, 0xff, 0xfa, 0x66, 0xff,
    0x74, 0x44, 0x44, 0x44, 0x47, 0xff, 0x66, 0xaf,
    0xf6, 0x0, 0xef, 0xff, 0xff, 0xff, 0xff, 0xff,
    0xfe, 0x0, 0x6f, 0xf6, 0x0, 0xef, 0xdc, 0xcc,
    0xcc, 0xcc, 0xcd, 0xfe, 0x0, 0x6f, 0xff, 0xee,
    0xff, 0x30, 0x0, 0x0, 0x0, 0x3, 0xff, 0xee,
    0xff, 0xfc, 0x88, 0xff, 0x30, 0x0, 0x0, 0x0,
    0x3, 0xff, 0x88, 0xcf, 0xf6, 0x0, 0xef, 0x30,
    0x0, 0x0, 0x0, 0x3, 0xfe, 0x0, 0x6f, 0xf6,
    0x0, 0xef, 0x30, 0x0, 0x0, 0x0, 0x3, 0xfe,
    0x0, 0x6f, 0xfe, 0xcc, 0xff, 0x41, 0x11, 0x11,
    0x11, 0x14, 0xff, 0xcc, 0xef, 0xfd, 0xaa, 0xff,
    0xff, 0xff, 0xff, 0xff, 0xff, 0xff, 0xaa, 0xdf,
    0xc6, 0x0, 0xef, 0xff, 0xff, 0xff, 0xff, 0xff,
    0xfe, 0x0, 0x6c,

    /* U+F00B "" */
    0xbf, 0xff, 0xfe, 0x31, 0xdf, 0xff, 0xff, 0xff,
    0xff, 0xff, 0xfb, 0xff, 0xff, 0xff, 0x63, 0xff,
    0xff, 0xff, 0xff, 0xff, 0xff, 0xff, 0xff, 0xff,
    0xff, 0x63, 0xff, 0xff, 0xff, 0xff, 0xff, 0xff,
    0xff, 0xff, 0xff, 0xff, 0x63, 0xff, 0xff, 0xff,
    0xff, 0xff, 0xff, 0xff, 0xff, 0xff, 0xff, 0x63,
    0xff, 0xff, 0xff, 0xff, 0xff, 0xff, 0xff, 0x58,
    0x88, 0x87, 0x0, 0x78, 0x88, 0x88, 0x88, 0x88,
    0x88, 0x85, 0x0, 0x0, 0x0, 0x0, 0x0, 0x0,
    0x0, 0x0, 0x0, 0x0, 0x0, 0xcf, 0xff, 0xff,
    0x31, 0xef, 0xff, 0xff, 0xff, 0xff, 0xff, 0xfc,
    0xff, 0xff, 0xff, 0x63, 0xff, 0xff, 0xff, 0xff,
    0xff, 0xff, 0xff, 0xff, 0xff, 0xff, 0x63, 0xff,
    0xff, 0xff, 0xff, 0xff, 0xff, 0xff, 0xff, 0xff,
    0xff, 0x63, 0xff, 0xff, 0xff, 0xff, 0xff, 0xff,
    0xff, 0xff, 0xff, 0xff, 0x53, 0xff, 0xff, 0xff,
    0xff, 0xff, 0xff, 0xff, 0x47, 0x88, 0x87, 0x0,
    0x68, 0x88, 0x88, 0x88, 0x88, 0x88, 0x74, 0x0,
    0x0, 0x0, 0x0, 0x0, 0x0, 0x0, 0x0, 0x0,
    0x0, 0x0, 0xcf, 0xff, 0xff, 0x31, 0xef, 0xff,
    0xff, 0xff, 0xff, 0xff, 0xfc, 0xff, 0xff, 0xff,
    0x63, 0xff, 0xff, 0xff, 0xff, 0xff, 0xff, 0xff,
    0xff, 0xff, 0xff, 0x63, 0xff, 0xff, 0xff, 0xff,
    0xff, 0xff, 0xff, 0xff, 0xff, 0xff, 0x63, 0xff,
    0xff, 0xff, 0xff, 0xff, 0xff, 0xff, 0xff, 0xff,
    0xff, 0x52, 0xff, 0xff, 0xff, 0xff, 0xff, 0xff,
    0xff, 0x37, 0x77, 0x76, 0x0, 0x57, 0x77, 0x77,
    0x77, 0x77, 0x77, 0x74,

    /* U+F00C "" */
    0x0, 0x0, 0x0, 0x0, 0x0, 0x0, 0x0, 0x0,
    0x0, 0x16, 0x0, 0x0, 0x0, 0x0, 0x0, 0x0,
    0x0, 0x0, 0x0, 0x2, 0xef, 0xb0, 0x0, 0x0,
    0x0, 0x0, 0x0, 0x0, 0x0, 0x0, 0x2e, 0xff,
    0xfb, 0x0, 0x0, 0x0, 0x0, 0x0, 0x0, 0x0,
    0x2, 0xef, 0xff, 0xfe, 0x0, 0x0, 0x0, 0x0,
    0x0, 0x0, 0x0, 0x2e, 0xff, 0xff, 0xf3, 0x0,
    0x0, 0x0, 0x0, 0x0, 0x0, 0x2, 0xef, 0xff,
    0xff, 0x30, 0x4, 0xe8, 0x0, 0x0, 0x0, 0x0,
    0x2e, 0xff, 0xff, 0xf3, 0x0, 0x4f, 0xff, 0x80,
    0x0, 0x0, 0x2, 0xef, 0xff, 0xff, 0x30, 0x0,
    0xef, 0xff, 0xf8, 0x0, 0x0, 0x2e, 0xff, 0xff,
    0xf3, 0x0, 0x0, 0xaf, 0xff, 0xff, 0x80, 0x2,
    0xef, 0xff, 0xff, 0x30, 0x0, 0x0, 0xa, 0xff,
    0xff, 0xf8, 0x2e, 0xff, 0xff, 0xf3, 0x0, 0x0,
    0x0, 0x0, 0xaf, 0xff, 0xff, 0xff, 0xff, 0xff,
    0x30, 0x0, 0x0, 0x0, 0x0, 0xa, 0xff, 0xff,
    0xff, 0xff, 0xf3, 0x0, 0x0, 0x0, 0x0, 0x0,
    0x0, 0xaf, 0xff, 0xff, 0xff, 0x30, 0x0, 0x0,
    0x0, 0x0, 0x0, 0x0, 0xa, 0xff, 0xff, 0xf3,
    0x0, 0x0, 0x0, 0x0, 0x0, 0x0, 0x0, 0x0,
    0xaf, 0xfe, 0x30, 0x0, 0x0, 0x0, 0x0, 0x0,
    0x0, 0x0, 0x0, 0x9, 0xd3, 0x0, 0x0, 0x0,
    0x0, 0x0, 0x0,

    /* U+F00D "" */
    0x8, 0xc4, 0x0, 0x0, 0x0, 0x2, 0xc9, 0x0,
    0x9f, 0xff, 0x40, 0x0, 0x0, 0x2e, 0xff, 0xb0,
    0xff, 0xff, 0xf4, 0x0, 0x2, 0xef, 0xff, 0xf1,
    0x7f, 0xff, 0xff, 0x40, 0x2e, 0xff, 0xff, 0x90,
    0x8, 0xff, 0xff, 0xf6, 0xef, 0xff, 0xfa, 0x0,
    0x0, 0x8f, 0xff, 0xff, 0xff, 0xff, 0xa0, 0x0,
    0x0, 0x8, 0xff, 0xff, 0xff, 0xfa, 0x0, 0x0,
    0x0, 0x0, 0x9f, 0xff, 0xff, 0xb0, 0x0, 0x0,
    0x0, 0x2, 0xef, 0xff, 0xff, 0xf4, 0x0, 0x0,
    0x0, 0x2e, 0xff, 0xff, 0xff, 0xff, 0x40, 0x0,
    0x2, 0xef, 0xff, 0xfd, 0xff, 0xff, 0xf4, 0x0,
    0x2e, 0xff, 0xff, 0xa0, 0x8f, 0xff, 0xff, 0x40,
    0xdf, 0xff, 0xfa, 0x0, 0x8, 0xff, 0xff, 0xf0,
    0xdf, 0xff, 0xa0, 0x0, 0x0, 0x8f, 0xff, 0xe0,
    0x2e, 0xfa, 0x0, 0x0, 0x0, 0x8, 0xff, 0x30,
    0x0, 0x30, 0x0, 0x0, 0x0, 0x0, 0x21, 0x0,

    /* U+F011 "" */
    0x0, 0x0, 0x0, 0x0, 0x1, 0x33, 0x0, 0x0,
    0x0, 0x0, 0x0, 0x0, 0x0, 0x0, 0x0, 0xd,
    0xff, 0x60, 0x0, 0x0, 0x0, 0x0, 0x0, 0x0,
    0x0, 0x0, 0xe, 0xff, 0x80, 0x0, 0x0, 0x0,
    0x0, 0x0, 0x0, 0xaf, 0x50, 0xe, 0xff, 0x80,
    0xb, 0xf4, 0x0, 0x0, 0x0, 0xb, 0xff, 0xe0,
    0xe, 0xff, 0x80, 0x4f, 0xff, 0x50, 0x0, 0x0,
    0x9f, 0xff, 0xe0, 0xe, 0xff, 0x80, 0x5f, 0xff,
    0xf2, 0x0, 0x3, 0xff, 0xfe, 0x30, 0xe, 0xff,
    0x80, 0x8, 0xff, 0xfc, 0x0, 0xb, 0xff, 0xf3,
    0x0, 0xe, 0xff, 0x80, 0x0, 0xaf, 0xff, 0x50,
    0x1f, 0xff, 0x90, 0x0, 0xe, 0xff, 0x80, 0x0,
    0x1f, 0xff, 0xb0, 0x6f, 0xff, 0x30, 0x0, 0xe,
    0xff, 0x80, 0x0, 0x9, 0xff, 0xf0, 0x8f, 0xff,
    0x0, 0x0, 0xe, 0xff, 0x80, 0x0, 0x5, 0xff,
    0xf2, 0xaf, 0xfd, 0x0, 0x0, 0xe, 0xff, 0x80,
    0x0, 0x3, 0xff, 0xf3, 0x9f, 0xfd, 0x0, 0x0,
    0xc, 0xff, 0x50, 0x0, 0x4, 0xff, 0xf2, 0x8f,
    0xff, 0x0, 0x0, 0x0, 0x11, 0x0, 0x0, 0x6,
    0xff, 0xf1, 0x4f, 0xff, 0x50, 0x0, 0x0, 0x0,
    0x0, 0x0, 0xb, 0xff, 0xe0, 0xf, 0xff, 0xc0,
    0x0, 0x0, 0x0, 0x0, 0x0, 0x3f, 0xff, 0x90,
    0x8, 0xff, 0xf8, 0x0, 0x0, 0x0, 0x0, 0x1,
    0xef, 0xff, 0x20, 0x1, 0xef, 0xff, 0x90, 0x0,
    0x0, 0x0, 0x2d, 0xff, 0xf9, 0x0, 0x0, 0x4f,
    0xff, 0xfd, 0x62, 0x1, 0x49, 0xff, 0xff, 0xc0,
    0x0, 0x0, 0x6, 0xff, 0xff, 0xff, 0xff, 0xff,
    0xff, 0xfd, 0x10, 0x0, 0x0, 0x0, 0x4e, 0xff,
    0xff, 0xff, 0xff, 0xff, 0xa0, 0x0, 0x0, 0x0,
    0x0, 0x0, 0x7d, 0xff, 0xff, 0xff, 0xb4, 0x0,
    0x0, 0x0, 0x0, 0x0, 0x0, 0x0, 0x25, 0x65,
    0x30, 0x0, 0x0, 0x0, 0x0,

    /* U+F013 "" */
    0x0, 0x0, 0x0, 0x0, 0x0, 0x0, 0x0, 0x0,
    0x0, 0x0, 0x0, 0x0, 0x0, 0x0, 0x0, 0x6c,
    0xee, 0xc7, 0x0, 0x0, 0x0, 0x0, 0x0, 0x0,
    0x0, 0x0, 0xbf, 0xff, 0xfc, 0x0, 0x0, 0x0,
    0x0, 0x0, 0x0, 0x0, 0x0, 0xbf, 0xff, 0xfc,
    0x0, 0x0, 0x0, 0x0, 0x0, 0x8, 0x30, 0x2a,
    0xff, 0xff, 0xff, 0xb2, 0x3, 0x80, 0x0, 0x0,
    0x8f, 0xfb, 0xff, 0xff, 0xff, 0xff, 0xff, 0xbf,
    0xf8, 0x0, 0x3, 0xff, 0xff, 0xff, 0xff, 0xff,
    0xff, 0xff, 0xff, 0xff, 0x40, 0xb, 0xff, 0xff,
    0xff, 0xff, 0xff, 0xff, 0xff, 0xff, 0xff, 0xb0,
    0x1f, 0xff, 0xff, 0xff, 0xfa, 0x55, 0xaf, 0xff,
    0xff, 0xff, 0xf2, 0x6, 0xef, 0xff, 0xff, 0x70,
    0x0, 0x7, 0xff, 0xff, 0xff, 0x60, 0x0, 0x2f,
    0xff, 0xfd, 0x0, 0x0, 0x0, 0xcf, 0xff, 0xf3,
    0x0, 0x0, 0x3f, 0xff, 0xfa, 0x0, 0x0, 0x0,
    0x9f, 0xff, 0xf3, 0x0, 0x0, 0x2f, 0xff, 0xfb,
    0x0, 0x0, 0x0, 0xaf, 0xff, 0xf3, 0x0, 0x0,
    0x8f, 0xff, 0xff, 0x20, 0x0, 0x1, 0xff, 0xff,
    0xf9, 0x0, 0x1e, 0xff, 0xff, 0xff, 0xd3, 0x0,
    0x3d, 0xff, 0xff, 0xff, 0xe1, 0xe, 0xff, 0xff,
    0xff, 0xff, 0xee, 0xff, 0xff, 0xff, 0xff, 0xe0,
    0x7, 0xff, 0xff, 0xff, 0xff, 0xff, 0xff, 0xff,
    0xff, 0xff, 0x80, 0x0, 0xdf, 0xff, 0xff, 0xff,
    0xff, 0xff, 0xff, 0xff, 0xfd, 0x0, 0x0, 0x2f,
    0xb2, 0x9f, 0xff, 0xff, 0xff, 0xfa, 0x2a, 0xf3,
    0x0, 0x0, 0x1, 0x0, 0x2, 0xdf, 0xff, 0xfe,
    0x30, 0x0, 0x10, 0x0, 0x0, 0x0, 0x0, 0x0,
    0xbf, 0xff, 0xfc, 0x0, 0x0, 0x0, 0x0, 0x0,
    0x0, 0x0, 0x0, 0xbf, 0xff, 0xfb, 0x0, 0x0,
    0x0, 0x0, 0x0, 0x0, 0x0, 0x0, 0x14, 0x66,
    0x41, 0x0, 0x0, 0x0, 0x0,

    /* U+F015 "" */
    0x0, 0x0, 0x0, 0x0, 0x0, 0x1b, 0xe9, 0x0,
    0x5, 0xff, 0xd0, 0x0, 0x0, 0x0, 0x0, 0x0,
    0x0, 0x3e, 0xff, 0xfc, 0x10, 0x7f, 0xff, 0x0,
    0x0, 0x0, 0x0, 0x0, 0x0, 0x6f, 0xff, 0xff,
    0xfe, 0x37, 0xff, 0xf0, 0x0, 0x0, 0x0, 0x0,
    0x0, 0x9f, 0xff, 0xb4, 0xdf, 0xff, 0xbf, 0xff,
    0x0, 0x0, 0x0, 0x0, 0x1, 0xbf, 0xff, 0x80,
    0x1, 0xbf, 0xff, 0xff, 0xf0, 0x0, 0x0, 0x0,
    0x2, 0xdf, 0xff, 0x50, 0x8f, 0x50, 0x9f, 0xff,
    0xff, 0x0, 0x0, 0x0, 0x4, 0xff, 0xfe, 0x30,
    0xbf, 0xff, 0x70, 0x6f, 0xff, 0xf1, 0x0, 0x0,
    0x7, 0xff, 0xfc, 0x12, 0xdf, 0xff, 0xff, 0xa0,
    0x3e, 0xff, 0xe3, 0x0, 0xa, 0xff, 0xfa, 0x3,
    0xef, 0xff, 0xff, 0xff, 0xc1, 0x2d, 0xff, 0xf6,
    0xc, 0xff, 0xf7, 0x6, 0xff, 0xff, 0xff, 0xff,
    0xff, 0xe3, 0xb, 0xff, 0xf8, 0x9f, 0xf5, 0x9,
    0xff, 0xff, 0xff, 0xff, 0xff, 0xff, 0xf5, 0x8,
    0xff, 0x50, 0x93, 0xa, 0xff, 0xff, 0xff, 0xff,
    0xff, 0xff, 0xff, 0xf6, 0x5, 0x70, 0x0, 0x0,
    0xef, 0xff, 0xff, 0xff, 0xff, 0xff, 0xff, 0xff,
    0xa0, 0x0, 0x0, 0x0, 0xe, 0xff, 0xff, 0xff,
    0xcc, 0xcf, 0xff, 0xff, 0xfa, 0x0, 0x0, 0x0,
    0x0, 0xef, 0xff, 0xff, 0x50, 0x0, 0x9f, 0xff,
    0xff, 0xa0, 0x0, 0x0, 0x0, 0xe, 0xff, 0xff,
    0xf5, 0x0, 0x9, 0xff, 0xff, 0xfa, 0x0, 0x0,
    0x0, 0x0, 0xef, 0xff, 0xff, 0x50, 0x0, 0x9f,
    0xff, 0xff, 0xa0, 0x0, 0x0, 0x0, 0xe, 0xff,
    0xff, 0xf5, 0x0, 0x9, 0xff, 0xff, 0xfa, 0x0,
    0x0, 0x0, 0x0, 0xdf, 0xff, 0xff, 0x40, 0x0,
    0x8f, 0xff, 0xff, 0x90, 0x0, 0x0, 0x0, 0x2,
    0x44, 0x44, 0x40, 0x0, 0x1, 0x44, 0x44, 0x41,
    0x0, 0x0,

    /* U+F019 "" */
    0x0, 0x0, 0x0, 0x0, 0x2, 0x22, 0x20, 0x0,
    0x0, 0x0, 0x0, 0x0, 0x0, 0x0, 0x0, 0x9f,
    0xff, 0xf9, 0x0, 0x0, 0x0, 0x0, 0x0, 0x0,
    0x0, 0x0, 0xcf, 0xff, 0xfc, 0x0, 0x0, 0x0,
    0x0, 0x0, 0x0, 0x0, 0x0, 0xcf, 0xff, 0xfc,
    0x0, 0x0, 0x0, 0x0, 0x0, 0x0, 0x0, 0x0,
    0xcf, 0xff, 0xfc, 0x0, 0x0, 0x0, 0x0, 0x0,
    0x0, 0x0, 0x0, 0xcf, 0xff, 0xfc, 0x0, 0x0,
    0x0, 0x0, 0x0, 0x0, 0x0, 0x0, 0xcf, 0xff,
    0xfc, 0x0, 0x0, 0x0, 0x0, 0x0, 0x0, 0x0,
    0x0, 0xcf, 0xff, 0xfc, 0x0, 0x0, 0x0, 0x0,
    0x0, 0x0, 0x0, 0x0, 0xcf, 0xff, 0xfc, 0x0,
    0x0, 0x0, 0x0, 0x0, 0x3, 0xee, 0xee, 0xff,
    0xff, 0xff, 0xee, 0xee, 0x20, 0x0, 0x0, 0x2,
    0xff, 0xff, 0xff, 0xff, 0xff, 0xff, 0xff, 0x20,
    0x0, 0x0, 0x0, 0x3f, 0xff, 0xff, 0xff, 0xff,
    0xff, 0xf3, 0x0, 0x0, 0x0, 0x0, 0x3, 0xff,
    0xff, 0xff, 0xff, 0xff, 0x30, 0x0, 0x0, 0x0,
    0x0, 0x0, 0x3f, 0xff, 0xff, 0xff, 0xf3, 0x0,
    0x0, 0x0, 0x0, 0x0, 0x0, 0x3, 0xff, 0xff,
    0xff, 0x40, 0x0, 0x0, 0x0, 0x0, 0x0, 0x0,
    0x0, 0x4f, 0xff, 0xf4, 0x0, 0x0, 0x0, 0x0,
    0xcf, 0xff, 0xff, 0xfc, 0x4, 0xff, 0x40, 0xcf,
    0xff, 0xff, 0xfc, 0xff, 0xff, 0xff, 0xff, 0xc0,
    0x23, 0xc, 0xff, 0xff, 0xff, 0xff, 0xff, 0xff,
    0xff, 0xff, 0xfc, 0x44, 0xcf, 0xff, 0xff, 0xff,
    0xff, 0xff, 0xff, 0xff, 0xff, 0xff, 0xff, 0xff,
    0xff, 0xff, 0xff, 0xff, 0xff, 0xff, 0xff, 0xff,
    0xff, 0xff, 0xff, 0xf1, 0x6e, 0xb, 0xff, 0xff,
    0xff, 0xff, 0xff, 0xff, 0xff, 0xff, 0xf6, 0xaf,
    0x5d, 0xff, 0xbf, 0xff, 0xff, 0xff, 0xff, 0xff,
    0xff, 0xff, 0xff, 0xff, 0xfb,

    /* U+F01C "" */
    0x0, 0x0, 0x4, 0xab, 0xbb, 0xbb, 0xbb, 0xbb,
    0xbb, 0xa2, 0x0, 0x0, 0x0, 0x0, 0x4, 0xff,
    0xff, 0xff, 0xff, 0xff, 0xff, 0xff, 0xe1, 0x0,
    0x0, 0x0, 0x0, 0xef, 0xff, 0xff, 0xff, 0xff,
    0xff, 0xff, 0xff, 0xb0, 0x0, 0x0, 0x0, 0x9f,
    0xfa, 0x0, 0x0, 0x0, 0x0, 0x0, 0x1d, 0xff,
    0x50, 0x0, 0x0, 0x4f, 0xfe, 0x10, 0x0, 0x0,
    0x0, 0x0, 0x0, 0x4f, 0xfe, 0x10, 0x0, 0xd,
    0xff, 0x60, 0x0, 0x0, 0x0, 0x0, 0x0, 0x0,
    0xaf, 0xfa, 0x0, 0x9, 0xff, 0xc0, 0x0, 0x0,
    0x0, 0x0, 0x0, 0x0, 0x1, 0xef, 0xf5, 0x3,
    0xff, 0xf2, 0x0, 0x0, 0x0, 0x0, 0x0, 0x0,
    0x0, 0x5, 0xff, 0xe1, 0xdf, 0xfa, 0x44, 0x44,
    0x20, 0x0, 0x0, 0x0, 0x34, 0x44, 0x4d, 0xff,
    0x8f, 0xff, 0xff, 0xff, 0xfe, 0x0, 0x0, 0x0,
    0x3f, 0xff, 0xff, 0xff, 0xfb, 0xff, 0xff, 0xff,
    0xff, 0xf7, 0x0, 0x0, 0xb, 0xff, 0xff, 0xff,
    0xff, 0xcf, 0xff, 0xff, 0xff, 0xff, 0xe8, 0x88,
    0x88, 0xff, 0xff, 0xff, 0xff, 0xfc, 0xff, 0xff,
    0xff, 0xff, 0xff, 0xff, 0xff, 0xff, 0xff, 0xff,
    0xff, 0xff, 0xcf, 0xff, 0xff, 0xff, 0xff, 0xff,
    0xff, 0xff, 0xff, 0xff, 0xff, 0xff, 0xfc, 0xff,
    0xff, 0xff, 0xff, 0xff, 0xff, 0xff, 0xff, 0xff,
    0xff, 0xff, 0xff, 0xbd, 0xff, 0xff, 0xff, 0xff,
    0xff, 0xff, 0xff, 0xff, 0xff, 0xff, 0xff, 0xf9,
    0x4e, 0xff, 0xff, 0xff, 0xff, 0xff, 0xff, 0xff,
    0xff, 0xff, 0xff, 0xfc, 0x10,

    /* U+F021 "" */
    0x0, 0x0, 0x0, 0x0, 0x0, 0x0, 0x0, 0x0,
    0x0, 0x6, 0x76, 0x0, 0x0, 0x0, 0x5, 0x9c,
    0xdd, 0xb8, 0x30, 0x0, 0xf, 0xff, 0x0, 0x0,
    0x6, 0xef, 0xff, 0xff, 0xff, 0xfc, 0x40, 0xf,
    0xff, 0x0, 0x0, 0xbf, 0xff, 0xff, 0xff, 0xff,
    0xff, 0xf9, 0xf, 0xff, 0x0, 0xc, 0xff, 0xff,
    0xa5, 0x34, 0x6b, 0xff, 0xff, 0xce, 0xff, 0x0,
    0xaf, 0xff, 0xb2, 0x0, 0x0, 0x0, 0x2b, 0xff,
    0xff, 0xff, 0x5, 0xff, 0xf9, 0x0, 0x0, 0x0,
    0x0, 0x0, 0x8f, 0xff, 0xff, 0xd, 0xff, 0xb0,
    0x0, 0x0, 0x0, 0x7d, 0xdc, 0xbf, 0xff, 0xff,
    0x2f, 0xff, 0x20, 0x0, 0x0, 0x0, 0xaf, 0xff,
    0xff, 0xff, 0xff, 0x6f, 0xfb, 0x0, 0x0, 0x0,
    0x0, 0x9f, 0xff, 0xff, 0xff, 0xff, 0x2, 0x20,
    0x0, 0x0, 0x0, 0x0, 0x2, 0x22, 0x22, 0x22,
    0x21, 0x0, 0x0, 0x0, 0x0, 0x0, 0x0, 0x0,
    0x0, 0x0, 0x0, 0x0, 0x0, 0x0, 0x0, 0x0,
    0x0, 0x0, 0x0, 0x0, 0x0, 0x0, 0x0, 0xde,
    0xee, 0xee, 0xee, 0xe7, 0x0, 0x0, 0x0, 0x0,
    0x9e, 0xe5, 0xff, 0xff, 0xff, 0xff, 0xfa, 0x0,
    0x0, 0x0, 0x1, 0xff, 0xf3, 0xff, 0xff, 0xff,
    0xff, 0xf9, 0x0, 0x0, 0x0, 0x9, 0xff, 0xe0,
    0xff, 0xff, 0xf4, 0x0, 0x10, 0x0, 0x0, 0x0,
    0x5f, 0xff, 0x70, 0xff, 0xff, 0xff, 0x70, 0x0,
    0x0, 0x0, 0x7, 0xff, 0xfd, 0x0, 0xff, 0xff,
    0xff, 0xfd, 0x61, 0x0, 0x5, 0xcf, 0xff, 0xf2,
    0x0, 0xff, 0xe3, 0xef, 0xff, 0xff, 0xee, 0xff,
    0xff, 0xfe, 0x30, 0x0, 0xff, 0xf0, 0x19, 0xff,
    0xff, 0xff, 0xff, 0xff, 0xb1, 0x0, 0x0, 0xff,
    0xf0, 0x0, 0x28, 0xdf, 0xff, 0xfe, 0xa3, 0x0,
    0x0, 0x0, 0xab, 0xa0, 0x0, 0x0, 0x1, 0x33,
    0x10, 0x0, 0x0, 0x0, 0x0,

    /* U+F026 "" */
    0x0, 0x0, 0x0, 0x0, 0x3, 0x30, 0x0, 0x0,
    0x0, 0x6, 0xff, 0x0, 0x0, 0x0, 0x6, 0xff,
    0xf0, 0x0, 0x0, 0x6, 0xff, 0xff, 0x24, 0x44,
    0x47, 0xff, 0xff, 0xfe, 0xff, 0xff, 0xff, 0xff,
    0xff, 0xff, 0xff, 0xff, 0xff, 0xff, 0xff, 0xff,
    0xff, 0xff, 0xff, 0xff, 0xff, 0xff, 0xff, 0xff,
    0xff, 0xff, 0xff, 0xff, 0xff, 0xff, 0xff, 0xff,
    0xff, 0xff, 0xff, 0xff, 0xff, 0xff, 0xff, 0xff,
    0xff, 0xff, 0xbf, 0xff, 0xff, 0xff, 0xff, 0xf0,
    0x0, 0x0, 0x2e, 0xff, 0xff, 0x0, 0x0, 0x0,
    0x2e, 0xff, 0xf0, 0x0, 0x0, 0x0, 0x2e, 0xff,
    0x0, 0x0, 0x0, 0x0, 0x2e, 0xc0, 0x0, 0x0,
    0x0, 0x0, 0x0,

    /* U+F027 "" */
    0x0, 0x0, 0x0, 0x0, 0x3, 0x30, 0x0, 0x0,
    0x0, 0x0, 0x0, 0x0, 0x6, 0xff, 0x0, 0x0,
    0x0, 0x0, 0x0, 0x0, 0x6, 0xff, 0xf0, 0x0,
    0x0, 0x0, 0x0, 0x0, 0x6, 0xff, 0xff, 0x0,
    0x0, 0x0, 0x24, 0x44, 0x47, 0xff, 0xff, 0xf0,
    0x0, 0x0, 0xe, 0xff, 0xff, 0xff, 0xff, 0xff,
    0x0, 0x75, 0x0, 0xff, 0xff, 0xff, 0xff, 0xff,
    0xf0, 0x2f, 0xf7, 0xf, 0xff, 0xff, 0xff, 0xff,
    0xff, 0x0, 0x7f, 0xf0, 0xff, 0xff, 0xff, 0xff,
    0xff, 0xf0, 0x0, 0xdf, 0x3f, 0xff, 0xff, 0xff,
    0xff, 0xff, 0x0, 0xf, 0xf3, 0xff, 0xff, 0xff,
    0xff, 0xff, 0xf0, 0xc, 0xfd, 0xf, 0xff, 0xff,
    0xff, 0xff, 0xff, 0x1, 0xfe, 0x20, 0xbf, 0xff,
    0xff, 0xff, 0xff, 0xf0, 0x1, 0x0, 0x0, 0x0,
    0x0, 0x2e, 0xff, 0xff, 0x0, 0x0, 0x0, 0x0,
    0x0, 0x0, 0x2e, 0xff, 0xf0, 0x0, 0x0, 0x0,
    0x0, 0x0, 0x0, 0x2e, 0xff, 0x0, 0x0, 0x0,
    0x0, 0x0, 0x0, 0x0, 0x2d, 0xc0, 0x0, 0x0,
    0x0, 0x0, 0x0, 0x0, 0x0, 0x0, 0x0, 0x0,
    0x0,

    /* U+F028 "" */
    0x0, 0x0, 0x0, 0x0, 0x0, 0x0, 0x0, 0x0,
    0x0, 0x73, 0x0, 0x0, 0x0, 0x0, 0x0, 0x0,
    0x0, 0x0, 0x0, 0x0, 0x0, 0x4f, 0xf7, 0x0,
    0x0, 0x0, 0x0, 0x0, 0x0, 0x3, 0x30, 0x0,
    0x0, 0x0, 0x9f, 0xf7, 0x0, 0x0, 0x0, 0x0,
    0x0, 0x6, 0xff, 0x0, 0x0, 0x1, 0x0, 0x7f,
    0xf5, 0x0, 0x0, 0x0, 0x0, 0x6, 0xff, 0xf0,
    0x0, 0x5, 0xf9, 0x0, 0x9f, 0xe1, 0x0, 0x0,
    0x0, 0x6, 0xff, 0xff, 0x0, 0x0, 0x4f, 0xfb,
    0x0, 0xdf, 0x80, 0x24, 0x44, 0x47, 0xff, 0xff,
    0xf0, 0x0, 0x0, 0x3f, 0xf7, 0x4, 0xff, 0xe,
    0xff, 0xff, 0xff, 0xff, 0xff, 0x0, 0x86, 0x0,
    0x4f, 0xf1, 0xd, 0xf4, 0xff, 0xff, 0xff, 0xff,
    0xff, 0xf0, 0x2f, 0xf7, 0x0, 0xcf, 0x60, 0x9f,
    0x8f, 0xff, 0xff, 0xff, 0xff, 0xff, 0x0, 0x6f,
    0xf1, 0x7, 0xf9, 0x6, 0xfa, 0xff, 0xff, 0xff,
    0xff, 0xff, 0xf0, 0x0, 0xdf, 0x40, 0x5f, 0xb0,
    0x5f, 0xbf, 0xff, 0xff, 0xff, 0xff, 0xff, 0x0,
    0x1f, 0xf2, 0x5, 0xfa, 0x5, 0xfb, 0xff, 0xff,
    0xff, 0xff, 0xff, 0xf0, 0xd, 0xfc, 0x0, 0x9f,
    0x80, 0x7f, 0x9f, 0xff, 0xff, 0xff, 0xff, 0xff,
    0x1, 0xfd, 0x20, 0x1e, 0xf3, 0xb, 0xf6, 0xbf,
    0xff, 0xff, 0xff, 0xff, 0xf0, 0x1, 0x0, 0xa,
    0xfc, 0x1, 0xff, 0x20, 0x0, 0x0, 0x2e, 0xff,
    0xff, 0x0, 0x0, 0xb, 0xff, 0x20, 0x8f, 0xc0,
    0x0, 0x0, 0x0, 0x2e, 0xff, 0xf0, 0x0, 0x7,
    0xff, 0x40, 0x2f, 0xf4, 0x0, 0x0, 0x0, 0x0,
    0x2e, 0xff, 0x0, 0x0, 0x19, 0x20, 0x1d, 0xfa,
    0x0, 0x0, 0x0, 0x0, 0x0, 0x2e, 0xc0, 0x0,
    0x0, 0x0, 0x2d, 0xfd, 0x10, 0x0, 0x0, 0x0,
    0x0, 0x0, 0x0, 0x0, 0x0, 0x0, 0x2f, 0xfd,
    0x20, 0x0, 0x0, 0x0, 0x0, 0x0, 0x0, 0x0,
    0x0, 0x0, 0x2, 0xfb, 0x10, 0x0, 0x0, 0x0,
    0x0, 0x0, 0x0, 0x0, 0x0, 0x0, 0x0, 0x0,
    0x0, 0x0, 0x0,

    /* U+F03E "" */
    0x5, 0x77, 0x77, 0x77, 0x77, 0x77, 0x77, 0x77,
    0x77, 0x77, 0x50, 0x9f, 0xff, 0xff, 0xff, 0xff,
    0xff, 0xff, 0xff, 0xff, 0xff, 0xf9, 0xff, 0xff,
    0xff, 0xff, 0xff, 0xff, 0xff, 0xff, 0xff, 0xff,
    0xff, 0xff, 0xf6, 0x1, 0xbf, 0xff, 0xff, 0xff,
    0xff, 0xff, 0xff, 0xff, 0xff, 0x90, 0x0, 0xf,
    0xff, 0xff, 0xff, 0xff, 0xff, 0xff, 0xff, 0xff,
    0x70, 0x0, 0xd, 0xff, 0xff, 0xff, 0xdb, 0xff,
    0xff, 0xff, 0xff, 0xc0, 0x0, 0x2f, 0xff, 0xff,
    0xfd, 0x10, 0xaf, 0xff, 0xff, 0xff, 0xfb, 0x56,
    0xef, 0xff, 0xff, 0xd1, 0x0, 0xa, 0xff, 0xff,
    0xff, 0xff, 0xff, 0xff, 0xff, 0xfd, 0x10, 0x0,
    0x0, 0xaf, 0xff, 0xff, 0xff, 0xf7, 0x2e, 0xff,
    0xd1, 0x0, 0x0, 0x0, 0xd, 0xff, 0xff, 0xff,
    0x70, 0x2, 0xed, 0x10, 0x0, 0x0, 0x0, 0xc,
    0xff, 0xff, 0xf7, 0x0, 0x0, 0x21, 0x0, 0x0,
    0x0, 0x0, 0xc, 0xff, 0xff, 0xc0, 0x0, 0x0,
    0x0, 0x0, 0x0, 0x0, 0x0, 0xc, 0xff, 0xff,
    0xc0, 0x0, 0x0, 0x0, 0x0, 0x0, 0x0, 0x0,
    0xc, 0xff, 0xff, 0xfc, 0xcc, 0xcc, 0xcc, 0xcc,
    0xcc, 0xcc, 0xcc, 0xcf, 0xff, 0xef, 0xff, 0xff,
    0xff, 0xff, 0xff, 0xff, 0xff, 0xff, 0xff, 0xfd,
    0x4e, 0xff, 0xff, 0xff, 0xff, 0xff, 0xff, 0xff,
    0xff, 0xff, 0xe4,

    /* U+F043 "" */
    0x0, 0x0, 0x0, 0x1, 0x0, 0x0, 0x0, 0x0,
    0x0, 0x0, 0x0, 0x7f, 0x90, 0x0, 0x0, 0x0,
    0x0, 0x0, 0x0, 0xef, 0xf1, 0x0, 0x0, 0x0,
    0x0, 0x0, 0x5, 0xff, 0xf7, 0x0, 0x0, 0x0,
    0x0, 0x0, 0xc, 0xff, 0xfd, 0x0, 0x0, 0x0,
    0x0, 0x0, 0x4f, 0xff, 0xff, 0x60, 0x0, 0x0,
    0x0, 0x0, 0xcf, 0xff, 0xff, 0xe0, 0x0, 0x0,
    0x0, 0x6, 0xff, 0xff, 0xff, 0xf8, 0x0, 0x0,
    0x0, 0x2f, 0xff, 0xff, 0xff, 0xff, 0x30, 0x0,
    0x0, 0xcf, 0xff, 0xff, 0xff, 0xff, 0xd0, 0x0,
    0x7, 0xff, 0xff, 0xff, 0xff, 0xff, 0xf9, 0x0,
    0x1f, 0xff, 0xff, 0xff, 0xff, 0xff, 0xff, 0x20,
    0x7f, 0xff, 0xff, 0xff, 0xff, 0xff, 0xff, 0x90,
    0xcf, 0xff, 0xff, 0xff, 0xff, 0xff, 0xff, 0xe0,
    0xef, 0xfb, 0xff, 0xff, 0xff, 0xff, 0xff, 0xf0,
    0xff, 0xc0, 0xdf, 0xff, 0xff, 0xff, 0xff, 0xf1,
    0xdf, 0xe0, 0x9f, 0xff, 0xff, 0xff, 0xff, 0xf0,
    0x9f, 0xf5, 0x1e, 0xff, 0xff, 0xff, 0xff, 0xb0,
    0x3f, 0xfe, 0x21, 0x8b, 0xff, 0xff, 0xff, 0x50,
    0xa, 0xff, 0xf7, 0x20, 0xdf, 0xff, 0xfb, 0x0,
    0x0, 0xbf, 0xff, 0xff, 0xff, 0xff, 0xd1, 0x0,
    0x0, 0x8, 0xff, 0xff, 0xff, 0xfa, 0x0, 0x0,
    0x0, 0x0, 0x17, 0xab, 0xa7, 0x20, 0x0, 0x0,

    /* U+F048 "" */
    0x0, 0x0, 0x0, 0x0, 0x0, 0x0, 0x0, 0x1,
    0xef, 0xc0, 0x0, 0x0, 0x0, 0xb, 0xd3, 0x2f,
    0xfe, 0x0, 0x0, 0x0, 0x1d, 0xff, 0x82, 0xff,
    0xe0, 0x0, 0x0, 0x2d, 0xff, 0xf9, 0x2f, 0xfe,
    0x0, 0x0, 0x2e, 0xff, 0xff, 0x92, 0xff, 0xe0,
    0x0, 0x3e, 0xff, 0xff, 0xf9, 0x2f, 0xfe, 0x0,
    0x4f, 0xff, 0xff, 0xff, 0x92, 0xff, 0xe0, 0x5f,
    0xff, 0xff, 0xff, 0xf9, 0x2f, 0xfe, 0x6f, 0xff,
    0xff, 0xff, 0xff, 0x92, 0xff, 0xff, 0xff, 0xff,
    0xff, 0xff, 0xf9, 0x2f, 0xff, 0xff, 0xff, 0xff,
    0xff, 0xff, 0x92, 0xff, 0xff, 0xff, 0xff, 0xff,
    0xff, 0xf9, 0x2f, 0xff, 0xcf, 0xff, 0xff, 0xff,
    0xff, 0x92, 0xff, 0xe0, 0xbf, 0xff, 0xff, 0xff,
    0xf9, 0x2f, 0xfe, 0x0, 0xaf, 0xff, 0xff, 0xff,
    0x92, 0xff, 0xe0, 0x0, 0x8f, 0xff, 0xff, 0xf9,
    0x2f, 0xfe, 0x0, 0x0, 0x7f, 0xff, 0xff, 0x92,
    0xff, 0xe0, 0x0, 0x0, 0x6f, 0xff, 0xf9, 0x2f,
    0xfe, 0x0, 0x0, 0x0, 0x5f, 0xff, 0x92, 0xff,
    0xe0, 0x0, 0x0, 0x0, 0x4f, 0xf5, 0x4, 0x43,
    0x0, 0x0, 0x0, 0x0, 0x13, 0x0,

    /* U+F04B "" */
    0x2, 0x20, 0x0, 0x0, 0x0, 0x0, 0x0, 0x0,
    0x0, 0x0, 0x8f, 0xfb, 0x20, 0x0, 0x0, 0x0,
    0x0, 0x0, 0x0, 0x0, 0xff, 0xff, 0xf8, 0x0,
    0x0, 0x0, 0x0, 0x0, 0x0, 0x0, 0xff, 0xff,
    0xff, 0xe5, 0x0, 0x0, 0x0, 0x0, 0x0, 0x0,
    0xff, 0xff, 0xff, 0xff, 0xc2, 0x0, 0x0, 0x0,
    0x0, 0x0, 0xff, 0xff, 0xff, 0xff, 0xff, 0x91,
    0x0, 0x0, 0x0, 0x0, 0xff, 0xff, 0xff, 0xff,
    0xff, 0xfe, 0x60, 0x0, 0x0, 0x0, 0xff, 0xff,
    0xff, 0xff, 0xff, 0xff, 0xfc, 0x30, 0x0, 0x0,
    0xff, 0xff, 0xff, 0xff, 0xff, 0xff, 0xff, 0xf9,
    0x10, 0x0, 0xff, 0xff, 0xff, 0xff, 0xff, 0xff,
    0xff, 0xff, 0xf7, 0x0, 0xff, 0xff, 0xff, 0xff,
    0xff, 0xff, 0xff, 0xff, 0xff, 0xc0, 0xff, 0xff,
    0xff, 0xff, 0xff, 0xff, 0xff, 0xff, 0xff, 0xf3,
    0xff, 0xff, 0xff, 0xff, 0xff, 0xff, 0xff, 0xff,
    0xff, 0xf1, 0xff, 0xff, 0xff, 0xff, 0xff, 0xff,
    0xff, 0xff, 0xfe, 0x40, 0xff, 0xff, 0xff, 0xff,
    0xff, 0xff, 0xff, 0xff, 0x80, 0x0, 0xff, 0xff,
    0xff, 0xff, 0xff, 0xff, 0xff, 0xb2, 0x0, 0x0,
    0xff, 0xff, 0xff, 0xff, 0xff, 0xff, 0xd4, 0x0,
    0x0, 0x0, 0xff, 0xff, 0xff, 0xff, 0xff, 0xf7,
    0x0, 0x0, 0x0, 0x0, 0xff, 0xff, 0xff, 0xff,
    0xfa, 0x10, 0x0, 0x0, 0x0, 0x0, 0xff, 0xff,
    0xff, 0xfd, 0x40, 0x0, 0x0, 0x0, 0x0, 0x0,
    0xff, 0xff, 0xff, 0x70, 0x0, 0x0, 0x0, 0x0,
    0x0, 0x0, 0xcf, 0xff, 0x91, 0x0, 0x0, 0x0,
    0x0, 0x0, 0x0, 0x0, 0x2a, 0xa3, 0x0, 0x0,
    0x0, 0x0, 0x0, 0x0, 0x0, 0x0, 0x0, 0x0,
    0x0, 0x0, 0x0, 0x0, 0x0, 0x0, 0x0, 0x0,

    /* U+F04C "" */
    0x3d, 0xff, 0xff, 0xe6, 0x0, 0x3, 0xdf, 0xff,
    0xfe, 0x60, 0xdf, 0xff, 0xff, 0xff, 0x10, 0xd,
    0xff, 0xff, 0xff, 0xf1, 0xff, 0xff, 0xff, 0xff,
    0x30, 0xf, 0xff, 0xff, 0xff, 0xf3, 0xff, 0xff,
    0xff, 0xff, 0x40, 0xf, 0xff, 0xff, 0xff, 0xf4,
    0xff, 0xff, 0xff, 0xff, 0x40, 0xf, 0xff, 0xff,
    0xff, 0xf4, 0xff, 0xff, 0xff, 0xff, 0x40, 0xf,
    0xff, 0xff, 0xff, 0xf4, 0xff, 0xff, 0xff, 0xff,
    0x40, 0xf, 0xff, 0xff, 0xff, 0xf4, 0xff, 0xff,
    0xff, 0xff, 0x40, 0xf, 0xff, 0xff, 0xff, 0xf4,
    0xff, 0xff, 0xff, 0xff, 0x40, 0xf, 0xff, 0xff,
    0xff, 0xf4, 0xff, 0xff, 0xff, 0xff, 0x40, 0xf,
    0xff, 0xff, 0xff, 0xf4, 0xff, 0xff, 0xff, 0xff,
    0x40, 0xf, 0xff, 0xff, 0xff, 0xf4, 0xff, 0xff,
    0xff, 0xff, 0x40, 0xf, 0xff, 0xff, 0xff, 0xf4,
    0xff, 0xff, 0xff, 0xff, 0x40, 0xf, 0xff, 0xff,
    0xff, 0xf4, 0xff, 0xff, 0xff, 0xff, 0x40, 0xf,
    0xff, 0xff, 0xff, 0xf4, 0xff, 0xff, 0xff, 0xff,
    0x40, 0xf, 0xff, 0xff, 0xff, 0xf4, 0xff, 0xff,
    0xff, 0xff, 0x40, 0xf, 0xff, 0xff, 0xff, 0xf4,
    0xff, 0xff, 0xff, 0xff, 0x40, 0xf, 0xff, 0xff,
    0xff, 0xf4, 0xff, 0xff, 0xff, 0xff, 0x30, 0xf,
    0xff, 0xff, 0xff, 0xf3, 0x8f, 0xff, 0xff, 0xfb,
    0x0, 0x8, 0xff, 0xff, 0xff, 0xb0, 0x2, 0x44,
    0x44, 0x30, 0x0, 0x0, 0x24, 0x44, 0x43, 0x0,

    /* U+F04D "" */
    0x3d, 0xff, 0xff, 0xff, 0xff, 0xff, 0xff, 0xff,
    0xfe, 0x60, 0xdf, 0xff, 0xff, 0xff, 0xff, 0xff,
    0xff, 0xff, 0xff, 0xf1, 0xff, 0xff, 0xff, 0xff,
    0xff, 0xff, 0xff, 0xff, 0xff, 0xf3, 0xff, 0xff,
    0xff, 0xff, 0xff, 0xff, 0xff, 0xff, 0xff, 0xf4,
    0xff, 0xff, 0xff, 0xff, 0xff, 0xff, 0xff, 0xff,
    0xff, 0xf4, 0xff, 0xff, 0xff, 0xff, 0xff, 0xff,
    0xff, 0xff, 0xff, 0xf4, 0xff, 0xff, 0xff, 0xff,
    0xff, 0xff, 0xff, 0xff, 0xff, 0xf4, 0xff, 0xff,
    0xff, 0xff, 0xff, 0xff, 0xff, 0xff, 0xff, 0xf4,
    0xff, 0xff, 0xff, 0xff, 0xff, 0xff, 0xff, 0xff,
    0xff, 0xf4, 0xff, 0xff, 0xff, 0xff, 0xff, 0xff,
    0xff, 0xff, 0xff, 0xf4, 0xff, 0xff, 0xff, 0xff,
    0xff, 0xff, 0xff, 0xff, 0xff, 0xf4, 0xff, 0xff,
    0xff, 0xff, 0xff, 0xff, 0xff, 0xff, 0xff, 0xf4,
    0xff, 0xff, 0xff, 0xff, 0xff, 0xff, 0xff, 0xff,
    0xff, 0xf4, 0xff, 0xff, 0xff, 0xff, 0xff, 0xff,
    0xff, 0xff, 0xff, 0xf4, 0xff, 0xff, 0xff, 0xff,
    0xff, 0xff, 0xff, 0xff, 0xff, 0xf4, 0xff, 0xff,
    0xff, 0xff, 0xff, 0xff, 0xff, 0xff, 0xff, 0xf4,
    0xff, 0xff, 0xff, 0xff, 0xff, 0xff, 0xff, 0xff,
    0xff, 0xf4, 0xff, 0xff, 0xff, 0xff, 0xff, 0xff,
    0xff, 0xff, 0xff, 0xf3, 0x8f, 0xff, 0xff, 0xff,
    0xff, 0xff, 0xff, 0xff, 0xff, 0xb0, 0x2, 0x44,
    0x44, 0x44, 0x44, 0x44, 0x44, 0x44, 0x43, 0x0,

    /* U+F051 "" */
    0x0, 0x0, 0x0, 0x0, 0x0, 0x0, 0x0, 0x2,
    0xdc, 0x10, 0x0, 0x0, 0x0, 0xbf, 0xf3, 0x7f,
    0xfd, 0x20, 0x0, 0x0, 0xd, 0xff, 0x47, 0xff,
    0xfe, 0x30, 0x0, 0x0, 0xdf, 0xf4, 0x7f, 0xff,
    0xff, 0x40, 0x0, 0xd, 0xff, 0x47, 0xff, 0xff,
    0xff, 0x50, 0x0, 0xdf, 0xf4, 0x7f, 0xff, 0xff,
    0xff, 0x60, 0xd, 0xff, 0x47, 0xff, 0xff, 0xff,
    0xff, 0x70, 0xdf, 0xf4, 0x7f, 0xff, 0xff, 0xff,
    0xff, 0x8d, 0xff, 0x47, 0xff, 0xff, 0xff, 0xff,
    0xff, 0xff, 0xf4, 0x7f, 0xff, 0xff, 0xff, 0xff,
    0xff, 0xff, 0x47, 0xff, 0xff, 0xff, 0xff, 0xff,
    0xff, 0xf4, 0x7f, 0xff, 0xff, 0xff, 0xff, 0xcd,
    0xff, 0x47, 0xff, 0xff, 0xff, 0xff, 0xb0, 0xdf,
    0xf4, 0x7f, 0xff, 0xff, 0xff, 0xb0, 0xd, 0xff,
    0x47, 0xff, 0xff, 0xff, 0x90, 0x0, 0xdf, 0xf4,
    0x7f, 0xff, 0xff, 0x80, 0x0, 0xd, 0xff, 0x47,
    0xff, 0xff, 0x70, 0x0, 0x0, 0xdf, 0xf4, 0x7f,
    0xff, 0x60, 0x0, 0x0, 0xd, 0xff, 0x44, 0xff,
    0x50, 0x0, 0x0, 0x0, 0xcf, 0xf4, 0x2, 0x20,
    0x0, 0x0, 0x0, 0x2, 0x44, 0x0,

    /* U+F052 "" */
    0x0, 0x0, 0x0, 0x0, 0x8, 0xea, 0x10, 0x0,
    0x0, 0x0, 0x0, 0x0, 0x0, 0x0, 0x9, 0xff,
    0xfc, 0x0, 0x0, 0x0, 0x0, 0x0, 0x0, 0x0,
    0x7, 0xff, 0xff, 0xfb, 0x0, 0x0, 0x0, 0x0,
    0x0, 0x0, 0x6, 0xff, 0xff, 0xff, 0xfa, 0x0,
    0x0, 0x0, 0x0, 0x0, 0x5, 0xff, 0xff, 0xff,
    0xff, 0xf9, 0x0, 0x0, 0x0, 0x0, 0x4, 0xff,
    0xff, 0xff, 0xff, 0xff, 0xf7, 0x0, 0x0, 0x0,
    0x3, 0xff, 0xff, 0xff, 0xff, 0xff, 0xff, 0xf6,
    0x0, 0x0, 0x2, 0xef, 0xff, 0xff, 0xff, 0xff,
    0xff, 0xff, 0xf5, 0x0, 0x1, 0xef, 0xff, 0xff,
    0xff, 0xff, 0xff, 0xff, 0xff, 0xf4, 0x0, 0xcf,
    0xff, 0xff, 0xff, 0xff, 0xff, 0xff, 0xff, 0xff,
    0xe1, 0xf, 0xff, 0xff, 0xff, 0xff, 0xff, 0xff,
    0xff, 0xff, 0xff, 0x30, 0x9f, 0xff, 0xff, 0xff,
    0xff, 0xff, 0xff, 0xff, 0xff, 0xd0, 0x0, 0x56,
    0x66, 0x66, 0x66, 0x66, 0x66, 0x66, 0x66, 0x61,
    0x0, 0x0, 0x0, 0x0, 0x0, 0x0, 0x0, 0x0,
    0x0, 0x0, 0x0, 0xa, 0xff, 0xff, 0xff, 0xff,
    0xff, 0xff, 0xff, 0xff, 0xfd, 0x0, 0xff, 0xff,
    0xff, 0xff, 0xff, 0xff, 0xff, 0xff, 0xff, 0xf3,
    0xf, 0xff, 0xff, 0xff, 0xff, 0xff, 0xff, 0xff,
    0xff, 0xff, 0x40, 0xff, 0xff, 0xff, 0xff, 0xff,
    0xff, 0xff, 0xff, 0xff, 0xf4, 0xe, 0xff, 0xff,
    0xff, 0xff, 0xff, 0xff, 0xff, 0xff, 0xff, 0x20,
    0x27, 0x77, 0x77, 0x77, 0x77, 0x77, 0x77, 0x77,
    0x77, 0x30,

    /* U+F053 "" */
    0x0, 0x0, 0x0, 0x0, 0x19, 0x20, 0x0, 0x0,
    0x0, 0x1, 0xdf, 0xe2, 0x0, 0x0, 0x0, 0x1d,
    0xff, 0xf8, 0x0, 0x0, 0x1, 0xdf, 0xff, 0xd1,
    0x0, 0x0, 0x1d, 0xff, 0xfc, 0x10, 0x0, 0x1,
    0xdf, 0xff, 0xc1, 0x0, 0x0, 0x1d, 0xff, 0xfc,
    0x10, 0x0, 0x1, 0xdf, 0xff, 0xc1, 0x0, 0x0,
    0x1d, 0xff, 0xfc, 0x10, 0x0, 0x0, 0xbf, 0xff,
    0xd1, 0x0, 0x0, 0x0, 0x7f, 0xff, 0xf6, 0x0,
    0x0, 0x0, 0x7, 0xff, 0xff, 0x60, 0x0, 0x0,
    0x0, 0x7f, 0xff, 0xf6, 0x0, 0x0, 0x0, 0x7,
    0xff, 0xff, 0x60, 0x0, 0x0, 0x0, 0x7f, 0xff,
    0xf6, 0x0, 0x0, 0x0, 0x7, 0xff, 0xff, 0x60,
    0x0, 0x0, 0x0, 0x7f, 0xff, 0xf5, 0x0, 0x0,
    0x0, 0x7, 0xff, 0xf6, 0x0, 0x0, 0x0, 0x0,
    0x7f, 0x90, 0x0, 0x0, 0x0, 0x0, 0x1, 0x0,

    /* U+F054 "" */
    0x5, 0x80, 0x0, 0x0, 0x0, 0x0, 0x5f, 0xfb,
    0x0, 0x0, 0x0, 0x0, 0xcf, 0xff, 0xb0, 0x0,
    0x0, 0x0, 0x3e, 0xff, 0xfb, 0x0, 0x0, 0x0,
    0x3, 0xef, 0xff, 0xb0, 0x0, 0x0, 0x0, 0x3e,
    0xff, 0xfb, 0x0, 0x0, 0x0, 0x3, 0xef, 0xff,
    0xb0, 0x0, 0x0, 0x0, 0x3e, 0xff, 0xfb, 0x0,
    0x0, 0x0, 0x3, 0xef, 0xff, 0xb0, 0x0, 0x0,
    0x0, 0x3f, 0xff, 0xf7, 0x0, 0x0, 0x0, 0x9f,
    0xff, 0xf3, 0x0, 0x0, 0x9, 0xff, 0xff, 0x40,
    0x0, 0x0, 0x9f, 0xff, 0xf4, 0x0, 0x0, 0x9,
    0xff, 0xff, 0x40, 0x0, 0x0, 0x9f, 0xff, 0xf4,
    0x0, 0x0, 0x9, 0xff, 0xff, 0x40, 0x0, 0x0,
    0x8f, 0xff, 0xf4, 0x0, 0x0, 0x0, 0xaf, 0xff,
    0x40, 0x0, 0x0, 0x0, 0x1c, 0xf4, 0x0, 0x0,
    0x0, 0x0, 0x0, 0x0, 0x0, 0x0, 0x0, 0x0,

    /* U+F067 "" */
    0x0, 0x0, 0x0, 0x1, 0xbe, 0xd3, 0x0, 0x0,
    0x0, 0x0, 0x0, 0x0, 0x0, 0x6, 0xff, 0xfa,
    0x0, 0x0, 0x0, 0x0, 0x0, 0x0, 0x0, 0x7,
    0xff, 0xfb, 0x0, 0x0, 0x0, 0x0, 0x0, 0x0,
    0x0, 0x7, 0xff, 0xfb, 0x0, 0x0, 0x0, 0x0,
    0x0, 0x0, 0x0, 0x7, 0xff, 0xfb, 0x0, 0x0,
    0x0, 0x0, 0x0, 0x0, 0x0, 0x7, 0xff, 0xfb,
    0x0, 0x0, 0x0, 0x0, 0x0, 0x0, 0x0, 0x7,
    0xff, 0xfb, 0x0, 0x0, 0x0, 0x0, 0x14, 0x55,
    0x55, 0x59, 0xff, 0xfc, 0x55, 0x55, 0x54, 0x20,
    0xdf, 0xff, 0xff, 0xff, 0xff, 0xff, 0xff, 0xff,
    0xff, 0xf1, 0xff, 0xff, 0xff, 0xff, 0xff, 0xff,
    0xff, 0xff, 0xff, 0xf3, 0xff, 0xff, 0xff, 0xff,
    0xff, 0xff, 0xff, 0xff, 0xff, 0xf3, 0x6c, 0xdd,
    0xdd, 0xde, 0xff, 0xff, 0xdd, 0xdd, 0xdc, 0x90,
    0x0, 0x0, 0x0, 0x7, 0xff, 0xfb, 0x0, 0x0,
    0x0, 0x0, 0x0, 0x0, 0x0, 0x7, 0xff, 0xfb,
    0x0, 0x0, 0x0, 0x0, 0x0, 0x0, 0x0, 0x7,
    0xff, 0xfb, 0x0, 0x0, 0x0, 0x0, 0x0, 0x0,
    0x0, 0x7, 0xff, 0xfb, 0x0, 0x0, 0x0, 0x0,
    0x0, 0x0, 0x0, 0x7, 0xff, 0xfb, 0x0, 0x0,
    0x0, 0x0, 0x0, 0x0, 0x0, 0x7, 0xff, 0xfb,
    0x0, 0x0, 0x0, 0x0, 0x0, 0x0, 0x0, 0x4,
    0xff, 0xf8, 0x0, 0x0, 0x0, 0x0, 0x0, 0x0,
    0x0, 0x0, 0x36, 0x50, 0x0, 0x0, 0x0, 0x0,

    /* U+F068 "" */
    0x2, 0x22, 0x22, 0x22, 0x22, 0x22, 0x22, 0x22,
    0x22, 0x0, 0xbf, 0xff, 0xff, 0xff, 0xff, 0xff,
    0xff, 0xff, 0xff, 0xe1, 0xff, 0xff, 0xff, 0xff,
    0xff, 0xff, 0xff, 0xff, 0xff, 0xf3, 0xff, 0xff,
    0xff, 0xff, 0xff, 0xff, 0xff, 0xff, 0xff, 0xf3,
    0x8f, 0xff, 0xff, 0xff, 0xff, 0xff, 0xff, 0xff,
    0xff, 0xb0,

    /* U+F06E "" */
    0x0, 0x0, 0x0, 0x0, 0x0, 0x23, 0x43, 0x10,
    0x0, 0x0, 0x0, 0x0, 0x0, 0x0, 0x0, 0x0,
    0x5b, 0xff, 0xff, 0xff, 0xea, 0x40, 0x0, 0x0,
    0x0, 0x0, 0x0, 0x5, 0xef, 0xff, 0xfd, 0xce,
    0xff, 0xff, 0xc3, 0x0, 0x0, 0x0, 0x0, 0x1b,
    0xff, 0xff, 0x71, 0x0, 0x2, 0x9f, 0xff, 0xf8,
    0x0, 0x0, 0x0, 0x2d, 0xff, 0xfe, 0x20, 0x2,
    0x53, 0x0, 0x5f, 0xff, 0xfb, 0x0, 0x0, 0x1e,
    0xff, 0xff, 0x30, 0x0, 0x6f, 0xfc, 0x10, 0x7f,
    0xff, 0xfb, 0x0, 0xc, 0xff, 0xff, 0xa0, 0x0,
    0x6, 0xff, 0xfc, 0x0, 0xef, 0xff, 0xf8, 0x6,
    0xff, 0xff, 0xf5, 0x1, 0x3, 0xef, 0xff, 0xf4,
    0x9, 0xff, 0xff, 0xf3, 0xef, 0xff, 0xff, 0x30,
    0xbf, 0xff, 0xff, 0xff, 0x70, 0x7f, 0xff, 0xff,
    0xad, 0xff, 0xff, 0xf3, 0xa, 0xff, 0xff, 0xff,
    0xf6, 0x7, 0xff, 0xff, 0xf9, 0x3f, 0xff, 0xff,
    0x60, 0x5f, 0xff, 0xff, 0xff, 0x10, 0xaf, 0xff,
    0xfe, 0x10, 0x8f, 0xff, 0xfc, 0x0, 0xaf, 0xff,
    0xff, 0x60, 0x1f, 0xff, 0xff, 0x50, 0x0, 0xaf,
    0xff, 0xf6, 0x0, 0x6c, 0xdb, 0x40, 0xa, 0xff,
    0xff, 0x70, 0x0, 0x0, 0xaf, 0xff, 0xf6, 0x0,
    0x0, 0x0, 0x9, 0xff, 0xff, 0x70, 0x0, 0x0,
    0x0, 0x6f, 0xff, 0xfc, 0x52, 0x12, 0x6d, 0xff,
    0xfe, 0x40, 0x0, 0x0, 0x0, 0x0, 0x19, 0xff,
    0xff, 0xff, 0xff, 0xff, 0xf8, 0x0, 0x0, 0x0,
    0x0, 0x0, 0x0, 0x1, 0x5a, 0xde, 0xfe, 0xd9,
    0x50, 0x0, 0x0, 0x0, 0x0,

    /* U+F070 "" */
    0x0, 0x0, 0x0, 0x0, 0x0, 0x0, 0x0, 0x0,
    0x0, 0x0, 0x0, 0x0, 0x0, 0x0, 0x4e, 0x70,
    0x0, 0x0, 0x0, 0x0, 0x0, 0x0, 0x0, 0x0,
    0x0, 0x0, 0x0, 0x0, 0xef, 0xfb, 0x0, 0x0,
    0x0, 0x0, 0x0, 0x0, 0x0, 0x0, 0x0, 0x0,
    0x0, 0x0, 0x6f, 0xff, 0xd2, 0x0, 0x0, 0x0,
    0x24, 0x32, 0x0, 0x0, 0x0, 0x0, 0x0, 0x0,
    0x3, 0xef, 0xff, 0x60, 0x28, 0xcf, 0xff, 0xff,
    0xfb, 0x60, 0x0, 0x0, 0x0, 0x0, 0x0, 0x1b,
    0xff, 0xfc, 0xff, 0xff, 0xec, 0xdf, 0xff, 0xfe,
    0x70, 0x0, 0x0, 0x0, 0x0, 0x0, 0x8f, 0xff,
    0xff, 0xa3, 0x0, 0x0, 0x6e, 0xff, 0xfc, 0x20,
    0x0, 0x0, 0x0, 0x0, 0x4, 0xef, 0xff, 0x70,
    0x15, 0x40, 0x1, 0xdf, 0xff, 0xe3, 0x0, 0x0,
    0x0, 0x1, 0x0, 0x1c, 0xff, 0xfb, 0x1f, 0xfe,
    0x50, 0x2f, 0xff, 0xff, 0x20, 0x0, 0x0, 0x7e,
    0x30, 0x0, 0x9f, 0xff, 0xef, 0xff, 0xf3, 0x8,
    0xff, 0xff, 0xd0, 0x0, 0x2, 0xff, 0xf6, 0x0,
    0x5, 0xff, 0xff, 0xff, 0xfa, 0x3, 0xff, 0xff,
    0xf8, 0x0, 0x8, 0xff, 0xff, 0xa0, 0x0, 0x2d,
    0xff, 0xff, 0xfd, 0x1, 0xff, 0xff, 0xff, 0x0,
    0x6, 0xff, 0xff, 0xfa, 0x0, 0x0, 0xaf, 0xff,
    0xfb, 0x2, 0xff, 0xff, 0xfe, 0x0, 0x0, 0xdf,
    0xff, 0xfd, 0x0, 0x0, 0x6, 0xff, 0xff, 0x55,
    0xff, 0xff, 0xf5, 0x0, 0x0, 0x2f, 0xff, 0xff,
    0x40, 0x0, 0x0, 0x3d, 0xff, 0xfe, 0xff, 0xff,
    0x90, 0x0, 0x0, 0x4, 0xff, 0xff, 0xd0, 0x0,
    0x0, 0x0, 0xbf, 0xff, 0xff, 0xfb, 0x0, 0x0,
    0x0, 0x0, 0x4f, 0xff, 0xfb, 0x10, 0x0, 0x0,
    0x7, 0xff, 0xff, 0xc0, 0x0, 0x0, 0x0, 0x0,
    0x2, 0xdf, 0xff, 0xe8, 0x31, 0x20, 0x0, 0x3e,
    0xff, 0xf6, 0x0, 0x0, 0x0, 0x0, 0x0, 0x6,
    0xef, 0xff, 0xff, 0xfb, 0x0, 0x1, 0xbf, 0xff,
    0xa0, 0x0, 0x0, 0x0, 0x0, 0x0, 0x4, 0x9c,
    0xef, 0xfd, 0x80, 0x0, 0x8, 0xff, 0xfd, 0x20,
    0x0, 0x0, 0x0, 0x0, 0x0, 0x0, 0x0, 0x0,
    0x0, 0x0, 0x0, 0x4e, 0xff, 0xf3, 0x0, 0x0,
    0x0, 0x0, 0x0, 0x0, 0x0, 0x0, 0x0, 0x0,
    0x0, 0x1, 0xcf, 0xf4, 0x0, 0x0, 0x0, 0x0,
    0x0, 0x0, 0x0, 0x0, 0x0, 0x0, 0x0, 0x0,
    0x8, 0x60,

    /* U+F071 "" */
    0x0, 0x0, 0x0, 0x0, 0x0, 0x0, 0x0, 0x0,
    0x0, 0x0, 0x0, 0x0, 0x0, 0x0, 0x0, 0x0,
    0x0, 0x0, 0x0, 0x1d, 0xfb, 0x0, 0x0, 0x0,
    0x0, 0x0, 0x0, 0x0, 0x0, 0x0, 0x0, 0x0,
    0xb, 0xff, 0xf7, 0x0, 0x0, 0x0, 0x0, 0x0,
    0x0, 0x0, 0x0, 0x0, 0x0, 0x4, 0xff, 0xff,
    0xf1, 0x0, 0x0, 0x0, 0x0, 0x0, 0x0, 0x0,
    0x0, 0x0, 0x0, 0xdf, 0xff, 0xff, 0xa0, 0x0,
    0x0, 0x0, 0x0, 0x0, 0x0, 0x0, 0x0, 0x0,
    0x7f, 0xff, 0xff, 0xff, 0x30, 0x0, 0x0, 0x0,
    0x0, 0x0, 0x0, 0x0, 0x0, 0x1f, 0xff, 0xff,
    0xff, 0xfc, 0x0, 0x0, 0x0, 0x0, 0x0, 0x0,
    0x0, 0x0, 0xa, 0xff, 0xff, 0xff, 0xff, 0xf6,
    0x0, 0x0, 0x0, 0x0, 0x0, 0x0, 0x0, 0x3,
    0xff, 0xfd, 0x88, 0x8f, 0xff, 0xe0, 0x0, 0x0,
    0x0, 0x0, 0x0, 0x0, 0x0, 0xcf, 0xff, 0x80,
    0x0, 0xcf, 0xff, 0x80, 0x0, 0x0, 0x0, 0x0,
    0x0, 0x0, 0x6f, 0xff, 0xf9, 0x0, 0xd, 0xff,
    0xff, 0x20, 0x0, 0x0, 0x0, 0x0, 0x0, 0xe,
    0xff, 0xff, 0xa0, 0x0, 0xef, 0xff, 0xfb, 0x0,
    0x0, 0x0, 0x0, 0x0, 0x8, 0xff, 0xff, 0xfb,
    0x0, 0xf, 0xff, 0xff, 0xf4, 0x0, 0x0, 0x0,
    0x0, 0x2, 0xff, 0xff, 0xff, 0xc0, 0x0, 0xff,
    0xff, 0xff, 0xd0, 0x0, 0x0, 0x0, 0x0, 0xbf,
    0xff, 0xff, 0xfd, 0x0, 0x1f, 0xff, 0xff, 0xff,
    0x70, 0x0, 0x0, 0x0, 0x4f, 0xff, 0xff, 0xff,
    0xfd, 0xcd, 0xff, 0xff, 0xff, 0xff, 0x10, 0x0,
    0x0, 0xd, 0xff, 0xff, 0xff, 0xfe, 0x30, 0x6f,
    0xff, 0xff, 0xff, 0xfa, 0x0, 0x0, 0x7, 0xff,
    0xff, 0xff, 0xff, 0x80, 0x0, 0xbf, 0xff, 0xff,
    0xff, 0xf3, 0x0, 0x1, 0xff, 0xff, 0xff, 0xff,
    0xf8, 0x0, 0xc, 0xff, 0xff, 0xff, 0xff, 0xc0,
    0x0, 0x9f, 0xff, 0xff, 0xff, 0xff, 0xf4, 0x17,
    0xff, 0xff, 0xff, 0xff, 0xff, 0x50, 0xf, 0xff,
    0xff, 0xff, 0xff, 0xff, 0xff, 0xff, 0xff, 0xff,
    0xff, 0xff, 0xfb, 0x0, 0xdf, 0xff, 0xff, 0xff,
    0xff, 0xff, 0xff, 0xff, 0xff, 0xff, 0xff, 0xff,
    0x90, 0x2, 0xbc, 0xcc, 0xcc, 0xcc, 0xcc, 0xcc,
    0xcc, 0xcc, 0xcc, 0xcc, 0xcc, 0x90, 0x0,

    /* U+F074 "" */
    0x0, 0x0, 0x0, 0x0, 0x0, 0x0, 0x0, 0x0,
    0x0, 0x0, 0x0, 0x0, 0x0, 0x0, 0x0, 0x0,
    0x0, 0x0, 0x0, 0x3c, 0x50, 0x0, 0x0, 0x0,
    0x0, 0x0, 0x0, 0x0, 0x0, 0x0, 0x7f, 0xf5,
    0x0, 0x12, 0x22, 0x20, 0x0, 0x0, 0x0, 0x0,
    0x22, 0x9f, 0xff, 0x50, 0xff, 0xff, 0xfe, 0x20,
    0x0, 0x0, 0xc, 0xff, 0xff, 0xff, 0xf5, 0xff,
    0xff, 0xff, 0xe2, 0x0, 0x0, 0xcf, 0xff, 0xff,
    0xff, 0xff, 0xff, 0xff, 0xff, 0xfd, 0x10, 0xb,
    0xff, 0xff, 0xff, 0xff, 0xf8, 0x45, 0x55, 0xbf,
    0xff, 0x60, 0xaf, 0xff, 0xd5, 0xaf, 0xff, 0x80,
    0x0, 0x0, 0xb, 0xf8, 0xa, 0xff, 0xfe, 0x10,
    0x8f, 0xf8, 0x0, 0x0, 0x0, 0x0, 0x70, 0x9f,
    0xff, 0xe2, 0x0, 0x4f, 0x80, 0x0, 0x0, 0x0,
    0x0, 0x8, 0xff, 0xfe, 0x20, 0x0, 0x0, 0x0,
    0x0, 0x0, 0x0, 0x0, 0x7f, 0xff, 0xf3, 0x10,
    0x0, 0x2a, 0x30, 0x0, 0x0, 0x0, 0x6, 0xff,
    0xff, 0x41, 0xda, 0x0, 0x7f, 0xf3, 0x0, 0x0,
    0x0, 0x5f, 0xff, 0xf4, 0xc, 0xff, 0x90, 0x8f,
    0xff, 0x30, 0xef, 0xff, 0xff, 0xff, 0x50, 0x2e,
    0xff, 0xff, 0xff, 0xff, 0xf3, 0xff, 0xff, 0xff,
    0xf6, 0x0, 0x2, 0xef, 0xff, 0xff, 0xff, 0xfe,
    0xff, 0xff, 0xff, 0x70, 0x0, 0x0, 0x3f, 0xff,
    0xff, 0xff, 0xfa, 0x67, 0x77, 0x75, 0x0, 0x0,
    0x0, 0x3, 0x77, 0xbf, 0xff, 0xa0, 0x0, 0x0,
    0x0, 0x0, 0x0, 0x0, 0x0, 0x0, 0x8f, 0xfa,
    0x0, 0x0, 0x0, 0x0, 0x0, 0x0, 0x0, 0x0,
    0x0, 0x6f, 0xa0, 0x0, 0x0, 0x0, 0x0, 0x0,
    0x0, 0x0, 0x0, 0x0, 0x2, 0x0, 0x0,

    /* U+F077 "" */
    0x0, 0x0, 0x0, 0x0, 0x4e, 0x70, 0x0, 0x0,
    0x0, 0x0, 0x0, 0x0, 0x0, 0x4f, 0xff, 0x70,
    0x0, 0x0, 0x0, 0x0, 0x0, 0x0, 0x4f, 0xff,
    0xff, 0x70, 0x0, 0x0, 0x0, 0x0, 0x0, 0x4f,
    0xff, 0xff, 0xff, 0x70, 0x0, 0x0, 0x0, 0x0,
    0x4f, 0xff, 0xfc, 0xff, 0xff, 0x70, 0x0, 0x0,
    0x0, 0x4f, 0xff, 0xfa, 0x5, 0xff, 0xff, 0x70,
    0x0, 0x0, 0x4f, 0xff, 0xfa, 0x0, 0x5, 0xff,
    0xff, 0x70, 0x0, 0x4f, 0xff, 0xf9, 0x0, 0x0,
    0x6, 0xff, 0xff, 0x70, 0x3f, 0xff, 0xf9, 0x0,
    0x0, 0x0, 0x6, 0xff, 0xff, 0x7a, 0xff, 0xf9,
    0x0, 0x0, 0x0, 0x0, 0x6, 0xff, 0xff, 0x2e,
    0xf9, 0x0, 0x0, 0x0, 0x0, 0x0, 0x6, 0xff,
    0x50, 0x25, 0x0, 0x0, 0x0, 0x0, 0x0, 0x0,
    0x4, 0x40,

    /* U+F078 "" */
    0x9, 0xd3, 0x0, 0x0, 0x0, 0x0, 0x0, 0x1,
    0xcb, 0x18, 0xff, 0xe3, 0x0, 0x0, 0x0, 0x0,
    0x1, 0xcf, 0xfc, 0x9f, 0xff, 0xe3, 0x0, 0x0,
    0x0, 0x1, 0xcf, 0xff, 0xd0, 0xbf, 0xff, 0xe3,
    0x0, 0x0, 0x1, 0xcf, 0xff, 0xd1, 0x0, 0xbf,
    0xff, 0xe3, 0x0, 0x1, 0xcf, 0xff, 0xd1, 0x0,
    0x0, 0xbf, 0xff, 0xe3, 0x1, 0xcf, 0xff, 0xd1,
    0x0, 0x0, 0x0, 0xbf, 0xff, 0xe4, 0xcf, 0xff,
    0xd1, 0x0, 0x0, 0x0, 0x0, 0xbf, 0xff, 0xff,
    0xff, 0xd1, 0x0, 0x0, 0x0, 0x0, 0x0, 0xbf,
    0xff, 0xff, 0xd1, 0x0, 0x0, 0x0, 0x0, 0x0,
    0x0, 0xbf, 0xff, 0xd1, 0x0, 0x0, 0x0, 0x0,
    0x0, 0x0, 0x0, 0xbf, 0xd1, 0x0, 0x0, 0x0,
    0x0, 0x0, 0x0, 0x0, 0x0, 0x61, 0x0, 0x0,
    0x0, 0x0,

    /* U+F079 "" */
    0x0, 0x0, 0x27, 0x10, 0x0, 0x0, 0x0, 0x0,
    0x0, 0x0, 0x0, 0x0, 0x0, 0x0, 0x0, 0x2,
    0xef, 0xd1, 0x0, 0x0, 0x0, 0x0, 0x0, 0x0,
    0x0, 0x0, 0x0, 0x0, 0x0, 0x2e, 0xff, 0xfd,
    0x10, 0x3f, 0xff, 0xff, 0xff, 0xff, 0xff, 0xe0,
    0x0, 0x0, 0x2, 0xef, 0xff, 0xff, 0xd1, 0x3f,
    0xff, 0xff, 0xff, 0xff, 0xff, 0xf1, 0x0, 0x0,
    0x2e, 0xff, 0xff, 0xff, 0xfd, 0x15, 0xbb, 0xbb,
    0xbb, 0xbb, 0xef, 0xf1, 0x0, 0x0, 0xdf, 0xfb,
    0xef, 0xdc, 0xff, 0xb0, 0x0, 0x0, 0x0, 0x0,
    0xaf, 0xf1, 0x0, 0x0, 0x9f, 0xc0, 0xef, 0xd1,
    0xdf, 0x70, 0x0, 0x0, 0x0, 0x0, 0xaf, 0xf1,
    0x0, 0x0, 0x3, 0x0, 0xef, 0xd0, 0x3, 0x0,
    0x0, 0x0, 0x0, 0x0, 0xaf, 0xf1, 0x0, 0x0,
    0x0, 0x0, 0xef, 0xd0, 0x0, 0x0, 0x0, 0x0,
    0x0, 0x0, 0xaf, 0xf1, 0x0, 0x0, 0x0, 0x0,
    0xef, 0xd0, 0x0, 0x0, 0x0, 0x0, 0x0, 0x0,
    0xaf, 0xf1, 0x0, 0x0, 0x0, 0x0, 0xef, 0xd0,
    0x0, 0x0, 0x0, 0x0, 0x7, 0x50, 0xaf, 0xf1,
    0x19, 0x30, 0x0, 0x0, 0xef, 0xd0, 0x0, 0x0,
    0x0, 0x0, 0x8f, 0xf6, 0xaf, 0xf3, 0xdf, 0xe0,
    0x0, 0x0, 0xef, 0xd0, 0x0, 0x0, 0x0, 0x0,
    0x5f, 0xff, 0xef, 0xfe, 0xff, 0xd0, 0x0, 0x0,
    0xef, 0xff, 0xff, 0xff, 0xff, 0xfc, 0x16, 0xff,
    0xff, 0xff, 0xfd, 0x10, 0x0, 0x0, 0xef, 0xff,
    0xff, 0xff, 0xff, 0xff, 0x80, 0x6f, 0xff, 0xff,
    0xd1, 0x0, 0x0, 0x0, 0x6b, 0xbb, 0xbb, 0xbb,
    0xbb, 0xba, 0x30, 0x6, 0xff, 0xfd, 0x10, 0x0,
    0x0, 0x0, 0x0, 0x0, 0x0, 0x0, 0x0, 0x0,
    0x0, 0x0, 0x6f, 0xc1, 0x0, 0x0, 0x0, 0x0,
    0x0, 0x0, 0x0, 0x0, 0x0, 0x0, 0x0, 0x0,
    0x2, 0x0, 0x0, 0x0,

    /* U+F07B "" */
    0x5, 0x78, 0x88, 0x88, 0x71, 0x0, 0x0, 0x0,
    0x0, 0x0, 0x0, 0xaf, 0xff, 0xff, 0xff, 0xfd,
    0x10, 0x0, 0x0, 0x0, 0x0, 0x0, 0xff, 0xff,
    0xff, 0xff, 0xff, 0xd1, 0x0, 0x0, 0x0, 0x0,
    0x0, 0xff, 0xff, 0xff, 0xff, 0xff, 0xfe, 0xcc,
    0xcc, 0xcc, 0xcb, 0x91, 0xff, 0xff, 0xff, 0xff,
    0xff, 0xff, 0xff, 0xff, 0xff, 0xff, 0xfc, 0xff,
    0xff, 0xff, 0xff, 0xff, 0xff, 0xff, 0xff, 0xff,
    0xff, 0xff, 0xff, 0xff, 0xff, 0xff, 0xff, 0xff,
    0xff, 0xff, 0xff, 0xff, 0xff, 0xff, 0xff, 0xff,
    0xff, 0xff, 0xff, 0xff, 0xff, 0xff, 0xff, 0xff,
    0xff, 0xff, 0xff, 0xff, 0xff, 0xff, 0xff, 0xff,
    0xff, 0xff, 0xff, 0xff, 0xff, 0xff, 0xff, 0xff,
    0xff, 0xff, 0xff, 0xff, 0xff, 0xff, 0xff, 0xff,
    0xff, 0xff, 0xff, 0xff, 0xff, 0xff, 0xff, 0xff,
    0xff, 0xff, 0xff, 0xff, 0xff, 0xff, 0xff, 0xff,
    0xff, 0xff, 0xff, 0xff, 0xff, 0xff, 0xff, 0xff,
    0xff, 0xff, 0xff, 0xff, 0xff, 0xff, 0xff, 0xff,
    0xff, 0xff, 0xff, 0xff, 0xff, 0xff, 0xff, 0xff,
    0xff, 0xff, 0xff, 0xff, 0xff, 0xff, 0xff, 0xff,
    0xff, 0xff, 0xff, 0xff, 0xff, 0xef, 0xff, 0xff,
    0xff, 0xff, 0xff, 0xff, 0xff, 0xff, 0xff, 0xfd,
    0x4e, 0xff, 0xff, 0xff, 0xff, 0xff, 0xff, 0xff,
    0xff, 0xff, 0xe4,

    /* U+F093 "" */
    0x0, 0x0, 0x0, 0x0, 0x0, 0x0, 0x0, 0x0,
    0x0, 0x0, 0x0, 0x0, 0x0, 0x0, 0x0, 0x3,
    0xfc, 0x10, 0x0, 0x0, 0x0, 0x0, 0x0, 0x0,
    0x0, 0x0, 0x3f, 0xff, 0xc1, 0x0, 0x0, 0x0,
    0x0, 0x0, 0x0, 0x0, 0x3, 0xff, 0xff, 0xfc,
    0x10, 0x0, 0x0, 0x0, 0x0, 0x0, 0x0, 0x3f,
    0xff, 0xff, 0xff, 0xc1, 0x0, 0x0, 0x0, 0x0,
    0x0, 0x3, 0xff, 0xff, 0xff, 0xff, 0xfc, 0x10,
    0x0, 0x0, 0x0, 0x0, 0x3f, 0xff, 0xff, 0xff,
    0xff, 0xff, 0xc1, 0x0, 0x0, 0x0, 0x3, 0xff,
    0xff, 0xff, 0xff, 0xff, 0xff, 0xfc, 0x0, 0x0,
    0x0, 0x6, 0xff, 0xff, 0xff, 0xff, 0xff, 0xff,
    0xff, 0x10, 0x0, 0x0, 0x0, 0x11, 0x11, 0xef,
    0xff, 0xf9, 0x11, 0x10, 0x0, 0x0, 0x0, 0x0,
    0x0, 0x0, 0xef, 0xff, 0xf9, 0x0, 0x0, 0x0,
    0x0, 0x0, 0x0, 0x0, 0x0, 0xef, 0xff, 0xf9,
    0x0, 0x0, 0x0, 0x0, 0x0, 0x0, 0x0, 0x0,
    0xef, 0xff, 0xf9, 0x0, 0x0, 0x0, 0x0, 0x0,
    0x0, 0x0, 0x0, 0xef, 0xff, 0xf9, 0x0, 0x0,
    0x0, 0x0, 0x0, 0x0, 0x0, 0x0, 0xef, 0xff,
    0xf9, 0x0, 0x0, 0x0, 0x0, 0x0, 0x0, 0x0,
    0x0, 0xef, 0xff, 0xf9, 0x0, 0x0, 0x0, 0x0,
    0xcf, 0xff, 0xff, 0xe0, 0xdf, 0xff, 0xf8, 0xe,
    0xff, 0xff, 0xfc, 0xff, 0xff, 0xff, 0xf3, 0x26,
    0x66, 0x50, 0x3f, 0xff, 0xff, 0xff, 0xff, 0xff,
    0xff, 0xfe, 0x52, 0x22, 0x25, 0xef, 0xff, 0xff,
    0xff, 0xff, 0xff, 0xff, 0xff, 0xff, 0xff, 0xff,
    0xff, 0xff, 0xff, 0xff, 0xff, 0xff, 0xff, 0xff,
    0xff, 0xff, 0xff, 0xf1, 0x6e, 0xb, 0xff, 0xff,
    0xff, 0xff, 0xff, 0xff, 0xff, 0xff, 0xf6, 0xaf,
    0x5d, 0xff, 0xbf, 0xff, 0xff, 0xff, 0xff, 0xff,
    0xff, 0xff, 0xff, 0xff, 0xfb,

    /* U+F095 "" */
    0x0, 0x0, 0x0, 0x0, 0x0, 0x0, 0x0, 0x0,
    0x2, 0x0, 0x0, 0x0, 0x0, 0x0, 0x0, 0x0,
    0x0, 0x0, 0x0, 0x7, 0xff, 0xc8, 0x51, 0x0,
    0x0, 0x0, 0x0, 0x0, 0x0, 0x0, 0x0, 0xef,
    0xff, 0xff, 0xe0, 0x0, 0x0, 0x0, 0x0, 0x0,
    0x0, 0x0, 0x5f, 0xff, 0xff, 0xff, 0x0, 0x0,
    0x0, 0x0, 0x0, 0x0, 0x0, 0xc, 0xff, 0xff,
    0xff, 0xe0, 0x0, 0x0, 0x0, 0x0, 0x0, 0x0,
    0x3, 0xff, 0xff, 0xff, 0xfd, 0x0, 0x0, 0x0,
    0x0, 0x0, 0x0, 0x0, 0x8f, 0xff, 0xff, 0xff,
    0xa0, 0x0, 0x0, 0x0, 0x0, 0x0, 0x0, 0x2,
    0xdf, 0xff, 0xff, 0xf7, 0x0, 0x0, 0x0, 0x0,
    0x0, 0x0, 0x0, 0x1, 0xcf, 0xff, 0xff, 0x30,
    0x0, 0x0, 0x0, 0x0, 0x0, 0x0, 0x0, 0x0,
    0xdf, 0xff, 0xd0, 0x0, 0x0, 0x0, 0x0, 0x0,
    0x0, 0x0, 0x0, 0x3f, 0xff, 0xf8, 0x0, 0x0,
    0x0, 0x0, 0x0, 0x0, 0x0, 0x0, 0xc, 0xff,
    0xff, 0x10, 0x0, 0x0, 0x0, 0x0, 0x0, 0x0,
    0x0, 0x8, 0xff, 0xff, 0x80, 0x0, 0x0, 0x0,
    0x0, 0x0, 0x0, 0x0, 0x5, 0xff, 0xff, 0xd0,
    0x0, 0x0, 0x0, 0x5, 0xb8, 0x0, 0x0, 0x6,
    0xff, 0xff, 0xf3, 0x0, 0x0, 0x1, 0x7e, 0xff,
    0xf6, 0x0, 0x8, 0xff, 0xff, 0xf6, 0x0, 0x0,
    0x9, 0xff, 0xff, 0xff, 0xf4, 0x4d, 0xff, 0xff,
    0xf8, 0x0, 0x0, 0x0, 0xef, 0xff, 0xff, 0xff,
    0xff, 0xff, 0xff, 0xf8, 0x0, 0x0, 0x0, 0xb,
    0xff, 0xff, 0xff, 0xff, 0xff, 0xff, 0xf6, 0x0,
    0x0, 0x0, 0x0, 0x7f, 0xff, 0xff, 0xff, 0xff,
    0xff, 0xc2, 0x0, 0x0, 0x0, 0x0, 0x4, 0xff,
    0xff, 0xff, 0xff, 0xfe, 0x60, 0x0, 0x0, 0x0,
    0x0, 0x0, 0xf, 0xff, 0xff, 0xff, 0xb5, 0x0,
    0x0, 0x0, 0x0, 0x0, 0x0, 0x0, 0x7b, 0xb9,
    0x74, 0x0, 0x0, 0x0, 0x0, 0x0, 0x0, 0x0,
    0x0,

    /* U+F0C4 "" */
    0x1, 0x8c, 0xda, 0x20, 0x0, 0x0, 0x0, 0x0,
    0x20, 0x0, 0x1d, 0xff, 0xff, 0xf3, 0x0, 0x0,
    0x0, 0x8f, 0xff, 0x80, 0xaf, 0xff, 0xff, 0xfd,
    0x0, 0x0, 0xa, 0xff, 0xff, 0xf1, 0xef, 0xe1,
    0xc, 0xff, 0x20, 0x0, 0xbf, 0xff, 0xfe, 0x30,
    0xff, 0xd0, 0xa, 0xff, 0x30, 0xb, 0xff, 0xff,
    0xe3, 0x0, 0xbf, 0xfc, 0xbf, 0xff, 0x10, 0xcf,
    0xff, 0xfe, 0x30, 0x0, 0x3f, 0xff, 0xff, 0xff,
    0xdc, 0xff, 0xff, 0xe3, 0x0, 0x0, 0x3, 0xdf,
    0xff, 0xff, 0xff, 0xff, 0xfe, 0x20, 0x0, 0x0,
    0x0, 0x1, 0x2d, 0xff, 0xff, 0xff, 0xe2, 0x0,
    0x0, 0x0, 0x0, 0x0, 0x2, 0xff, 0xff, 0xff,
    0x30, 0x0, 0x0, 0x0, 0x0, 0x0, 0xb, 0xff,
    0xff, 0xff, 0xc0, 0x0, 0x0, 0x0, 0x1, 0x8c,
    0xef, 0xff, 0xff, 0xff, 0xfc, 0x0, 0x0, 0x0,
    0x1d, 0xff, 0xff, 0xff, 0xff, 0xff, 0xff, 0xc0,
    0x0, 0x0, 0xaf, 0xff, 0xff, 0xff, 0x33, 0xef,
    0xff, 0xfc, 0x0, 0x0, 0xef, 0xe1, 0xc, 0xff,
    0x20, 0x2e, 0xff, 0xff, 0xc1, 0x0, 0xff, 0xd0,
    0xa, 0xff, 0x30, 0x2, 0xef, 0xff, 0xfc, 0x10,
    0xbf, 0xfc, 0xbf, 0xff, 0x0, 0x0, 0x1d, 0xff,
    0xff, 0xc0, 0x3f, 0xff, 0xff, 0xf7, 0x0, 0x0,
    0x1, 0xcf, 0xff, 0xd1, 0x3, 0xdf, 0xfe, 0x60,
    0x0, 0x0, 0x0, 0x4, 0x75, 0x0, 0x0, 0x1,
    0x10, 0x0, 0x0, 0x0, 0x0, 0x0, 0x0, 0x0,

    /* U+F0C5 "" */
    0x0, 0x0, 0x0, 0x12, 0x22, 0x22, 0x22, 0x1,
    0x0, 0x0, 0x0, 0x0, 0x3, 0xff, 0xff, 0xff,
    0xfe, 0xe, 0x60, 0x0, 0x0, 0x0, 0x5, 0xff,
    0xff, 0xff, 0xfe, 0xe, 0xf6, 0x0, 0x0, 0x0,
    0x5, 0xff, 0xff, 0xff, 0xfe, 0xe, 0xff, 0x70,
    0x1, 0x22, 0x5, 0xff, 0xff, 0xff, 0xfe, 0xe,
    0xff, 0xf2, 0xdf, 0xff, 0x25, 0xff, 0xff, 0xff,
    0xff, 0x10, 0x0, 0x0, 0xff, 0xff, 0x25, 0xff,
    0xff, 0xff, 0xff, 0xff, 0xff, 0xf3, 0xff, 0xff,
    0x25, 0xff, 0xff, 0xff, 0xff, 0xff, 0xff, 0xf3,
    0xff, 0xff, 0x25, 0xff, 0xff, 0xff, 0xff, 0xff,
    0xff, 0xf3, 0xff, 0xff, 0x25, 0xff, 0xff, 0xff,
    0xff, 0xff, 0xff, 0xf3, 0xff, 0xff, 0x25, 0xff,
    0xff, 0xff, 0xff, 0xff, 0xff, 0xf3, 0xff, 0xff,
    0x25, 0xff, 0xff, 0xff, 0xff, 0xff, 0xff, 0xf3,
    0xff, 0xff, 0x25, 0xff, 0xff, 0xff, 0xff, 0xff,
    0xff, 0xf3, 0xff, 0xff, 0x25, 0xff, 0xff, 0xff,
    0xff, 0xff, 0xff, 0xf3, 0xff, 0xff, 0x25, 0xff,
    0xff, 0xff, 0xff, 0xff, 0xff, 0xf3, 0xff, 0xff,
    0x25, 0xff, 0xff, 0xff, 0xff, 0xff, 0xff, 0xf3,
    0xff, 0xff, 0x25, 0xff, 0xff, 0xff, 0xff, 0xff,
    0xff, 0xf3, 0xff, 0xff, 0x24, 0xff, 0xff, 0xff,
    0xff, 0xff, 0xff, 0xf2, 0xff, 0xff, 0x50, 0x56,
    0x66, 0x66, 0x66, 0x66, 0x66, 0x50, 0xff, 0xff,
    0xe4, 0x0, 0x0, 0x0, 0x0, 0x0, 0x0, 0x0,
    0xff, 0xff, 0xff, 0xff, 0xff, 0xff, 0xfe, 0x0,
    0x0, 0x0, 0xff, 0xff, 0xff, 0xff, 0xff, 0xff,
    0xfe, 0x0, 0x0, 0x0, 0x8b, 0xcc, 0xcc, 0xcc,
    0xcc, 0xcc, 0xb7, 0x0, 0x0, 0x0,

    /* U+F0C7 "" */
    0x2a, 0xcc, 0xcc, 0xcc, 0xcc, 0xcc, 0xcc, 0x91,
    0x0, 0x0, 0xcf, 0xff, 0xff, 0xff, 0xff, 0xff,
    0xff, 0xfd, 0x10, 0x0, 0xff, 0xff, 0xff, 0xff,
    0xff, 0xff, 0xff, 0xff, 0xd1, 0x0, 0xff, 0xc0,
    0x0, 0x0, 0x0, 0x0, 0x3, 0xff, 0xfd, 0x10,
    0xff, 0xc0, 0x0, 0x0, 0x0, 0x0, 0x1, 0xff,
    0xff, 0xd0, 0xff, 0xc0, 0x0, 0x0, 0x0, 0x0,
    0x1, 0xff, 0xff, 0xf5, 0xff, 0xc0, 0x0, 0x0,
    0x0, 0x0, 0x1, 0xff, 0xff, 0xf6, 0xff, 0xc0,
    0x0, 0x0, 0x0, 0x0, 0x1, 0xff, 0xff, 0xf6,
    0xff, 0xfb, 0xbb, 0xbb, 0xbb, 0xbb, 0xbc, 0xff,
    0xff, 0xf6, 0xff, 0xff, 0xff, 0xff, 0xff, 0xff,
    0xff, 0xff, 0xff, 0xf6, 0xff, 0xff, 0xff, 0xff,
    0xff, 0xff, 0xff, 0xff, 0xff, 0xf6, 0xff, 0xff,
    0xff, 0xfe, 0x51, 0x3b, 0xff, 0xff, 0xff, 0xf6,
    0xff, 0xff, 0xff, 0xf3, 0x0, 0x0, 0xcf, 0xff,
    0xff, 0xf6, 0xff, 0xff, 0xff, 0xe0, 0x0, 0x0,
    0x8f, 0xff, 0xff, 0xf6, 0xff, 0xff, 0xff, 0xf0,
    0x0, 0x0, 0x9f, 0xff, 0xff, 0xf6, 0xff, 0xff,
    0xff, 0xf9, 0x0, 0x4, 0xff, 0xff, 0xff, 0xf6,
    0xff, 0xff, 0xff, 0xff, 0xda, 0xbf, 0xff, 0xff,
    0xff, 0xf6, 0xef, 0xff, 0xff, 0xff, 0xff, 0xff,
    0xff, 0xff, 0xff, 0xf5, 0x6f, 0xff, 0xff, 0xff,
    0xff, 0xff, 0xff, 0xff, 0xff, 0xb0, 0x0, 0x22,
    0x22, 0x22, 0x22, 0x22, 0x22, 0x22, 0x21, 0x0,

    /* U+F0C9 "" */
    0xce, 0xee, 0xee, 0xee, 0xee, 0xee, 0xee, 0xee,
    0xee, 0xd1, 0xff, 0xff, 0xff, 0xff, 0xff, 0xff,
    0xff, 0xff, 0xff, 0xf4, 0xff, 0xff, 0xff, 0xff,
    0xff, 0xff, 0xff, 0xff, 0xff, 0xf3, 0x13, 0x33,
    0x33, 0x33, 0x33, 0x33, 0x33, 0x33, 0x33, 0x20,
    0x0, 0x0, 0x0, 0x0, 0x0, 0x0, 0x0, 0x0,
    0x0, 0x0, 0x0, 0x0, 0x0, 0x0, 0x0, 0x0,
    0x0, 0x0, 0x0, 0x0, 0x0, 0x0, 0x0, 0x0,
    0x0, 0x0, 0x0, 0x0, 0x0, 0x0, 0xdf, 0xff,
    0xff, 0xff, 0xff, 0xff, 0xff, 0xff, 0xff, 0xe2,
    0xff, 0xff, 0xff, 0xff, 0xff, 0xff, 0xff, 0xff,
    0xff, 0xf4, 0xff, 0xff, 0xff, 0xff, 0xff, 0xff,
    0xff, 0xff, 0xff, 0xf3, 0x12, 0x22, 0x22, 0x22,
    0x22, 0x22, 0x22, 0x22, 0x22, 0x10, 0x0, 0x0,
    0x0, 0x0, 0x0, 0x0, 0x0, 0x0, 0x0, 0x0,
    0x0, 0x0, 0x0, 0x0, 0x0, 0x0, 0x0, 0x0,
    0x0, 0x0, 0x0, 0x0, 0x0, 0x0, 0x0, 0x0,
    0x0, 0x0, 0x0, 0x0, 0xdf, 0xff, 0xff, 0xff,
    0xff, 0xff, 0xff, 0xff, 0xff, 0xe2, 0xff, 0xff,
    0xff, 0xff, 0xff, 0xff, 0xff, 0xff, 0xff, 0xf4,
    0xff, 0xff, 0xff, 0xff, 0xff, 0xff, 0xff, 0xff,
    0xff, 0xf3, 0x12, 0x22, 0x22, 0x22, 0x22, 0x22,
    0x22, 0x22, 0x22, 0x10,

    /* U+F0E0 "" */
    0x2, 0x44, 0x44, 0x44, 0x44, 0x44, 0x44, 0x44,
    0x44, 0x44, 0x20, 0x7f, 0xff, 0xff, 0xff, 0xff,
    0xff, 0xff, 0xff, 0xff, 0xff, 0xf7, 0xff, 0xff,
    0xff, 0xff, 0xff, 0xff, 0xff, 0xff, 0xff, 0xff,
    0xff, 0xff, 0xff, 0xff, 0xff, 0xff, 0xff, 0xff,
    0xff, 0xff, 0xff, 0xff, 0x7f, 0xff, 0xff, 0xff,
    0xff, 0xff, 0xff, 0xff, 0xff, 0xff, 0xf7, 0x4,
    0xef, 0xff, 0xff, 0xff, 0xff, 0xff, 0xff, 0xff,
    0xfe, 0x40, 0xb1, 0x1b, 0xff, 0xff, 0xff, 0xff,
    0xff, 0xff, 0xff, 0xb1, 0x3e, 0xfe, 0x50, 0x7f,
    0xff, 0xff, 0xff, 0xff, 0xff, 0xf7, 0x7, 0xff,
    0xff, 0xfa, 0x3, 0xef, 0xff, 0xff, 0xff, 0xfe,
    0x31, 0xbf, 0xff, 0xff, 0xff, 0xd3, 0x1b, 0xff,
    0xff, 0xff, 0xb1, 0x4e, 0xff, 0xff, 0xff, 0xff,
    0xff, 0x80, 0x6f, 0xff, 0xf6, 0x9, 0xff, 0xff,
    0xff, 0xff, 0xff, 0xff, 0xfb, 0x12, 0x99, 0x22,
    0xcf, 0xff, 0xff, 0xff, 0xff, 0xff, 0xff, 0xff,
    0xf8, 0x33, 0x8f, 0xff, 0xff, 0xff, 0xff, 0xff,
    0xff, 0xff, 0xff, 0xff, 0xff, 0xff, 0xff, 0xff,
    0xff, 0xff, 0xff, 0xff, 0xff, 0xff, 0xff, 0xff,
    0xff, 0xff, 0xff, 0xff, 0xff, 0xef, 0xff, 0xff,
    0xff, 0xff, 0xff, 0xff, 0xff, 0xff, 0xff, 0xfd,
    0x4e, 0xff, 0xff, 0xff, 0xff, 0xff, 0xff, 0xff,
    0xff, 0xff, 0xe4,

    /* U+F0E7 "" */
    0x0, 0x3, 0x44, 0x44, 0x43, 0x0, 0x0, 0x0,
    0x8, 0xff, 0xff, 0xff, 0xf8, 0x0, 0x0, 0x0,
    0xbf, 0xff, 0xff, 0xff, 0x60, 0x0, 0x0, 0xd,
    0xff, 0xff, 0xff, 0xf1, 0x0, 0x0, 0x0, 0xff,
    0xff, 0xff, 0xfc, 0x0, 0x0, 0x0, 0x2f, 0xff,
    0xff, 0xff, 0x70, 0x0, 0x0, 0x4, 0xff, 0xff,
    0xff, 0xf2, 0x0, 0x0, 0x0, 0x6f, 0xff, 0xff,
    0xfe, 0x66, 0x66, 0x51, 0x8, 0xff, 0xff, 0xff,
    0xff, 0xff, 0xff, 0xa0, 0xaf, 0xff, 0xff, 0xff,
    0xff, 0xff, 0xf6, 0xc, 0xff, 0xff, 0xff, 0xff,
    0xff, 0xfd, 0x0, 0xff, 0xff, 0xff, 0xff, 0xff,
    0xff, 0x40, 0xd, 0xff, 0xff, 0xff, 0xff, 0xff,
    0xb0, 0x0, 0x1, 0x22, 0x22, 0xff, 0xff, 0xf2,
    0x0, 0x0, 0x0, 0x0, 0x2f, 0xff, 0xf8, 0x0,
    0x0, 0x0, 0x0, 0x6, 0xff, 0xfe, 0x0, 0x0,
    0x0, 0x0, 0x0, 0xaf, 0xff, 0x60, 0x0, 0x0,
    0x0, 0x0, 0xe, 0xff, 0xc0, 0x0, 0x0, 0x0,
    0x0, 0x2, 0xff, 0xf3, 0x0, 0x0, 0x0, 0x0,
    0x0, 0x5f, 0xfa, 0x0, 0x0, 0x0, 0x0, 0x0,
    0x9, 0xff, 0x10, 0x0, 0x0, 0x0, 0x0, 0x0,
    0xcf, 0x70, 0x0, 0x0, 0x0, 0x0, 0x0, 0x6,
    0x90, 0x0, 0x0, 0x0, 0x0,

    /* U+F0EA "" */
    0x0, 0x0, 0x0, 0x10, 0x0, 0x0, 0x0, 0x0,
    0x0, 0x0, 0x0, 0x0, 0x1c, 0xff, 0x90, 0x0,
    0x0, 0x0, 0x0, 0x0, 0x8c, 0xcc, 0xdf, 0xbc,
    0xfc, 0xcc, 0xc6, 0x0, 0x0, 0x0, 0xff, 0xff,
    0xfe, 0x1, 0xff, 0xff, 0xfc, 0x0, 0x0, 0x0,
    0xff, 0xff, 0xff, 0xde, 0xff, 0xff, 0xfc, 0x0,
    0x0, 0x0, 0xff, 0xff, 0xff, 0xff, 0xff, 0xff,
    0xfc, 0x0, 0x0, 0x0, 0xff, 0xff, 0xff, 0x92,
    0x0, 0x0, 0x0, 0x0, 0x0, 0x0, 0xff, 0xff,
    0xfc, 0x1, 0x22, 0x22, 0x22, 0x1, 0x0, 0x0,
    0xff, 0xff, 0xf8, 0xe, 0xff, 0xff, 0xfc, 0xe,
    0x60, 0x0, 0xff, 0xff, 0xf8, 0x1f, 0xff, 0xff,
    0xfc, 0xe, 0xf6, 0x0, 0xff, 0xff, 0xf8, 0x1f,
    0xff, 0xff, 0xfc, 0xe, 0xff, 0x70, 0xff, 0xff,
    0xf8, 0x1f, 0xff, 0xff, 0xfc, 0xe, 0xff, 0xf2,
    0xff, 0xff, 0xf8, 0x1f, 0xff, 0xff, 0xfe, 0x10,
    0x0, 0x0, 0xff, 0xff, 0xf8, 0x1f, 0xff, 0xff,
    0xff, 0xff, 0xff, 0xf3, 0xff, 0xff, 0xf8, 0x1f,
    0xff, 0xff, 0xff, 0xff, 0xff, 0xf3, 0xff, 0xff,
    0xf8, 0x1f, 0xff, 0xff, 0xff, 0xff, 0xff, 0xf3,
    0xff, 0xff, 0xf8, 0x1f, 0xff, 0xff, 0xff, 0xff,
    0xff, 0xf3, 0xff, 0xff, 0xf8, 0x1f, 0xff, 0xff,
    0xff, 0xff, 0xff, 0xf3, 0x58, 0x88, 0x84, 0x1f,
    0xff, 0xff, 0xff, 0xff, 0xff, 0xf3, 0x0, 0x0,
    0x0, 0x1f, 0xff, 0xff, 0xff, 0xff, 0xff, 0xf3,
    0x0, 0x0, 0x0, 0x1f, 0xff, 0xff, 0xff, 0xff,
    0xff, 0xf3, 0x0, 0x0, 0x0, 0x1f, 0xff, 0xff,
    0xff, 0xff, 0xff, 0xf3, 0x0, 0x0, 0x0, 0x8,
    0xaa, 0xaa, 0xaa, 0xaa, 0xaa, 0x80,

    /* U+F0F3 "" */
    0x0, 0x0, 0x0, 0x0, 0x0, 0x0, 0x0, 0x0,
    0x0, 0x0, 0x0, 0x0, 0x0, 0x0, 0x6f, 0xa0,
    0x0, 0x0, 0x0, 0x0, 0x0, 0x0, 0x0, 0x0,
    0xbf, 0xf0, 0x0, 0x0, 0x0, 0x0, 0x0, 0x0,
    0x0, 0x28, 0xef, 0xf9, 0x40, 0x0, 0x0, 0x0,
    0x0, 0x0, 0x8, 0xff, 0xff, 0xff, 0xfb, 0x10,
    0x0, 0x0, 0x0, 0x0, 0xaf, 0xff, 0xff, 0xff,
    0xff, 0xc0, 0x0, 0x0, 0x0, 0x5, 0xff, 0xff,
    0xff, 0xff, 0xff, 0xf8, 0x0, 0x0, 0x0, 0xd,
    0xff, 0xff, 0xff, 0xff, 0xff, 0xff, 0x0, 0x0,
    0x0, 0x1f, 0xff, 0xff, 0xff, 0xff, 0xff, 0xff,
    0x50, 0x0, 0x0, 0x3f, 0xff, 0xff, 0xff, 0xff,
    0xff, 0xff, 0x70, 0x0, 0x0, 0x4f, 0xff, 0xff,
    0xff, 0xff, 0xff, 0xff, 0x80, 0x0, 0x0, 0x5f,
    0xff, 0xff, 0xff, 0xff, 0xff, 0xff, 0x90, 0x0,
    0x0, 0x8f, 0xff, 0xff, 0xff, 0xff, 0xff, 0xff,
    0xc0, 0x0, 0x0, 0xcf, 0xff, 0xff, 0xff, 0xff,
    0xff, 0xff, 0xf0, 0x0, 0x2, 0xff, 0xff, 0xff,
    0xff, 0xff, 0xff, 0xff, 0xf6, 0x0, 0xb, 0xff,
    0xff, 0xff, 0xff, 0xff, 0xff, 0xff, 0xfe, 0x10,
    0x9f, 0xff, 0xff, 0xff, 0xff, 0xff, 0xff, 0xff,
    0xff, 0xc0, 0xff, 0xff, 0xff, 0xff, 0xff, 0xff,
    0xff, 0xff, 0xff, 0xf3, 0x6c, 0xdd, 0xdd, 0xdd,
    0xdd, 0xdd, 0xdd, 0xdd, 0xdd, 0x90, 0x0, 0x0,
    0x0, 0x0, 0x0, 0x0, 0x0, 0x0, 0x0, 0x0,
    0x0, 0x0, 0x0, 0xf, 0xff, 0xff, 0x40, 0x0,
    0x0, 0x0, 0x0, 0x0, 0x0, 0x9, 0xff, 0xfd,
    0x0, 0x0, 0x0, 0x0, 0x0, 0x0, 0x0, 0x0,
    0x7b, 0x81, 0x0, 0x0, 0x0, 0x0,

    /* U+F11C "" */
    0x19, 0xbb, 0xbb, 0xbb, 0xbb, 0xbb, 0xbb, 0xbb,
    0xbb, 0xbb, 0xbb, 0xb7, 0xc, 0xff, 0xff, 0xff,
    0xff, 0xff, 0xff, 0xff, 0xff, 0xff, 0xff, 0xff,
    0xf7, 0xff, 0xff, 0xff, 0xff, 0xff, 0xff, 0xff,
    0xff, 0xff, 0xff, 0xff, 0xff, 0xbf, 0xfd, 0x0,
    0x8f, 0x10, 0x7f, 0x10, 0x5f, 0x30, 0x3f, 0x50,
    0x1f, 0xfc, 0xff, 0xc0, 0x7, 0xe0, 0x6, 0xf0,
    0x4, 0xf2, 0x2, 0xf4, 0x0, 0xff, 0xcf, 0xfc,
    0x0, 0x8f, 0x0, 0x7f, 0x10, 0x5f, 0x30, 0x3f,
    0x50, 0x1f, 0xfc, 0xff, 0xff, 0xff, 0xff, 0xff,
    0xff, 0xff, 0xff, 0xff, 0xff, 0xff, 0xff, 0xcf,
    0xff, 0xfe, 0x66, 0xbf, 0x66, 0xaf, 0x76, 0x8f,
    0x86, 0x7f, 0xff, 0xfc, 0xff, 0xff, 0xd0, 0x6,
    0xf0, 0x5, 0xf1, 0x3, 0xf3, 0x1, 0xff, 0xff,
    0xcf, 0xff, 0xfd, 0x0, 0x7f, 0x0, 0x5f, 0x10,
    0x3f, 0x30, 0x1f, 0xff, 0xfc, 0xff, 0xff, 0xff,
    0xff, 0xff, 0xff, 0xff, 0xff, 0xff, 0xff, 0xff,
    0xff, 0xcf, 0xfe, 0x66, 0xcf, 0x76, 0x66, 0x66,
    0x66, 0x66, 0x9f, 0xa6, 0x7f, 0xfc, 0xff, 0xc0,
    0x7, 0xe0, 0x0, 0x0, 0x0, 0x0, 0x2, 0xf4,
    0x0, 0xff, 0xcf, 0xfc, 0x0, 0x7e, 0x0, 0x0,
    0x0, 0x0, 0x0, 0x2f, 0x40, 0xf, 0xfc, 0xff,
    0xfc, 0xce, 0xfc, 0xcc, 0xcc, 0xcc, 0xcc, 0xcd,
    0xfd, 0xcc, 0xff, 0xbd, 0xff, 0xff, 0xff, 0xff,
    0xff, 0xff, 0xff, 0xff, 0xff, 0xff, 0xff, 0xf9,
    0x4e, 0xff, 0xff, 0xff, 0xff, 0xff, 0xff, 0xff,
    0xff, 0xff, 0xff, 0xfc, 0x10,

    /* U+F124 "" */
    0x0, 0x0, 0x0, 0x0, 0x0, 0x0, 0x0, 0x0,
    0x0, 0x0, 0x21, 0x0, 0x0, 0x0, 0x0, 0x0,
    0x0, 0x0, 0x0, 0x0, 0x0, 0x5c, 0xff, 0x50,
    0x0, 0x0, 0x0, 0x0, 0x0, 0x0, 0x0, 0x0,
    0x6d, 0xff, 0xff, 0xe0, 0x0, 0x0, 0x0, 0x0,
    0x0, 0x0, 0x1, 0x7e, 0xff, 0xff, 0xff, 0xd0,
    0x0, 0x0, 0x0, 0x0, 0x0, 0x2, 0x9f, 0xff,
    0xff, 0xff, 0xff, 0x60, 0x0, 0x0, 0x0, 0x0,
    0x3, 0xaf, 0xff, 0xff, 0xff, 0xff, 0xfe, 0x0,
    0x0, 0x0, 0x0, 0x4, 0xbf, 0xff, 0xff, 0xff,
    0xff, 0xff, 0xf8, 0x0, 0x0, 0x0, 0x5, 0xdf,
    0xff, 0xff, 0xff, 0xff, 0xff, 0xff, 0xf1, 0x0,
    0x0, 0x7, 0xef, 0xff, 0xff, 0xff, 0xff, 0xff,
    0xff, 0xff, 0x90, 0x0, 0x4, 0xef, 0xff, 0xff,
    0xff, 0xff, 0xff, 0xff, 0xff, 0xff, 0x20, 0x0,
    0xe, 0xff, 0xff, 0xff, 0xff, 0xff, 0xff, 0xff,
    0xff, 0xfa, 0x0, 0x0, 0xe, 0xff, 0xff, 0xff,
    0xff, 0xff, 0xff, 0xff, 0xff, 0xf3, 0x0, 0x0,
    0x5, 0xff, 0xff, 0xff, 0xff, 0xff, 0xff, 0xff,
    0xff, 0xc0, 0x0, 0x0, 0x0, 0x1, 0x22, 0x22,
    0x22, 0x7f, 0xff, 0xff, 0xff, 0x40, 0x0, 0x0,
    0x0, 0x0, 0x0, 0x0, 0x0, 0x6f, 0xff, 0xff,
    0xfd, 0x0, 0x0, 0x0, 0x0, 0x0, 0x0, 0x0,
    0x0, 0x6f, 0xff, 0xff, 0xf6, 0x0, 0x0, 0x0,
    0x0, 0x0, 0x0, 0x0, 0x0, 0x6f, 0xff, 0xff,
    0xe0, 0x0, 0x0, 0x0, 0x0, 0x0, 0x0, 0x0,
    0x0, 0x6f, 0xff, 0xff, 0x70, 0x0, 0x0, 0x0,
    0x0, 0x0, 0x0, 0x0, 0x0, 0x6f, 0xff, 0xff,
    0x0, 0x0, 0x0, 0x0, 0x0, 0x0, 0x0, 0x0,
    0x0, 0x6f, 0xff, 0xf8, 0x0, 0x0, 0x0, 0x0,
    0x0, 0x0, 0x0, 0x0, 0x0, 0x5f, 0xff, 0xf1,
    0x0, 0x0, 0x0, 0x0, 0x0, 0x0, 0x0, 0x0,
    0x0, 0x2f, 0xff, 0x90, 0x0, 0x0, 0x0, 0x0,
    0x0, 0x0, 0x0, 0x0, 0x0, 0x5, 0xb8, 0x0,
    0x0, 0x0, 0x0, 0x0,

    /* U+F15B "" */
    0x37, 0x77, 0x77, 0x77, 0x74, 0x5, 0x0, 0x0,
    0xf, 0xff, 0xff, 0xff, 0xff, 0xa0, 0xfa, 0x0,
    0x0, 0xff, 0xff, 0xff, 0xff, 0xfa, 0xf, 0xfa,
    0x0, 0xf, 0xff, 0xff, 0xff, 0xff, 0xa0, 0xff,
    0xfa, 0x0, 0xff, 0xff, 0xff, 0xff, 0xfa, 0xf,
    0xff, 0xfa, 0xf, 0xff, 0xff, 0xff, 0xff, 0xa0,
    0xff, 0xff, 0xf6, 0xff, 0xff, 0xff, 0xff, 0xfa,
    0x0, 0x0, 0x0, 0xf, 0xff, 0xff, 0xff, 0xff,
    0xe3, 0x22, 0x22, 0x21, 0xff, 0xff, 0xff, 0xff,
    0xff, 0xff, 0xff, 0xff, 0x8f, 0xff, 0xff, 0xff,
    0xff, 0xff, 0xff, 0xff, 0xf8, 0xff, 0xff, 0xff,
    0xff, 0xff, 0xff, 0xff, 0xff, 0x8f, 0xff, 0xff,
    0xff, 0xff, 0xff, 0xff, 0xff, 0xf8, 0xff, 0xff,
    0xff, 0xff, 0xff, 0xff, 0xff, 0xff, 0x8f, 0xff,
    0xff, 0xff, 0xff, 0xff, 0xff, 0xff, 0xf8, 0xff,
    0xff, 0xff, 0xff, 0xff, 0xff, 0xff, 0xff, 0x8f,
    0xff, 0xff, 0xff, 0xff, 0xff, 0xff, 0xff, 0xf8,
    0xff, 0xff, 0xff, 0xff, 0xff, 0xff, 0xff, 0xff,
    0x8f, 0xff, 0xff, 0xff, 0xff, 0xff, 0xff, 0xff,
    0xf8, 0xff, 0xff, 0xff, 0xff, 0xff, 0xff, 0xff,
    0xff, 0x8f, 0xff, 0xff, 0xff, 0xff, 0xff, 0xff,
    0xff, 0xf8, 0xff, 0xff, 0xff, 0xff, 0xff, 0xff,
    0xff, 0xff, 0x8f, 0xff, 0xff, 0xff, 0xff, 0xff,
    0xff, 0xff, 0xf7, 0xbf, 0xff, 0xff, 0xff, 0xff,
    0xff, 0xff, 0xfe, 0x40,

    /* U+F1EB "" */
    0x0, 0x0, 0x0, 0x0, 0x0, 0x0, 0x0, 0x0,
    0x0, 0x0, 0x0, 0x0, 0x0, 0x0, 0x0, 0x0,
    0x0, 0x0, 0x26, 0x9c, 0xde, 0xdc, 0xb8, 0x50,
    0x0, 0x0, 0x0, 0x0, 0x0, 0x0, 0x1, 0x8d,
    0xff, 0xff, 0xff, 0xff, 0xff, 0xff, 0xb5, 0x0,
    0x0, 0x0, 0x0, 0x1, 0x9f, 0xff, 0xff, 0xff,
    0xff, 0xff, 0xff, 0xff, 0xff, 0xd5, 0x0, 0x0,
    0x0, 0x6f, 0xff, 0xff, 0xff, 0xdb, 0x99, 0x9a,
    0xcf, 0xff, 0xff, 0xff, 0xb1, 0x0, 0xa, 0xff,
    0xff, 0xfc, 0x61, 0x0, 0x0, 0x0, 0x0, 0x39,
    0xef, 0xff, 0xfe, 0x40, 0xcf, 0xff, 0xfb, 0x30,
    0x0, 0x0, 0x0, 0x0, 0x0, 0x0, 0x7, 0xff,
    0xff, 0xf4, 0xaf, 0xff, 0x60, 0x0, 0x0, 0x0,
    0x0, 0x0, 0x0, 0x0, 0x0, 0x1b, 0xff, 0xf2,
    0xa, 0xd2, 0x0, 0x0, 0x4, 0x9c, 0xef, 0xed,
    0xb6, 0x20, 0x0, 0x0, 0x8e, 0x30, 0x0, 0x0,
    0x0, 0x6, 0xef, 0xff, 0xff, 0xff, 0xff, 0xfa,
    0x20, 0x0, 0x0, 0x0, 0x0, 0x0, 0x2, 0xcf,
    0xff, 0xff, 0xff, 0xff, 0xff, 0xff, 0xf7, 0x0,
    0x0, 0x0, 0x0, 0x0, 0x1f, 0xff, 0xff, 0xfb,
    0x87, 0x89, 0xdf, 0xff, 0xff, 0x80, 0x0, 0x0,
    0x0, 0x0, 0xb, 0xff, 0xe6, 0x0, 0x0, 0x0,
    0x3, 0xaf, 0xff, 0x40, 0x0, 0x0, 0x0, 0x0,
    0x0, 0xba, 0x10, 0x0, 0x0, 0x0, 0x0, 0x5,
    0xd4, 0x0, 0x0, 0x0, 0x0, 0x0, 0x0, 0x0,
    0x0, 0x0, 0x1, 0x0, 0x0, 0x0, 0x0, 0x0,
    0x0, 0x0, 0x0, 0x0, 0x0, 0x0, 0x0, 0x1,
    0xcf, 0xf6, 0x0, 0x0, 0x0, 0x0, 0x0, 0x0,
    0x0, 0x0, 0x0, 0x0, 0x0, 0xb, 0xff, 0xff,
    0x30, 0x0, 0x0, 0x0, 0x0, 0x0, 0x0, 0x0,
    0x0, 0x0, 0x0, 0xf, 0xff, 0xff, 0x70, 0x0,
    0x0, 0x0, 0x0, 0x0, 0x0, 0x0, 0x0, 0x0,
    0x0, 0xd, 0xff, 0xff, 0x50, 0x0, 0x0, 0x0,
    0x0, 0x0, 0x0, 0x0, 0x0, 0x0, 0x0, 0x3,
    0xff, 0xfa, 0x0, 0x0, 0x0, 0x0, 0x0, 0x0,
    0x0, 0x0, 0x0, 0x0, 0x0, 0x0, 0x15, 0x30,
    0x0, 0x0, 0x0, 0x0, 0x0, 0x0,

    /* U+F240 "" */
    0x0, 0x0, 0x0, 0x0, 0x0, 0x0, 0x0, 0x0,
    0x0, 0x0, 0x0, 0x0, 0x0, 0x0, 0x4e, 0xff,
    0xff, 0xff, 0xff, 0xff, 0xff, 0xff, 0xff, 0xff,
    0xff, 0xff, 0xf6, 0x0, 0xef, 0xff, 0xff, 0xff,
    0xff, 0xff, 0xff, 0xff, 0xff, 0xff, 0xff, 0xff,
    0xff, 0x0, 0xff, 0xeb, 0xbb, 0xbb, 0xbb, 0xbb,
    0xbb, 0xbb, 0xbb, 0xbb, 0xbb, 0xbd, 0xff, 0x50,
    0xff, 0xc0, 0x0, 0x0, 0x0, 0x0, 0x0, 0x0,
    0x0, 0x0, 0x0, 0x7, 0xff, 0xf9, 0xff, 0xc0,
    0xef, 0xff, 0xff, 0xff, 0xff, 0xff, 0xff, 0xff,
    0xff, 0x7, 0xff, 0xfa, 0xff, 0xc0, 0xef, 0xff,
    0xff, 0xff, 0xff, 0xff, 0xff, 0xff, 0xff, 0x3,
    0x7f, 0xfa, 0xff, 0xc0, 0xef, 0xff, 0xff, 0xff,
    0xff, 0xff, 0xff, 0xff, 0xff, 0x0, 0x1f, 0xfa,
    0xff, 0xc0, 0xef, 0xff, 0xff, 0xff, 0xff, 0xff,
    0xff, 0xff, 0xff, 0x0, 0x1f, 0xfa, 0xff, 0xc0,
    0xef, 0xff, 0xff, 0xff, 0xff, 0xff, 0xff, 0xff,
    0xff, 0x5, 0xdf, 0xfa, 0xff, 0xc0, 0x78, 0x88,
    0x88, 0x88, 0x88, 0x88, 0x88, 0x88, 0x88, 0x7,
    0xff, 0xfa, 0xff, 0xc0, 0x0, 0x0, 0x0, 0x0,
    0x0, 0x0, 0x0, 0x0, 0x0, 0x7, 0xff, 0xf6,
    0xff, 0xff, 0xff, 0xff, 0xff, 0xff, 0xff, 0xff,
    0xff, 0xff, 0xff, 0xff, 0xff, 0x10, 0xcf, 0xff,
    0xff, 0xff, 0xff, 0xff, 0xff, 0xff, 0xff, 0xff,
    0xff, 0xff, 0xfe, 0x0, 0x19, 0xbb, 0xbb, 0xbb,
    0xbb, 0xbb, 0xbb, 0xbb, 0xbb, 0xbb, 0xbb, 0xbb,
    0x92, 0x0,

    /* U+F241 "" */
    0x0, 0x0, 0x0, 0x0, 0x0, 0x0, 0x0, 0x0,
    0x0, 0x0, 0x0, 0x0, 0x0, 0x0, 0x4e, 0xff,
    0xff, 0xff, 0xff, 0xff, 0xff, 0xff, 0xff, 0xff,
    0xff, 0xff, 0xf6, 0x0, 0xef, 0xff, 0xff, 0xff,
    0xff, 0xff, 0xff, 0xff, 0xff, 0xff, 0xff, 0xff,
    0xff, 0x0, 0xff, 0xeb, 0xbb, 0xbb, 0xbb, 0xbb,
    0xbb, 0xbb, 0xbb, 0xbb, 0xbb, 0xbd, 0xff, 0x50,
    0xff, 0xc0, 0x0, 0x0, 0x0, 0x0, 0x0, 0x0,
    0x0, 0x0, 0x0, 0x7, 0xff, 0xf9, 0xff, 0xc0,
    0xef, 0xff, 0xff, 0xff, 0xff, 0xff, 0xfd, 0x0,
    0x0, 0x7, 0xff, 0xfa, 0xff, 0xc0, 0xef, 0xff,
    0xff, 0xff, 0xff, 0xff, 0xfd, 0x0, 0x0, 0x3,
    0x7f, 0xfa, 0xff, 0xc0, 0xef, 0xff, 0xff, 0xff,
    0xff, 0xff, 0xfd, 0x0, 0x0, 0x0, 0x1f, 0xfa,
    0xff, 0xc0, 0xef, 0xff, 0xff, 0xff, 0xff, 0xff,
    0xfd, 0x0, 0x0, 0x0, 0x1f, 0xfa, 0xff, 0xc0,
    0xef, 0xff, 0xff, 0xff, 0xff, 0xff, 0xfd, 0x0,
    0x0, 0x5, 0xdf, 0xfa, 0xff, 0xc0, 0x78, 0x88,
    0x88, 0x88, 0x88, 0x88, 0x86, 0x0, 0x0, 0x7,
    0xff, 0xfa, 0xff, 0xc0, 0x0, 0x0, 0x0, 0x0,
    0x0, 0x0, 0x0, 0x0, 0x0, 0x7, 0xff, 0xf6,
    0xff, 0xff, 0xff, 0xff, 0xff, 0xff, 0xff, 0xff,
    0xff, 0xff, 0xff, 0xff, 0xff, 0x10, 0xcf, 0xff,
    0xff, 0xff, 0xff, 0xff, 0xff, 0xff, 0xff, 0xff,
    0xff, 0xff, 0xfe, 0x0, 0x19, 0xbb, 0xbb, 0xbb,
    0xbb, 0xbb, 0xbb, 0xbb, 0xbb, 0xbb, 0xbb, 0xbb,
    0x92, 0x0,

    /* U+F242 "" */
    0x0, 0x0, 0x0, 0x0, 0x0, 0x0, 0x0, 0x0,
    0x0, 0x0, 0x0, 0x0, 0x0, 0x0, 0x4e, 0xff,
    0xff, 0xff, 0xff, 0xff, 0xff, 0xff, 0xff, 0xff,
    0xff, 0xff, 0xf6, 0x0, 0xef, 0xff, 0xff, 0xff,
    0xff, 0xff, 0xff, 0xff, 0xff, 0xff, 0xff, 0xff,
    0xff, 0x0, 0xff, 0xeb, 0xbb, 0xbb, 0xbb, 0xbb,
    0xbb, 0xbb, 0xbb, 0xbb, 0xbb, 0xbd, 0xff, 0x50,
    0xff, 0xc0, 0x0, 0x0, 0x0, 0x0, 0x0, 0x0,
    0x0, 0x0, 0x0, 0x7, 0xff, 0xf9, 0xff, 0xc0,
    0xef, 0xff, 0xff, 0xff, 0xfb, 0x0, 0x0, 0x0,
    0x0, 0x7, 0xff, 0xfa, 0xff, 0xc0, 0xef, 0xff,
    0xff, 0xff, 0xfb, 0x0, 0x0, 0x0, 0x0, 0x3,
    0x7f, 0xfa, 0xff, 0xc0, 0xef, 0xff, 0xff, 0xff,
    0xfb, 0x0, 0x0, 0x0, 0x0, 0x0, 0x1f, 0xfa,
    0xff, 0xc0, 0xef, 0xff, 0xff, 0xff, 0xfb, 0x0,
    0x0, 0x0, 0x0, 0x0, 0x1f, 0xfa, 0xff, 0xc0,
    0xef, 0xff, 0xff, 0xff, 0xfb, 0x0, 0x0, 0x0,
    0x0, 0x5, 0xdf, 0xfa, 0xff, 0xc0, 0x78, 0x88,
    0x88, 0x88, 0x85, 0x0, 0x0, 0x0, 0x0, 0x7,
    0xff, 0xfa, 0xff, 0xc0, 0x0, 0x0, 0x0, 0x0,
    0x0, 0x0, 0x0, 0x0, 0x0, 0x7, 0xff, 0xf6,
    0xff, 0xff, 0xff, 0xff, 0xff, 0xff, 0xff, 0xff,
    0xff, 0xff, 0xff, 0xff, 0xff, 0x10, 0xcf, 0xff,
    0xff, 0xff, 0xff, 0xff, 0xff, 0xff, 0xff, 0xff,
    0xff, 0xff, 0xfe, 0x0, 0x19, 0xbb, 0xbb, 0xbb,
    0xbb, 0xbb, 0xbb, 0xbb, 0xbb, 0xbb, 0xbb, 0xbb,
    0x92, 0x0,

    /* U+F243 "" */
    0x0, 0x0, 0x0, 0x0, 0x0, 0x0, 0x0, 0x0,
    0x0, 0x0, 0x0, 0x0, 0x0, 0x0, 0x4e, 0xff,
    0xff, 0xff, 0xff, 0xff, 0xff, 0xff, 0xff, 0xff,
    0xff, 0xff, 0xf6, 0x0, 0xef, 0xff, 0xff, 0xff,
    0xff, 0xff, 0xff, 0xff, 0xff, 0xff, 0xff, 0xff,
    0xff, 0x0, 0xff, 0xeb, 0xbb, 0xbb, 0xbb, 0xbb,
    0xbb, 0xbb, 0xbb, 0xbb, 0xbb, 0xbd, 0xff, 0x50,
    0xff, 0xc0, 0x0, 0x0, 0x0, 0x0, 0x0, 0x0,
    0x0, 0x0, 0x0, 0x7, 0xff, 0xf9, 0xff, 0xc0,
    0xef, 0xff, 0xf9, 0x0, 0x0, 0x0, 0x0, 0x0,
    0x0, 0x7, 0xff, 0xfa, 0xff, 0xc0, 0xef, 0xff,
    0xf9, 0x0, 0x0, 0x0, 0x0, 0x0, 0x0, 0x3,
    0x7f, 0xfa, 0xff, 0xc0, 0xef, 0xff, 0xf9, 0x0,
    0x0, 0x0, 0x0, 0x0, 0x0, 0x0, 0x1f, 0xfa,
    0xff, 0xc0, 0xef, 0xff, 0xf9, 0x0, 0x0, 0x0,
    0x0, 0x0, 0x0, 0x0, 0x1f, 0xfa, 0xff, 0xc0,
    0xef, 0xff, 0xf9, 0x0, 0x0, 0x0, 0x0, 0x0,
    0x0, 0x5, 0xdf, 0xfa, 0xff, 0xc0, 0x78, 0x88,
    0x84, 0x0, 0x0, 0x0, 0x0, 0x0, 0x0, 0x7,
    0xff, 0xfa, 0xff, 0xc0, 0x0, 0x0, 0x0, 0x0,
    0x0, 0x0, 0x0, 0x0, 0x0, 0x7, 0xff, 0xf6,
    0xff, 0xff, 0xff, 0xff, 0xff, 0xff, 0xff, 0xff,
    0xff, 0xff, 0xff, 0xff, 0xff, 0x10, 0xcf, 0xff,
    0xff, 0xff, 0xff, 0xff, 0xff, 0xff, 0xff, 0xff,
    0xff, 0xff, 0xfe, 0x0, 0x19, 0xbb, 0xbb, 0xbb,
    0xbb, 0xbb, 0xbb, 0xbb, 0xbb, 0xbb, 0xbb, 0xbb,
    0x92, 0x0,

    /* U+F244 "" */
    0x0, 0x0, 0x0, 0x0, 0x0, 0x0, 0x0, 0x0,
    0x0, 0x0, 0x0, 0x0, 0x0, 0x0, 0x4e, 0xff,
    0xff, 0xff, 0xff, 0xff, 0xff, 0xff, 0xff, 0xff,
    0xff, 0xff, 0xf6, 0x0, 0xef, 0xff, 0xff, 0xff,
    0xff, 0xff, 0xff, 0xff, 0xff, 0xff, 0xff, 0xff,
    0xff, 0x0, 0xff, 0xeb, 0xbb, 0xbb, 0xbb, 0xbb,
    0xbb, 0xbb, 0xbb, 0xbb, 0xbb, 0xbd, 0xff, 0x50,
    0xff, 0xc0, 0x0, 0x0, 0x0, 0x0, 0x0, 0x0,
    0x0, 0x0, 0x0, 0x7, 0xff, 0xf9, 0xff, 0xc0,
    0x0, 0x0, 0x0, 0x0, 0x0, 0x0, 0x0, 0x0,
    0x0, 0x7, 0xff, 0xfa, 0xff, 0xc0, 0x0, 0x0,
    0x0, 0x0, 0x0, 0x0, 0x0, 0x0, 0x0, 0x3,
    0x7f, 0xfa, 0xff, 0xc0, 0x0, 0x0, 0x0, 0x0,
    0x0, 0x0, 0x0, 0x0, 0x0, 0x0, 0x1f, 0xfa,
    0xff, 0xc0, 0x0, 0x0, 0x0, 0x0, 0x0, 0x0,
    0x0, 0x0, 0x0, 0x0, 0x1f, 0xfa, 0xff, 0xc0,
    0x0, 0x0, 0x0, 0x0, 0x0, 0x0, 0x0, 0x0,
    0x0, 0x5, 0xdf, 0xfa, 0xff, 0xc0, 0x0, 0x0,
    0x0, 0x0, 0x0, 0x0, 0x0, 0x0, 0x0, 0x7,
    0xff, 0xfa, 0xff, 0xc0, 0x0, 0x0, 0x0, 0x0,
    0x0, 0x0, 0x0, 0x0, 0x0, 0x7, 0xff, 0xf6,
    0xff, 0xff, 0xff, 0xff, 0xff, 0xff, 0xff, 0xff,
    0xff, 0xff, 0xff, 0xff, 0xff, 0x10, 0xcf, 0xff,
    0xff, 0xff, 0xff, 0xff, 0xff, 0xff, 0xff, 0xff,
    0xff, 0xff, 0xfe, 0x0, 0x19, 0xbb, 0xbb, 0xbb,
    0xbb, 0xbb, 0xbb, 0xbb, 0xbb, 0xbb, 0xbb, 0xbb,
    0x92, 0x0,

    /* U+F287 "" */
    0x0, 0x0, 0x0, 0x0, 0x0, 0x0, 0x0, 0x18,
    0x92, 0x0, 0x0, 0x0, 0x0, 0x0, 0x0, 0x0,
    0x0, 0x0, 0x0, 0x0, 0x12, 0xdf, 0xfe, 0x10,
    0x0, 0x0, 0x0, 0x0, 0x0, 0x0, 0x0, 0x0,
    0x0, 0x1c, 0xff, 0xff, 0xff, 0x50, 0x0, 0x0,
    0x0, 0x0, 0x0, 0x0, 0x0, 0x0, 0x0, 0xcf,
    0x76, 0xff, 0xff, 0x20, 0x0, 0x0, 0x0, 0x0,
    0x0, 0x0, 0x0, 0x0, 0x5, 0xf6, 0x0, 0x4c,
    0xd5, 0x0, 0x0, 0x0, 0x0, 0x0, 0x0, 0x33,
    0x0, 0x0, 0xd, 0xd0, 0x0, 0x0, 0x0, 0x0,
    0x0, 0x0, 0x0, 0x0, 0x1c, 0xff, 0xd2, 0x0,
    0x4f, 0x60, 0x0, 0x0, 0x0, 0x0, 0x0, 0xc,
    0x40, 0x0, 0xaf, 0xff, 0xfc, 0x1, 0xde, 0x0,
    0x0, 0x0, 0x0, 0x0, 0x0, 0x1f, 0xfa, 0x10,
    0xff, 0xff, 0xff, 0xff, 0xff, 0xff, 0xff, 0xff,
    0xff, 0xff, 0xff, 0xff, 0xff, 0xf5, 0xdf, 0xff,
    0xff, 0x88, 0x88, 0x9f, 0xe8, 0x88, 0x88, 0x88,
    0x88, 0x8f, 0xff, 0x91, 0x5f, 0xff, 0xf8, 0x0,
    0x0, 0x7, 0xf3, 0x0, 0x0, 0x0, 0x0, 0xf,
    0xc3, 0x0, 0x4, 0xbb, 0x60, 0x0, 0x0, 0x0,
    0xeb, 0x0, 0x0, 0x0, 0x0, 0x4, 0x0, 0x0,
    0x0, 0x0, 0x0, 0x0, 0x0, 0x0, 0x8f, 0x30,
    0x8, 0x88, 0x83, 0x0, 0x0, 0x0, 0x0, 0x0,
    0x0, 0x0, 0x0, 0x0, 0x1e, 0xc1, 0x2f, 0xff,
    0xf7, 0x0, 0x0, 0x0, 0x0, 0x0, 0x0, 0x0,
    0x0, 0x0, 0x4, 0xff, 0xff, 0xff, 0xf7, 0x0,
    0x0, 0x0, 0x0, 0x0, 0x0, 0x0, 0x0, 0x0,
    0x0, 0x27, 0x9f, 0xff, 0xf7, 0x0, 0x0, 0x0,
    0x0, 0x0, 0x0, 0x0, 0x0, 0x0, 0x0, 0x0,
    0x2f, 0xff, 0xf6, 0x0, 0x0, 0x0, 0x0, 0x0,
    0x0, 0x0, 0x0, 0x0, 0x0, 0x0, 0x0, 0x0,
    0x0, 0x0, 0x0, 0x0,

    /* U+F293 "" */
    0x0, 0x0, 0x0, 0x0, 0x11, 0x0, 0x0, 0x0,
    0x0, 0x0, 0x2, 0x9e, 0xff, 0xff, 0xc7, 0x0,
    0x0, 0x0, 0x7, 0xff, 0xff, 0xdf, 0xff, 0xfd,
    0x20, 0x0, 0x8, 0xff, 0xff, 0xf2, 0xdf, 0xff,
    0xfe, 0x0, 0x3, 0xff, 0xff, 0xff, 0x11, 0xdf,
    0xff, 0xf9, 0x0, 0xaf, 0xff, 0xff, 0xf1, 0x1,
    0xef, 0xff, 0xf0, 0xf, 0xff, 0xff, 0xff, 0x12,
    0x12, 0xef, 0xff, 0x53, 0xff, 0xf4, 0x7f, 0xf1,
    0x3d, 0x13, 0xff, 0xf8, 0x6f, 0xff, 0x40, 0x7f,
    0x13, 0xf5, 0xc, 0xff, 0xb8, 0xff, 0xff, 0x40,
    0x71, 0x35, 0xa, 0xff, 0xfd, 0x9f, 0xff, 0xff,
    0x40, 0x0, 0x8, 0xff, 0xff, 0xea, 0xff, 0xff,
    0xff, 0x30, 0x6, 0xff, 0xff, 0xfe, 0xaf, 0xff,
    0xff, 0xf4, 0x0, 0x6f, 0xff, 0xff, 0xe9, 0xff,
    0xff, 0xf4, 0x0, 0x0, 0x7f, 0xff, 0xfe, 0x8f,
    0xff, 0xf4, 0x6, 0x13, 0x50, 0x8f, 0xff, 0xd6,
    0xff, 0xf4, 0x7, 0xf1, 0x3f, 0x40, 0x9f, 0xfb,
    0x3f, 0xff, 0x47, 0xff, 0x13, 0xd1, 0x1d, 0xff,
    0x90, 0xff, 0xff, 0xff, 0xf1, 0x21, 0x1d, 0xff,
    0xf5, 0xa, 0xff, 0xff, 0xff, 0x20, 0x1d, 0xff,
    0xff, 0x0, 0x2f, 0xff, 0xff, 0xf2, 0x2e, 0xff,
    0xff, 0x80, 0x0, 0x6f, 0xff, 0xff, 0x4e, 0xff,
    0xff, 0xe0, 0x0, 0x0, 0x4e, 0xff, 0xff, 0xff,
    0xff, 0xc2, 0x0, 0x0, 0x0, 0x5, 0x9c, 0xdd,
    0xc9, 0x40, 0x0, 0x0,

    /* U+F2ED "" */
    0x0, 0x0, 0x0, 0x2, 0x22, 0x22, 0x10, 0x0,
    0x0, 0x0, 0x0, 0x0, 0x0, 0xcf, 0xff, 0xff,
    0xe1, 0x0, 0x0, 0x0, 0xac, 0xcc, 0xcd, 0xff,
    0xff, 0xff, 0xfd, 0xcc, 0xcc, 0xc1, 0xff, 0xff,
    0xff, 0xff, 0xff, 0xff, 0xff, 0xff, 0xff, 0xf4,
    0xdf, 0xff, 0xff, 0xff, 0xff, 0xff, 0xff, 0xff,
    0xff, 0xe2, 0x0, 0x0, 0x0, 0x0, 0x0, 0x0,
    0x0, 0x0, 0x0, 0x0, 0x7, 0xcc, 0xcc, 0xcc,
    0xcc, 0xcc, 0xcc, 0xcc, 0xca, 0x0, 0xa, 0xff,
    0xff, 0xff, 0xff, 0xff, 0xff, 0xff, 0xfe, 0x0,
    0xa, 0xff, 0xff, 0xff, 0xff, 0xff, 0xff, 0xff,
    0xfe, 0x0, 0xa, 0xff, 0xe1, 0xef, 0xf2, 0xcf,
    0xf3, 0xbf, 0xfe, 0x0, 0xa, 0xff, 0xd0, 0xdf,
    0xf0, 0xbf, 0xf1, 0x9f, 0xfe, 0x0, 0xa, 0xff,
    0xd0, 0xdf, 0xf0, 0xbf, 0xf1, 0x9f, 0xfe, 0x0,
    0xa, 0xff, 0xd0, 0xdf, 0xf0, 0xbf, 0xf1, 0x9f,
    0xfe, 0x0, 0xa, 0xff, 0xd0, 0xdf, 0xf0, 0xbf,
    0xf1, 0x9f, 0xfe, 0x0, 0xa, 0xff, 0xd0, 0xdf,
    0xf0, 0xbf, 0xf1, 0x9f, 0xfe, 0x0, 0xa, 0xff,
    0xd0, 0xdf, 0xf0, 0xbf, 0xf1, 0x9f, 0xfe, 0x0,
    0xa, 0xff, 0xd0, 0xdf, 0xf0, 0xbf, 0xf1, 0x9f,
    0xfe, 0x0, 0xa, 0xff, 0xd0, 0xdf, 0xf0, 0xbf,
    0xf1, 0x9f, 0xfe, 0x0, 0xa, 0xff, 0xd0, 0xdf,
    0xf0, 0xbf, 0xf1, 0x9f, 0xfe, 0x0, 0xa, 0xff,
    0xe1, 0xef, 0xf1, 0xcf, 0xf3, 0xaf, 0xfe, 0x0,
    0x9, 0xff, 0xff, 0xff, 0xff, 0xff, 0xff, 0xff,
    0xfd, 0x0, 0x6, 0xff, 0xff, 0xff, 0xff, 0xff,
    0xff, 0xff, 0xfa, 0x0, 0x0, 0x7b, 0xcc, 0xcc,
    0xcc, 0xcc, 0xcc, 0xcb, 0x91, 0x0,

    /* U+F304 "" */
    0x0, 0x0, 0x0, 0x0, 0x0, 0x0, 0x0, 0x0,
    0x1, 0x30, 0x0, 0x0, 0x0, 0x0, 0x0, 0x0,
    0x0, 0x0, 0x0, 0x4, 0xff, 0xd1, 0x0, 0x0,
    0x0, 0x0, 0x0, 0x0, 0x0, 0x0, 0x4, 0xff,
    0xff, 0xd1, 0x0, 0x0, 0x0, 0x0, 0x0, 0x0,
    0x0, 0x3, 0xff, 0xff, 0xff, 0xd1, 0x0, 0x0,
    0x0, 0x0, 0x0, 0x0, 0x1, 0xc, 0xff, 0xff,
    0xff, 0xb0, 0x0, 0x0, 0x0, 0x0, 0x0, 0x4,
    0xe4, 0xc, 0xff, 0xff, 0xff, 0x0, 0x0, 0x0,
    0x0, 0x0, 0x4, 0xff, 0xf4, 0xc, 0xff, 0xff,
    0xa0, 0x0, 0x0, 0x0, 0x0, 0x4, 0xff, 0xff,
    0xf4, 0xc, 0xff, 0xb0, 0x0, 0x0, 0x0, 0x0,
    0x4, 0xff, 0xff, 0xff, 0xf4, 0xc, 0xb0, 0x0,
    0x0, 0x0, 0x0, 0x4, 0xff, 0xff, 0xff, 0xff,
    0xf4, 0x0, 0x0, 0x0, 0x0, 0x0, 0x4, 0xff,
    0xff, 0xff, 0xff, 0xff, 0xa0, 0x0, 0x0, 0x0,
    0x0, 0x4, 0xff, 0xff, 0xff, 0xff, 0xff, 0xb0,
    0x0, 0x0, 0x0, 0x0, 0x4, 0xff, 0xff, 0xff,
    0xff, 0xff, 0xb0, 0x0, 0x0, 0x0, 0x0, 0x4,
    0xff, 0xff, 0xff, 0xff, 0xff, 0xb0, 0x0, 0x0,
    0x0, 0x0, 0x4, 0xff, 0xff, 0xff, 0xff, 0xff,
    0xb0, 0x0, 0x0, 0x0, 0x0, 0x4, 0xff, 0xff,
    0xff, 0xff, 0xff, 0xb0, 0x0, 0x0, 0x0, 0x0,
    0x3, 0xff, 0xff, 0xff, 0xff, 0xff, 0xb0, 0x0,
    0x0, 0x0, 0x0, 0x0, 0x8f, 0xff, 0xff, 0xff,
    0xff, 0xb0, 0x0, 0x0, 0x0, 0x0, 0x0, 0xa,
    0xff, 0xff, 0xff, 0xff, 0xb0, 0x0, 0x0, 0x0,
    0x0, 0x0, 0x0, 0xcf, 0xff, 0xff, 0xff, 0xb0,
    0x0, 0x0, 0x0, 0x0, 0x0, 0x0, 0xe, 0xff,
    0xff, 0xff, 0xb0, 0x0, 0x0, 0x0, 0x0, 0x0,
    0x0, 0x0, 0xff, 0xff, 0xff, 0xb0, 0x0, 0x0,
    0x0, 0x0, 0x0, 0x0, 0x0, 0x8, 0xb9, 0x75,
    0x40, 0x0, 0x0, 0x0, 0x0, 0x0, 0x0, 0x0,
    0x0,

    /* U+F55A "" */
    0x0, 0x0, 0x0, 0x2, 0x68, 0x88, 0x88, 0x88,
    0x88, 0x88, 0x88, 0x88, 0x75, 0x0, 0x0, 0x0,
    0x0, 0x5f, 0xff, 0xff, 0xff, 0xff, 0xff, 0xff,
    0xff, 0xff, 0xff, 0xc0, 0x0, 0x0, 0x5, 0xff,
    0xff, 0xff, 0xff, 0xff, 0xff, 0xff, 0xff, 0xff,
    0xff, 0xf5, 0x0, 0x0, 0x5f, 0xff, 0xff, 0xff,
    0xff, 0xff, 0xff, 0xff, 0xff, 0xff, 0xff, 0xf7,
    0x0, 0x5, 0xff, 0xff, 0xff, 0xff, 0x80, 0xcf,
    0xff, 0xc0, 0x8f, 0xff, 0xff, 0xf8, 0x0, 0x5f,
    0xff, 0xff, 0xff, 0xfc, 0x0, 0xc, 0xfc, 0x0,
    0xc, 0xff, 0xff, 0xf8, 0x5, 0xff, 0xff, 0xff,
    0xff, 0xff, 0x50, 0x0, 0x90, 0x0, 0x5f, 0xff,
    0xff, 0xf8, 0x5f, 0xff, 0xff, 0xff, 0xff, 0xff,
    0xf5, 0x0, 0x0, 0x5, 0xff, 0xff, 0xff, 0xf8,
    0xef, 0xff, 0xff, 0xff, 0xff, 0xff, 0xff, 0x40,
    0x0, 0x4f, 0xff, 0xff, 0xff, 0xf8, 0xbf, 0xff,
    0xff, 0xff, 0xff, 0xff, 0xfc, 0x0, 0x0, 0xc,
    0xff, 0xff, 0xff, 0xf8, 0xc, 0xff, 0xff, 0xff,
    0xff, 0xff, 0xc0, 0x0, 0x10, 0x0, 0xcf, 0xff,
    0xff, 0xf8, 0x0, 0xcf, 0xff, 0xff, 0xff, 0xfd,
    0x0, 0x5, 0xf5, 0x0, 0xd, 0xff, 0xff, 0xf8,
    0x0, 0xc, 0xff, 0xff, 0xff, 0xfe, 0x10, 0x5f,
    0xff, 0x50, 0x1e, 0xff, 0xff, 0xf8, 0x0, 0x0,
    0xcf, 0xff, 0xff, 0xff, 0xe8, 0xff, 0xff, 0xf8,
    0xef, 0xff, 0xff, 0xf8, 0x0, 0x0, 0xc, 0xff,
    0xff, 0xff, 0xff, 0xff, 0xff, 0xff, 0xff, 0xff,
    0xff, 0xf7, 0x0, 0x0, 0x0, 0xcf, 0xff, 0xff,
    0xff, 0xff, 0xff, 0xff, 0xff, 0xff, 0xff, 0xf2,
    0x0, 0x0, 0x0, 0x9, 0xef, 0xff, 0xff, 0xff,
    0xff, 0xff, 0xff, 0xff, 0xfd, 0x50,

    /* U+F7C2 "" */
    0x0, 0x0, 0x0, 0x0, 0x0, 0x0, 0x0, 0x0,
    0x0, 0x0, 0x2, 0xef, 0xff, 0xff, 0xff, 0xfe,
    0x70, 0x0, 0x2, 0xef, 0xff, 0xff, 0xff, 0xff,
    0xff, 0x50, 0x2, 0xef, 0xbb, 0xfc, 0xbf, 0xdb,
    0xbf, 0xf9, 0x2, 0xef, 0xd0, 0x2f, 0x40, 0xe7,
    0x1, 0xff, 0xa2, 0xef, 0xfd, 0x2, 0xf4, 0xe,
    0x70, 0x1f, 0xfa, 0xef, 0xff, 0xd0, 0x2f, 0x40,
    0xe7, 0x1, 0xff, 0xaf, 0xff, 0xfd, 0x24, 0xf6,
    0x2e, 0x82, 0x3f, 0xfa, 0xff, 0xff, 0xff, 0xff,
    0xff, 0xff, 0xff, 0xff, 0xaf, 0xff, 0xff, 0xff,
    0xff, 0xff, 0xff, 0xff, 0xfa, 0xff, 0xff, 0xff,
    0xff, 0xff, 0xff, 0xff, 0xff, 0xaf, 0xff, 0xff,
    0xff, 0xff, 0xff, 0xff, 0xff, 0xfa, 0xff, 0xff,
    0xff, 0xff, 0xff, 0xff, 0xff, 0xff, 0xaf, 0xff,
    0xff, 0xff, 0xff, 0xff, 0xff, 0xff, 0xfa, 0xff,
    0xff, 0xff, 0xff, 0xff, 0xff, 0xff, 0xff, 0xaf,
    0xff, 0xff, 0xff, 0xff, 0xff, 0xff, 0xff, 0xfa,
    0xff, 0xff, 0xff, 0xff, 0xff, 0xff, 0xff, 0xff,
    0xaf, 0xff, 0xff, 0xff, 0xff, 0xff, 0xff, 0xff,
    0xfa, 0xff, 0xff, 0xff, 0xff, 0xff, 0xff, 0xff,
    0xff, 0xaf, 0xff, 0xff, 0xff, 0xff, 0xff, 0xff,
    0xff, 0xfa, 0xff, 0xff, 0xff, 0xff, 0xff, 0xff,
    0xff, 0xff, 0x99, 0xff, 0xff, 0xff, 0xff, 0xff,
    0xff, 0xff, 0xf4, 0x9, 0xef, 0xff, 0xff, 0xff,
    0xff, 0xff, 0xd5, 0x0,

    /* U+F8A2 "" */
    0x0, 0x0, 0x0, 0x0, 0x0, 0x0, 0x0, 0x0,
    0x0, 0x0, 0x1c, 0x0, 0x0, 0x0, 0x0, 0x0,
    0x0, 0x0, 0x0, 0x0, 0x0, 0x1e, 0xf1, 0x0,
    0x0, 0x0, 0x0, 0x0, 0x0, 0x0, 0x0, 0x0,
    0x1e, 0xff, 0x10, 0x0, 0x3, 0xed, 0x0, 0x0,
    0x0, 0x0, 0x0, 0x5, 0xff, 0xf1, 0x0, 0x4,
    0xff, 0xf0, 0x0, 0x0, 0x0, 0x0, 0x0, 0x5f,
    0xff, 0x10, 0x5, 0xff, 0xff, 0x0, 0x0, 0x0,
    0x0, 0x0, 0x5, 0xff, 0xf1, 0x6, 0xff, 0xff,
    0xf6, 0x66, 0x66, 0x66, 0x66, 0x66, 0x9f, 0xff,
    0x17, 0xff, 0xff, 0xff, 0xff, 0xff, 0xff, 0xff,
    0xff, 0xff, 0xff, 0xf1, 0xdf, 0xff, 0xff, 0xff,
    0xff, 0xff, 0xff, 0xff, 0xff, 0xff, 0xff, 0x13,
    0xef, 0xff, 0xff, 0xff, 0xff, 0xff, 0xff, 0xff,
    0xff, 0xff, 0xd0, 0x2, 0xef, 0xff, 0xf1, 0x11,
    0x11, 0x11, 0x11, 0x11, 0x11, 0x10, 0x0, 0x2,
    0xdf, 0xff, 0x0, 0x0, 0x0, 0x0, 0x0, 0x0,
    0x0, 0x0, 0x0, 0x1, 0xdf, 0xf0, 0x0, 0x0,
    0x0, 0x0, 0x0, 0x0, 0x0, 0x0, 0x0, 0x1,
    0xb8, 0x0, 0x0, 0x0, 0x0, 0x0, 0x0, 0x0,
    0x0
};


/*---------------------
 *  GLYPH DESCRIPTION
 *--------------------*/

static const lv_font_fmt_txt_glyph_dsc_t glyph_dsc[] = {
    {.bitmap_index = 0, .adv_w = 0, .box_w = 0, .box_h = 0, .ofs_x = 0, .ofs_y = 0} /* id = 0 reserved */,
    {.bitmap_index = 0, .adv_w = 90, .box_w = 0, .box_h = 0, .ofs_x = 0, .ofs_y = 0},
    {.bitmap_index = 0, .adv_w = 97, .box_w = 4, .box_h = 15, .ofs_x = 1, .ofs_y = 0},
    {.bitmap_index = 30, .adv_w = 165, .box_w = 9, .box_h = 6, .ofs_x = 1, .ofs_y = 9},
    {.bitmap_index = 57, .adv_w = 222, .box_w = 13, .box_h = 15, .ofs_x = 0, .ofs_y = 0},
    {.bitmap_index = 155, .adv_w = 215, .box_w = 13, .box_h = 21, .ofs_x = 0, .ofs_y = -3},
    {.bitmap_index = 292, .adv_w = 269, .box_w = 17, .box_h = 17, .ofs_x = 0, .ofs_y = -1},
    {.bitmap_index = 437, .adv_w = 210, .box_w = 13, .box_h = 15, .ofs_x = 0, .ofs_y = 0},
    {.bitmap_index = 535, .adv_w = 96, .box_w = 4, .box_h = 6, .ofs_x = 1, .ofs_y = 9},
    {.bitmap_index = 547, .adv_w = 137, .box_w = 8, .box_h = 22, .ofs_x = 1, .ofs_y = -5},
    {.bitmap_index = 635, .adv_w = 135, .box_w = 8, .box_h = 22, .ofs_x = 0, .ofs_y = -5},
    {.bitmap_index = 723, .adv_w = 187, .box_w = 11, .box_h = 10, .ofs_x = 0, .ofs_y = 5},
    {.bitmap_index = 778, .adv_w = 218, .box_w = 10, .box_h = 10, .ofs_x = 2, .ofs_y = 3},
    {.bitmap_index = 828, .adv_w = 96, .box_w = 4, .box_h = 8, .ofs_x = 1, .ofs_y = -4},
    {.bitmap_index = 844, .adv_w = 156, .box_w = 8, .box_h = 3, .ofs_x = 1, .ofs_y = 5},
    {.bitmap_index = 856, .adv_w = 97, .box_w = 4, .box_h = 4, .ofs_x = 1, .ofs_y = 0},
    {.bitmap_index = 864, .adv_w = 133, .box_w = 10, .box_h = 19, .ofs_x = -1, .ofs_y = -4},
    {.bitmap_index = 959, .adv_w = 227, .box_w = 12, .box_h = 15, .ofs_x = 1, .ofs_y = 0},
    {.bitmap_index = 1049, .adv_w = 153, .box_w = 8, .box_h = 15, .ofs_x = 0, .ofs_y = 0},
    {.bitmap_index = 1109, .adv_w = 210, .box_w = 12, .box_h = 15, .ofs_x = 1, .ofs_y = 0},
    {.bitmap_index = 1199, .adv_w = 213, .box_w = 13, .box_h = 15, .ofs_x = 0, .ofs_y = 0},
    {.bitmap_index = 1297, .adv_w = 222, .box_w = 14, .box_h = 15, .ofs_x = 0, .ofs_y = 0},
    {.bitmap_index = 1402, .adv_w = 211, .box_w = 13, .box_h = 15, .ofs_x = 0, .ofs_y = 0},
    {.bitmap_index = 1500, .adv_w = 216, .box_w = 12, .box_h = 15, .ofs_x = 1, .ofs_y = 0},
    {.bitmap_index = 1590, .adv_w = 197, .box_w = 12, .box_h = 15, .ofs_x = 0, .ofs_y = 0},
    {.bitmap_index = 1680, .adv_w = 215, .box_w = 13, .box_h = 15, .ofs_x = 0, .ofs_y = 0},
    {.bitmap_index = 1778, .adv_w = 216, .box_w = 12, .box_h = 15, .ofs_x = 1, .ofs_y = 0},
    {.bitmap_index = 1868, .adv_w = 97, .box_w = 4, .box_h = 11, .ofs_x = 1, .ofs_y = 0},
    {.bitmap_index = 1890, .adv_w = 97, .box_w = 4, .box_h = 15, .ofs_x = 1, .ofs_y = -4},
    {.bitmap_index = 1920, .adv_w = 218, .box_w = 10, .box_h = 11, .ofs_x = 2, .ofs_y = 2},
    {.bitmap_index = 1975, .adv_w = 218, .box_w = 10, .box_h = 6, .ofs_x = 2, .ofs_y = 5},
    {.bitmap_index = 2005, .adv_w = 218, .box_w = 10, .box_h = 11, .ofs_x = 2, .ofs_y = 2},
    {.bitmap_index = 2060, .adv_w = 204, .box_w = 12, .box_h = 15, .ofs_x = 0, .ofs_y = 0},
    {.bitmap_index = 2150, .adv_w = 359, .box_w = 20, .box_h = 19, .ofs_x = 1, .ofs_y = -4},
    {.bitmap_index = 2340, .adv_w = 222, .box_w = 14, .box_h = 15, .ofs_x = 0, .ofs_y = 0},
    {.bitmap_index = 2445, .adv_w = 233, .box_w = 13, .box_h = 15, .ofs_x = 1, .ofs_y = 0},
    {.bitmap_index = 2543, .adv_w = 226, .box_w = 13, .box_h = 15, .ofs_x = 1, .ofs_y = 0},
    {.bitmap_index = 2641, .adv_w = 234, .box_w = 13, .box_h = 15, .ofs_x = 1, .ofs_y = 0},
    {.bitmap_index = 2739, .adv_w = 197, .box_w = 11, .box_h = 15, .ofs_x = 1, .ofs_y = 0},
    {.bitmap_index = 2822, .adv_w = 189, .box_w = 11, .box_h = 15, .ofs_x = 1, .ofs_y = 0},
    {.bitmap_index = 2905, .adv_w = 233, .box_w = 13, .box_h = 15, .ofs_x = 1, .ofs_y = 0},
    {.bitmap_index = 3003, .adv_w = 231, .box_w = 12, .box_h = 15, .ofs_x = 1, .ofs_y = 0},
    {.bitmap_index = 3093, .adv_w = 89, .box_w = 3, .box_h = 15, .ofs_x = 1, .ofs_y = 0},
    {.bitmap_index = 3116, .adv_w = 212, .box_w = 13, .box_h = 15, .ofs_x = 0, .ofs_y = 0},
    {.bitmap_index = 3214, .adv_w = 218, .box_w = 13, .box_h = 15, .ofs_x = 1, .ofs_y = 0},
    {.bitmap_index = 3312, .adv_w = 191, .box_w = 11, .box_h = 15, .ofs_x = 1, .ofs_y = 0},
    {.bitmap_index = 3395, .adv_w = 308, .box_w = 17, .box_h = 15, .ofs_x = 1, .ofs_y = 0},
    {.bitmap_index = 3523, .adv_w = 235, .box_w = 13, .box_h = 15, .ofs_x = 1, .ofs_y = 0},
    {.bitmap_index = 3621, .adv_w = 237, .box_w = 13, .box_h = 15, .ofs_x = 1, .ofs_y = 0},
    {.bitmap_index = 3719, .adv_w = 212, .box_w = 12, .box_h = 15, .ofs_x = 1, .ofs_y = 0},
    {.bitmap_index = 3809, .adv_w = 237, .box_w = 13, .box_h = 19, .ofs_x = 1, .ofs_y = -4},
    {.bitmap_index = 3933, .adv_w = 222, .box_w = 12, .box_h = 15, .ofs_x = 1, .ofs_y = 0},
    {.bitmap_index = 4023, .adv_w = 215, .box_w = 13, .box_h = 15, .ofs_x = 0, .ofs_y = 0},
    {.bitmap_index = 4121, .adv_w = 207, .box_w = 13, .box_h = 15, .ofs_x = 0, .ofs_y = 0},
    {.bitmap_index = 4219, .adv_w = 235, .box_w = 13, .box_h = 15, .ofs_x = 1, .ofs_y = 0},
    {.bitmap_index = 4317, .adv_w = 218, .box_w = 14, .box_h = 15, .ofs_x = 0, .ofs_y = 0},
    {.bitmap_index = 4422, .adv_w = 312, .box_w = 19, .box_h = 15, .ofs_x = 0, .ofs_y = 0},
    {.bitmap_index = 4565, .adv_w = 226, .box_w = 14, .box_h = 15, .ofs_x = 0, .ofs_y = 0},
    {.bitmap_index = 4670, .adv_w = 217, .box_w = 14, .box_h = 15, .ofs_x = 0, .ofs_y = 0},
    {.bitmap_index = 4775, .adv_w = 203, .box_w = 11, .box_h = 15, .ofs_x = 1, .ofs_y = 0},
    {.bitmap_index = 4858, .adv_w = 122, .box_w = 7, .box_h = 22, .ofs_x = 1, .ofs_y = -5},
    {.bitmap_index = 4935, .adv_w = 133, .box_w = 10, .box_h = 19, .ofs_x = -1, .ofs_y = -4},
    {.bitmap_index = 5030, .adv_w = 122, .box_w = 6, .box_h = 22, .ofs_x = 0, .ofs_y = -5},
    {.bitmap_index = 5096, .adv_w = 218, .box_w = 12, .box_h = 7, .ofs_x = 1, .ofs_y = 9},
    {.bitmap_index = 5138, .adv_w = 218, .box_w = 12, .box_h = 3, .ofs_x = 1, .ofs_y = -3},
    {.bitmap_index = 5156, .adv_w = 101, .box_w = 5, .box_h = 4, .ofs_x = 1, .ofs_y = 12},
    {.bitmap_index = 5166, .adv_w = 203, .box_w = 13, .box_h = 11, .ofs_x = 0, .ofs_y = 0},
    {.bitmap_index = 5238, .adv_w = 226, .box_w = 12, .box_h = 15, .ofs_x = 1, .ofs_y = 0},
    {.bitmap_index = 5328, .adv_w = 208, .box_w = 12, .box_h = 11, .ofs_x = 1, .ofs_y = 0},
    {.bitmap_index = 5394, .adv_w = 226, .box_w = 12, .box_h = 15, .ofs_x = 1, .ofs_y = 0},
    {.bitmap_index = 5484, .adv_w = 206, .box_w = 11, .box_h = 11, .ofs_x = 1, .ofs_y = 0},
    {.bitmap_index = 5545, .adv_w = 155, .box_w = 10, .box_h = 15, .ofs_x = 0, .ofs_y = 0},
    {.bitmap_index = 5620, .adv_w = 225, .box_w = 12, .box_h = 15, .ofs_x = 1, .ofs_y = -4},
    {.bitmap_index = 5710, .adv_w = 216, .box_w = 11, .box_h = 15, .ofs_x = 1, .ofs_y = 0},
    {.bitmap_index = 5793, .adv_w = 90, .box_w = 4, .box_h = 15, .ofs_x = 1, .ofs_y = 0},
    {.bitmap_index = 5823, .adv_w = 91, .box_w = 6, .box_h = 19, .ofs_x = -1, .ofs_y = -4},
    {.bitmap_index = 5880, .adv_w = 194, .box_w = 11, .box_h = 15, .ofs_x = 1, .ofs_y = 0},
    {.bitmap_index = 5963, .adv_w = 90, .box_w = 3, .box_h = 15, .ofs_x = 1, .ofs_y = 0},
    {.bitmap_index = 5986, .adv_w = 302, .box_w = 17, .box_h = 11, .ofs_x = 1, .ofs_y = 0},
    {.bitmap_index = 6080, .adv_w = 216, .box_w = 11, .box_h = 11, .ofs_x = 1, .ofs_y = 0},
    {.bitmap_index = 6141, .adv_w = 216, .box_w = 12, .box_h = 11, .ofs_x = 1, .ofs_y = 0},
    {.bitmap_index = 6207, .adv_w = 226, .box_w = 12, .box_h = 15, .ofs_x = 1, .ofs_y = -4},
    {.bitmap_index = 6297, .adv_w = 226, .box_w = 12, .box_h = 15, .ofs_x = 1, .ofs_y = -4},
    {.bitmap_index = 6387, .adv_w = 136, .box_w = 7, .box_h = 11, .ofs_x = 1, .ofs_y = 0},
    {.bitmap_index = 6426, .adv_w = 185, .box_w = 10, .box_h = 11, .ofs_x = 1, .ofs_y = 0},
    {.bitmap_index = 6481, .adv_w = 161, .box_w = 10, .box_h = 14, .ofs_x = 0, .ofs_y = 0},
    {.bitmap_index = 6551, .adv_w = 216, .box_w = 11, .box_h = 11, .ofs_x = 1, .ofs_y = 0},
    {.bitmap_index = 6612, .adv_w = 191, .box_w = 12, .box_h = 11, .ofs_x = 0, .ofs_y = 0},
    {.bitmap_index = 6678, .adv_w = 279, .box_w = 16, .box_h = 11, .ofs_x = 1, .ofs_y = 0},
    {.bitmap_index = 6766, .adv_w = 209, .box_w = 13, .box_h = 11, .ofs_x = 0, .ofs_y = 0},
    {.bitmap_index = 6838, .adv_w = 216, .box_w = 11, .box_h = 15, .ofs_x = 1, .ofs_y = -4},
    {.bitmap_index = 6921, .adv_w = 183, .box_w = 10, .box_h = 11, .ofs_x = 1, .ofs_y = 0},
    {.bitmap_index = 6976, .adv_w = 158, .box_w = 10, .box_h = 22, .ofs_x = 0, .ofs_y = -5},
    {.bitmap_index = 7086, .adv_w = 88, .box_w = 3, .box_h = 23, .ofs_x = 1, .ofs_y = -5},
    {.bitmap_index = 7121, .adv_w = 158, .box_w = 10, .box_h = 22, .ofs_x = 0, .ofs_y = -5},
    {.bitmap_index = 7231, .adv_w = 218, .box_w = 12, .box_h = 5, .ofs_x = 1, .ofs_y = 5},
    {.bitmap_index = 7261, .adv_w = 90, .box_w = 0, .box_h = 0, .ofs_x = 0, .ofs_y = 0},
    {.bitmap_index = 7261, .adv_w = 97, .box_w = 4, .box_h = 15, .ofs_x = 1, .ofs_y = -4},
    {.bitmap_index = 7291, .adv_w = 210, .box_w = 12, .box_h = 16, .ofs_x = 1, .ofs_y = -3},
    {.bitmap_index = 7387, .adv_w = 223, .box_w = 12, .box_h = 15, .ofs_x = 1, .ofs_y = 0},
    {.bitmap_index = 7477, .adv_w = 218, .box_w = 13, .box_h = 13, .ofs_x = 0, .ofs_y = 1},
    {.bitmap_index = 7562, .adv_w = 218, .box_w = 14, .box_h = 15, .ofs_x = 0, .ofs_y = 0},
    {.bitmap_index = 7667, .adv_w = 88, .box_w = 3, .box_h = 23, .ofs_x = 1, .ofs_y = -5},
    {.bitmap_index = 7702, .adv_w = 171, .box_w = 10, .box_h = 15, .ofs_x = 0, .ofs_y = 0},
    {.bitmap_index = 7777, .adv_w = 152, .box_w = 8, .box_h = 4, .ofs_x = 1, .ofs_y = 12},
    {.bitmap_index = 7793, .adv_w = 251, .box_w = 14, .box_h = 16, .ofs_x = 1, .ofs_y = 0},
    {.bitmap_index = 7905, .adv_w = 147, .box_w = 9, .box_h = 7, .ofs_x = 0, .ofs_y = 8},
    {.bitmap_index = 7937, .adv_w = 247, .box_w = 13, .box_h = 11, .ofs_x = 1, .ofs_y = 0},
    {.bitmap_index = 8009, .adv_w = 218, .box_w = 10, .box_h = 6, .ofs_x = 2, .ofs_y = 4},
    {.bitmap_index = 8039, .adv_w = 156, .box_w = 8, .box_h = 3, .ofs_x = 1, .ofs_y = 5},
    {.bitmap_index = 8051, .adv_w = 184, .box_w = 10, .box_h = 9, .ofs_x = 1, .ofs_y = 6},
    {.bitmap_index = 8096, .adv_w = 145, .box_w = 8, .box_h = 2, .ofs_x = 1, .ofs_y = 12},
    {.bitmap_index = 8104, .adv_w = 137, .box_w = 8, .box_h = 7, .ofs_x = 0, .ofs_y = 9},
    {.bitmap_index = 8132, .adv_w = 218, .box_w = 10, .box_h = 12, .ofs_x = 2, .ofs_y = 0},
    {.bitmap_index = 8192, .adv_w = 128, .box_w = 8, .box_h = 7, .ofs_x = 0, .ofs_y = 8},
    {.bitmap_index = 8220, .adv_w = 130, .box_w = 8, .box_h = 7, .ofs_x = 0, .ofs_y = 8},
    {.bitmap_index = 8248, .adv_w = 101, .box_w = 5, .box_h = 4, .ofs_x = 1, .ofs_y = 12},
    {.bitmap_index = 8258, .adv_w = 219, .box_w = 13, .box_h = 15, .ofs_x = 1, .ofs_y = -4},
    {.bitmap_index = 8356, .adv_w = 210, .box_w = 12, .box_h = 15, .ofs_x = 0, .ofs_y = 0},
    {.bitmap_index = 8446, .adv_w = 71, .box_w = 5, .box_h = 4, .ofs_x = 0, .ofs_y = 4},
    {.bitmap_index = 8456, .adv_w = 115, .box_w = 6, .box_h = 6, .ofs_x = 1, .ofs_y = -5},
    {.bitmap_index = 8474, .adv_w = 90, .box_w = 5, .box_h = 7, .ofs_x = 0, .ofs_y = 8},
    {.bitmap_index = 8492, .adv_w = 154, .box_w = 9, .box_h = 7, .ofs_x = 0, .ofs_y = 8},
    {.bitmap_index = 8524, .adv_w = 247, .box_w = 14, .box_h = 11, .ofs_x = 1, .ofs_y = 0},
    {.bitmap_index = 8601, .adv_w = 290, .box_w = 18, .box_h = 17, .ofs_x = 0, .ofs_y = -1},
    {.bitmap_index = 8754, .adv_w = 290, .box_w = 18, .box_h = 17, .ofs_x = 0, .ofs_y = -1},
    {.bitmap_index = 8907, .adv_w = 314, .box_w = 20, .box_h = 17, .ofs_x = 0, .ofs_y = -1},
    {.bitmap_index = 9077, .adv_w = 204, .box_w = 12, .box_h = 15, .ofs_x = 0, .ofs_y = -4},
    {.bitmap_index = 9167, .adv_w = 222, .box_w = 14, .box_h = 19, .ofs_x = 0, .ofs_y = 0},
    {.bitmap_index = 9300, .adv_w = 222, .box_w = 14, .box_h = 19, .ofs_x = 0, .ofs_y = 0},
    {.bitmap_index = 9433, .adv_w = 222, .box_w = 14, .box_h = 19, .ofs_x = 0, .ofs_y = 0},
    {.bitmap_index = 9566, .adv_w = 222, .box_w = 14, .box_h = 19, .ofs_x = 0, .ofs_y = 0},
    {.bitmap_index = 9699, .adv_w = 222, .box_w = 14, .box_h = 20, .ofs_x = 0, .ofs_y = 0},
    {.bitmap_index = 9839, .adv_w = 222, .box_w = 14, .box_h = 21, .ofs_x = 0, .ofs_y = 0},
    {.bitmap_index = 9986, .adv_w = 291, .box_w = 18, .box_h = 15, .ofs_x = 0, .ofs_y = 0},
    {.bitmap_index = 10121, .adv_w = 226, .box_w = 13, .box_h = 19, .ofs_x = 1, .ofs_y = -4},
    {.bitmap_index = 10245, .adv_w = 197, .box_w = 11, .box_h = 19, .ofs_x = 1, .ofs_y = 0},
    {.bitmap_index = 10350, .adv_w = 197, .box_w = 11, .box_h = 19, .ofs_x = 1, .ofs_y = 0},
    {.bitmap_index = 10455, .adv_w = 197, .box_w = 11, .box_h = 19, .ofs_x = 1, .ofs_y = 0},
    {.bitmap_index = 10560, .adv_w = 197, .box_w = 11, .box_h = 20, .ofs_x = 1, .ofs_y = 0},
    {.bitmap_index = 10670, .adv_w = 89, .box_w = 5, .box_h = 19, .ofs_x = 0, .ofs_y = 0},
    {.bitmap_index = 10718, .adv_w = 89, .box_w = 5, .box_h = 19, .ofs_x = 1, .ofs_y = 0},
    {.bitmap_index = 10766, .adv_w = 89, .box_w = 9, .box_h = 19, .ofs_x = -2, .ofs_y = 0},
    {.bitmap_index = 10852, .adv_w = 89, .box_w = 9, .box_h = 20, .ofs_x = -2, .ofs_y = 0},
    {.bitmap_index = 10942, .adv_w = 234, .box_w = 13, .box_h = 15, .ofs_x = 1, .ofs_y = 0},
    {.bitmap_index = 11040, .adv_w = 235, .box_w = 13, .box_h = 19, .ofs_x = 1, .ofs_y = 0},
    {.bitmap_index = 11164, .adv_w = 237, .box_w = 13, .box_h = 20, .ofs_x = 1, .ofs_y = 0},
    {.bitmap_index = 11294, .adv_w = 237, .box_w = 13, .box_h = 20, .ofs_x = 1, .ofs_y = 0},
    {.bitmap_index = 11424, .adv_w = 237, .box_w = 13, .box_h = 19, .ofs_x = 1, .ofs_y = 0},
    {.bitmap_index = 11548, .adv_w = 237, .box_w = 13, .box_h = 20, .ofs_x = 1, .ofs_y = 0},
    {.bitmap_index = 11678, .adv_w = 237, .box_w = 13, .box_h = 20, .ofs_x = 1, .ofs_y = 0},
    {.bitmap_index = 11808, .adv_w = 218, .box_w = 10, .box_h = 10, .ofs_x = 2, .ofs_y = 3},
    {.bitmap_index = 11858, .adv_w = 237, .box_w = 13, .box_h = 19, .ofs_x = 1, .ofs_y = -2},
    {.bitmap_index = 11982, .adv_w = 235, .box_w = 13, .box_h = 20, .ofs_x = 1, .ofs_y = 0},
    {.bitmap_index = 12112, .adv_w = 235, .box_w = 13, .box_h = 20, .ofs_x = 1, .ofs_y = 0},
    {.bitmap_index = 12242, .adv_w = 235, .box_w = 13, .box_h = 19, .ofs_x = 1, .ofs_y = 0},
    {.bitmap_index = 12366, .adv_w = 235, .box_w = 13, .box_h = 20, .ofs_x = 1, .ofs_y = 0},
    {.bitmap_index = 12496, .adv_w = 217, .box_w = 14, .box_h = 19, .ofs_x = 0, .ofs_y = 0},
    {.bitmap_index = 12629, .adv_w = 212, .box_w = 12, .box_h = 15, .ofs_x = 1, .ofs_y = 0},
    {.bitmap_index = 12719, .adv_w = 225, .box_w = 13, .box_h = 15, .ofs_x = 1, .ofs_y = 0},
    {.bitmap_index = 12817, .adv_w = 203, .box_w = 13, .box_h = 15, .ofs_x = 0, .ofs_y = 0},
    {.bitmap_index = 12915, .adv_w = 203, .box_w = 13, .box_h = 15, .ofs_x = 0, .ofs_y = 0},
    {.bitmap_index = 13013, .adv_w = 203, .box_w = 13, .box_h = 15, .ofs_x = 0, .ofs_y = 0},
    {.bitmap_index = 13111, .adv_w = 203, .box_w = 13, .box_h = 15, .ofs_x = 0, .ofs_y = 0},
    {.bitmap_index = 13209, .adv_w = 203, .box_w = 13, .box_h = 15, .ofs_x = 0, .ofs_y = 0},
    {.bitmap_index = 13307, .adv_w = 203, .box_w = 13, .box_h = 17, .ofs_x = 0, .ofs_y = 0},
    {.bitmap_index = 13418, .adv_w = 316, .box_w = 19, .box_h = 11, .ofs_x = 0, .ofs_y = 0},
    {.bitmap_index = 13523, .adv_w = 208, .box_w = 12, .box_h = 15, .ofs_x = 1, .ofs_y = -4},
    {.bitmap_index = 13613, .adv_w = 206, .box_w = 11, .box_h = 15, .ofs_x = 1, .ofs_y = 0},
    {.bitmap_index = 13696, .adv_w = 206, .box_w = 11, .box_h = 15, .ofs_x = 1, .ofs_y = 0},
    {.bitmap_index = 13779, .adv_w = 206, .box_w = 11, .box_h = 15, .ofs_x = 1, .ofs_y = 0},
    {.bitmap_index = 13862, .adv_w = 206, .box_w = 11, .box_h = 15, .ofs_x = 1, .ofs_y = 0},
    {.bitmap_index = 13945, .adv_w = 90, .box_w = 6, .box_h = 15, .ofs_x = -1, .ofs_y = 0},
    {.bitmap_index = 13990, .adv_w = 90, .box_w = 5, .box_h = 15, .ofs_x = 1, .ofs_y = 0},
    {.bitmap_index = 14028, .adv_w = 90, .box_w = 9, .box_h = 15, .ofs_x = -2, .ofs_y = 0},
    {.bitmap_index = 14096, .adv_w = 90, .box_w = 8, .box_h = 15, .ofs_x = -1, .ofs_y = 0},
    {.bitmap_index = 14156, .adv_w = 216, .box_w = 12, .box_h = 17, .ofs_x = 1, .ofs_y = 0},
    {.bitmap_index = 14258, .adv_w = 216, .box_w = 11, .box_h = 15, .ofs_x = 1, .ofs_y = 0},
    {.bitmap_index = 14341, .adv_w = 216, .box_w = 12, .box_h = 15, .ofs_x = 1, .ofs_y = 0},
    {.bitmap_index = 14431, .adv_w = 216, .box_w = 12, .box_h = 15, .ofs_x = 1, .ofs_y = 0},
    {.bitmap_index = 14521, .adv_w = 216, .box_w = 12, .box_h = 15, .ofs_x = 1, .ofs_y = 0},
    {.bitmap_index = 14611, .adv_w = 216, .box_w = 12, .box_h = 15, .ofs_x = 1, .ofs_y = 0},
    {.bitmap_index = 14701, .adv_w = 216, .box_w = 12, .box_h = 15, .ofs_x = 1, .ofs_y = 0},
    {.bitmap_index = 14791, .adv_w = 218, .box_w = 10, .box_h = 11, .ofs_x = 2, .ofs_y = 2},
    {.bitmap_index = 14846, .adv_w = 216, .box_w = 12, .box_h = 15, .ofs_x = 1, .ofs_y = -2},
    {.bitmap_index = 14936, .adv_w = 216, .box_w = 11, .box_h = 15, .ofs_x = 1, .ofs_y = 0},
    {.bitmap_index = 15019, .adv_w = 216, .box_w = 11, .box_h = 15, .ofs_x = 1, .ofs_y = 0},
    {.bitmap_index = 15102, .adv_w = 216, .box_w = 11, .box_h = 15, .ofs_x = 1, .ofs_y = 0},
    {.bitmap_index = 15185, .adv_w = 216, .box_w = 11, .box_h = 15, .ofs_x = 1, .ofs_y = 0},
    {.bitmap_index = 15268, .adv_w = 216, .box_w = 11, .box_h = 19, .ofs_x = 1, .ofs_y = -4},
    {.bitmap_index = 15373, .adv_w = 225, .box_w = 12, .box_h = 19, .ofs_x = 1, .ofs_y = -4},
    {.bitmap_index = 15487, .adv_w = 216, .box_w = 11, .box_h = 19, .ofs_x = 1, .ofs_y = -4},
    {.bitmap_index = 15592, .adv_w = 134, .box_w = 7, .box_h = 6, .ofs_x = 1, .ofs_y = 3},
    {.bitmap_index = 15613, .adv_w = 352, .box_w = 23, .box_h = 23, .ofs_x = -1, .ofs_y = -3},
    {.bitmap_index = 15878, .adv_w = 352, .box_w = 22, .box_h = 17, .ofs_x = 0, .ofs_y = 0},
    {.bitmap_index = 16065, .adv_w = 352, .box_w = 22, .box_h = 20, .ofs_x = 0, .ofs_y = -2},
    {.bitmap_index = 16285, .adv_w = 352, .box_w = 22, .box_h = 17, .ofs_x = 0, .ofs_y = 0},
    {.bitmap_index = 16472, .adv_w = 242, .box_w = 16, .box_h = 16, .ofs_x = 0, .ofs_y = 0},
    {.bitmap_index = 16600, .adv_w = 352, .box_w = 22, .box_h = 23, .ofs_x = 0, .ofs_y = -3},
    {.bitmap_index = 16853, .adv_w = 352, .box_w = 22, .box_h = 23, .ofs_x = 0, .ofs_y = -3},
    {.bitmap_index = 17106, .adv_w = 396, .box_w = 25, .box_h = 20, .ofs_x = 0, .ofs_y = -2},
    {.bitmap_index = 17356, .adv_w = 352, .box_w = 22, .box_h = 23, .ofs_x = 0, .ofs_y = -3},
    {.bitmap_index = 17609, .adv_w = 396, .box_w = 25, .box_h = 17, .ofs_x = 0, .ofs_y = 0},
    {.bitmap_index = 17822, .adv_w = 352, .box_w = 22, .box_h = 23, .ofs_x = 0, .ofs_y = -3},
    {.bitmap_index = 18075, .adv_w = 176, .box_w = 11, .box_h = 18, .ofs_x = 0, .ofs_y = -1},
    {.bitmap_index = 18174, .adv_w = 264, .box_w = 17, .box_h = 18, .ofs_x = 0, .ofs_y = -1},
    {.bitmap_index = 18327, .adv_w = 396, .box_w = 25, .box_h = 22, .ofs_x = 0, .ofs_y = -3},
    {.bitmap_index = 18602, .adv_w = 352, .box_w = 22, .box_h = 17, .ofs_x = 0, .ofs_y = 0},
    {.bitmap_index = 18789, .adv_w = 242, .box_w = 16, .box_h = 23, .ofs_x = 0, .ofs_y = -3},
    {.bitmap_index = 18973, .adv_w = 308, .box_w = 15, .box_h = 21, .ofs_x = 2, .ofs_y = -2},
    {.bitmap_index = 19131, .adv_w = 308, .box_w = 20, .box_h = 24, .ofs_x = 0, .ofs_y = -4},
    {.bitmap_index = 19371, .adv_w = 308, .box_w = 20, .box_h = 20, .ofs_x = 0, .ofs_y = -2},
    {.bitmap_index = 19571, .adv_w = 308, .box_w = 20, .box_h = 20, .ofs_x = 0, .ofs_y = -2},
    {.bitmap_index = 19771, .adv_w = 308, .box_w = 15, .box_h = 21, .ofs_x = 2, .ofs_y = -2},
    {.bitmap_index = 19929, .adv_w = 308, .box_w = 21, .box_h = 20, .ofs_x = -1, .ofs_y = -2},
    {.bitmap_index = 20139, .adv_w = 220, .box_w = 12, .box_h = 20, .ofs_x = 1, .ofs_y = -2},
    {.bitmap_index = 20259, .adv_w = 220, .box_w = 12, .box_h = 20, .ofs_x = 1, .ofs_y = -2},
    {.bitmap_index = 20379, .adv_w = 308, .box_w = 20, .box_h = 20, .ofs_x = 0, .ofs_y = -2},
    {.bitmap_index = 20579, .adv_w = 308, .box_w = 20, .box_h = 5, .ofs_x = 0, .ofs_y = 6},
    {.bitmap_index = 20629, .adv_w = 396, .box_w = 25, .box_h = 17, .ofs_x = 0, .ofs_y = 0},
    {.bitmap_index = 20842, .adv_w = 440, .box_w = 28, .box_h = 23, .ofs_x = 0, .ofs_y = -3},
    {.bitmap_index = 21164, .adv_w = 396, .box_w = 27, .box_h = 23, .ofs_x = -1, .ofs_y = -3},
    {.bitmap_index = 21475, .adv_w = 352, .box_w = 22, .box_h = 21, .ofs_x = 0, .ofs_y = -2},
    {.bitmap_index = 21706, .adv_w = 308, .box_w = 19, .box_h = 12, .ofs_x = 0, .ofs_y = 2},
    {.bitmap_index = 21820, .adv_w = 308, .box_w = 19, .box_h = 12, .ofs_x = 0, .ofs_y = 2},
    {.bitmap_index = 21934, .adv_w = 440, .box_w = 28, .box_h = 18, .ofs_x = 0, .ofs_y = -1},
    {.bitmap_index = 22186, .adv_w = 352, .box_w = 22, .box_h = 17, .ofs_x = 0, .ofs_y = 0},
    {.bitmap_index = 22373, .adv_w = 352, .box_w = 22, .box_h = 23, .ofs_x = 0, .ofs_y = -3},
    {.bitmap_index = 22626, .adv_w = 352, .box_w = 23, .box_h = 23, .ofs_x = -1, .ofs_y = -3},
    {.bitmap_index = 22891, .adv_w = 308, .box_w = 20, .box_h = 20, .ofs_x = 0, .ofs_y = -2},
    {.bitmap_index = 23091, .adv_w = 308, .box_w = 20, .box_h = 23, .ofs_x = 0, .ofs_y = -3},
    {.bitmap_index = 23321, .adv_w = 308, .box_w = 20, .box_h = 20, .ofs_x = 0, .ofs_y = -2},
    {.bitmap_index = 23521, .adv_w = 308, .box_w = 20, .box_h = 18, .ofs_x = 0, .ofs_y = -1},
    {.bitmap_index = 23701, .adv_w = 352, .box_w = 22, .box_h = 17, .ofs_x = 0, .ofs_y = 0},
    {.bitmap_index = 23888, .adv_w = 220, .box_w = 15, .box_h = 23, .ofs_x = -1, .ofs_y = -3},
    {.bitmap_index = 24061, .adv_w = 308, .box_w = 20, .box_h = 23, .ofs_x = 0, .ofs_y = -3},
    {.bitmap_index = 24291, .adv_w = 308, .box_w = 20, .box_h = 23, .ofs_x = 0, .ofs_y = -3},
    {.bitmap_index = 24521, .adv_w = 396, .box_w = 25, .box_h = 17, .ofs_x = 0, .ofs_y = 0},
    {.bitmap_index = 24734, .adv_w = 352, .box_w = 24, .box_h = 23, .ofs_x = -1, .ofs_y = -3},
    {.bitmap_index = 25010, .adv_w = 264, .box_w = 17, .box_h = 23, .ofs_x = 0, .ofs_y = -3},
    {.bitmap_index = 25206, .adv_w = 440, .box_w = 28, .box_h = 21, .ofs_x = 0, .ofs_y = -2},
    {.bitmap_index = 25500, .adv_w = 440, .box_w = 28, .box_h = 15, .ofs_x = 0, .ofs_y = 1},
    {.bitmap_index = 25710, .adv_w = 440, .box_w = 28, .box_h = 15, .ofs_x = 0, .ofs_y = 1},
    {.bitmap_index = 25920, .adv_w = 440, .box_w = 28, .box_h = 15, .ofs_x = 0, .ofs_y = 1},
    {.bitmap_index = 26130, .adv_w = 440, .box_w = 28, .box_h = 15, .ofs_x = 0, .ofs_y = 1},
    {.bitmap_index = 26340, .adv_w = 440, .box_w = 28, .box_h = 15, .ofs_x = 0, .ofs_y = 1},
    {.bitmap_index = 26550, .adv_w = 440, .box_w = 28, .box_h = 18, .ofs_x = 0, .ofs_y = -1},
    {.bitmap_index = 26802, .adv_w = 308, .box_w = 17, .box_h = 23, .ofs_x = 1, .ofs_y = -3},
    {.bitmap_index = 26998, .adv_w = 308, .box_w = 20, .box_h = 23, .ofs_x = 0, .ofs_y = -3},
    {.bitmap_index = 27228, .adv_w = 352, .box_w = 23, .box_h = 23, .ofs_x = -1, .ofs_y = -3},
    {.bitmap_index = 27493, .adv_w = 440, .box_w = 28, .box_h = 17, .ofs_x = 0, .ofs_y = 0},
    {.bitmap_index = 27731, .adv_w = 264, .box_w = 17, .box_h = 23, .ofs_x = 0, .ofs_y = -3},
    {.bitmap_index = 27927, .adv_w = 354, .box_w = 23, .box_h = 14, .ofs_x = 0, .ofs_y = 1}
};

/*---------------------
 *  CHARACTER MAPPING
 *--------------------*/

static const uint16_t unicode_list_2[] = {
    0x0, 0xcfdf, 0xcfe6, 0xcfe9, 0xcfea, 0xcfeb, 0xcfef, 0xcff1,
    0xcff3, 0xcff7, 0xcffa, 0xcfff, 0xd004, 0xd005, 0xd006, 0xd01c,
    0xd021, 0xd026, 0xd029, 0xd02a, 0xd02b, 0xd02f, 0xd030, 0xd031,
    0xd032, 0xd045, 0xd046, 0xd04c, 0xd04e, 0xd04f, 0xd052, 0xd055,
    0xd056, 0xd057, 0xd059, 0xd071, 0xd073, 0xd0a2, 0xd0a3, 0xd0a5,
    0xd0a7, 0xd0be, 0xd0c5, 0xd0c8, 0xd0d1, 0xd0fa, 0xd102, 0xd139,
    0xd1c9, 0xd21e, 0xd21f, 0xd220, 0xd221, 0xd222, 0xd265, 0xd271,
    0xd2cb, 0xd2e2, 0xd538, 0xd7a0, 0xd880
};

/*Collect the unicode lists and glyph_id offsets*/
static const lv_font_fmt_txt_cmap_t cmaps[] =
{
    {
        .range_start = 32, .range_length = 95, .glyph_id_start = 1,
        .unicode_list = NULL, .glyph_id_ofs_list = NULL, .list_length = 0, .type = LV_FONT_FMT_TXT_CMAP_FORMAT0_TINY
    },
    {
        .range_start = 160, .range_length = 96, .glyph_id_start = 96,
        .unicode_list = NULL, .glyph_id_ofs_list = NULL, .list_length = 0, .type = LV_FONT_FMT_TXT_CMAP_FORMAT0_TINY
    },
    {
        .range_start = 8226, .range_length = 55425, .glyph_id_start = 192,
        .unicode_list = unicode_list_2, .glyph_id_ofs_list = NULL, .list_length = 61, .type = LV_FONT_FMT_TXT_CMAP_SPARSE_TINY
    }
};

/*-----------------
 *    KERNING
 *----------------*/


/*Map glyph_ids to kern left classes*/
static const uint8_t kern_left_class_mapping[] =
{
    0, 1, 0, 2, 0, 0, 0, 0,
    2, 3, 0, 0, 0, 4, 5, 6,
    7, 8, 0, 9, 10, 11, 12, 13,
    14, 15, 16, 0, 0, 0, 0, 0,
    0, 0, 17, 18, 19, 20, 21, 22,
    23, 24, 24, 25, 26, 27, 24, 24,
    20, 28, 20, 29, 30, 31, 32, 33,
    34, 35, 36, 37, 38, 39, 0, 0,
    0, 0, 40, 41, 41, 42, 41, 43,
    0, 44, 45, 45, 46, 42, 44, 44,
    41, 41, 0, 47, 48, 49, 0, 50,
    51, 52, 0, 53, 38, 0, 54, 0,
    0, 0, 0, 0, 0, 0, 0, 0,
    0, 0, 0, 0, 0, 5, 0, 0,
    0, 0, 0, 0, 0, 0, 0, 0,
    0, 0, 0, 0, 0, 0, 0, 0,
    17, 17, 17, 17, 17, 17, 21, 19,
    21, 21, 21, 21, 0, 0, 55, 55,
    20, 24, 20, 20, 20, 20, 20, 0,
    20, 32, 32, 32, 32, 36, 56, 57,
    40, 40, 40, 40, 40, 40, 41, 41,
    41, 41, 41, 41, 45, 45, 58, 58,
    41, 44, 41, 41, 41, 41, 41, 0,
    41, 0, 0, 0, 0, 0, 41, 0,
    0, 0, 0, 0, 0, 0, 0, 0,
    0, 0, 0, 0, 0, 0, 0, 0,
    0, 0, 0, 0, 0, 0, 0, 0,
    0, 0, 0, 0, 0, 0, 0, 0,
    0, 0, 0, 0, 0, 0, 0, 0,
    0, 0, 0, 0, 0, 0, 0, 0,
    0, 0, 0, 0, 0, 0, 0, 0,
    0, 0, 0, 0, 0
};

/*Map glyph_ids to kern right classes*/
static const uint8_t kern_right_class_mapping[] =
{
    0, 1, 0, 2, 0, 0, 0, 0,
    2, 0, 3, 4, 0, 5, 6, 5,
    7, 8, 9, 10, 11, 12, 0, 13,
    14, 15, 16, 0, 0, 0, 0, 0,
    17, 0, 18, 19, 20, 19, 0, 0,
    20, 0, 0, 21, 0, 0, 0, 0,
    20, 0, 20, 0, 22, 23, 24, 25,
    26, 27, 28, 29, 0, 30, 31, 0,
    0, 0, 32, 33, 34, 34, 34, 35,
    34, 33, 36, 37, 33, 38, 39, 39,
    34, 39, 34, 39, 40, 41, 42, 43,
    44, 45, 42, 46, 47, 0, 31, 0,
    0, 0, 0, 0, 0, 0, 0, 0,
    0, 0, 0, 0, 0, 6, 48, 0,
    0, 0, 0, 0, 0, 0, 0, 0,
    0, 0, 0, 0, 0, 0, 0, 0,
    18, 18, 18, 18, 18, 18, 18, 20,
    0, 0, 0, 0, 0, 0, 49, 49,
    0, 0, 20, 20, 20, 20, 20, 0,
    20, 24, 24, 24, 24, 28, 0, 50,
    32, 32, 32, 32, 32, 32, 32, 34,
    34, 34, 34, 34, 51, 52, 53, 54,
    34, 39, 34, 34, 34, 34, 34, 0,
    34, 42, 42, 42, 42, 42, 33, 42,
    0, 0, 0, 0, 0, 0, 0, 0,
    0, 0, 0, 0, 0, 0, 0, 0,
    0, 0, 0, 0, 0, 0, 0, 0,
    0, 0, 0, 0, 0, 0, 0, 0,
    0, 0, 0, 0, 0, 0, 0, 0,
    0, 0, 0, 0, 0, 0, 0, 0,
    0, 0, 0, 0, 0, 0, 0, 0,
    0, 0, 0, 0, 0
};

/*Kern values between classes*/
static const int8_t kern_class_values[] =
{
    0, 0, 0, 0, -11, -10, 0, 0,
    0, 0, 0, 0, 0, 0, 0, 0,
    0, -5, 0, 0, 0, 0, -10, 0,
    -5, -2, 0, -4, 0, 0, 0, 0,
    0, 0, 0, 0, 0, 0, 0, 0,
    0, 0, 0, 0, 0, 0, -10, 0,
    0, 0, 0, 0, 0, 0, 0, 0,
    0, 0, 0, 0, 0, 0, 0, 0,
    0, -15, 0, 0, 0, 0, 0, -26,
    0, -1, -29, 0, 0, 0, 0, 0,
    0, 0, 0, 0, 0, -8, 0, -10,
    2, 0, 0, 0, 0, -2, 2, 0,
    0, 0, 0, 0, 0, 0, 0, 0,
    0, 0, 25, 25, 0, 0, 6, 0,
    0, 0, 0, -4, -11, -2, 0, -13,
    -4, 0, -4, -4, 0, -4, 0, -4,
    -12, -1, 0, 0, 0, 0, 0, 0,
    0, 0, 0, -2, 0, -6, -2, 0,
    14, 0, 0, -2, -2, -2, -6, -4,
    0, 0, 0, 0, 0, 0, 0, 0,
    24, 24, -11, 0, 0, 0, 0, 0,
    0, -5, -16, 0, 0, 0, -3, -12,
    0, 0, 0, 0, 0, -7, 0, 0,
    -34, -5, -25, -14, 0, -37, 0, 0,
    0, 0, 0, -2, -21, 0, 5, 0,
    0, 0, -21, 0, -14, -9, 0, 0,
    0, 0, 0, 0, 0, 0, 0, 0,
    -10, 0, 0, 0, 0, 0, 0, 0,
    0, 0, 0, 0, 0, -18, 0, 0,
    0, -4, 0, 0, 0, 0, -28, 0,
    -15, -5, -15, -32, -8, 0, 0, 0,
    0, 0, -8, 0, 0, 0, 0, 0,
    -8, 0, -5, -3, -13, -8, 0, 0,
    0, 0, 0, 0, 0, 0, -11, 0,
    0, 0, 0, 0, 0, -5, -16, 0,
    0, 0, -3, -12, 0, 0, 0, 0,
    0, -7, 0, 0, -34, -5, -25, -14,
    0, -37, 0, 0, 0, 0, 0, -2,
    -21, 0, 0, 0, 0, 0, -21, 0,
    -14, -9, 0, 0, 0, 0, 0, 0,
    0, 0, 0, 0, 0, 0, 0, 0,
    0, 0, 0, 0, 0, 0, 0, 0,
    0, 0, 0, 0, 0, -1, 0, 0,
    -10, 0, 5, 0, 5, 0, 0, 0,
    0, 0, 0, -5, 0, -6, 0, 8,
    8, 0, 0, -2, 0, 0, 0, 0,
    0, 0, 0, 0, 0, 0, 8, 8,
    33, 33, 0, 0, -4, 0, -5, 0,
    0, 0, 0, 0, 0, 0, 0, -7,
    0, 0, 0, 0, 0, 0, 0, 0,
    0, 0, 0, 0, 0, 0, 0, 0,
    -4, 0, 0, 0, 0, 0, 0, 0,
    0, 0, 0, 0, 0, 0, 0, 0,
    0, 0, 0, 0, 0, 0, 0, 0,
    0, 0, 0, 0, 0, -1, 0, 0,
    0, 0, -1, -8, 0, -3, 0, -1,
    0, 0, 0, 0, 0, 0, 0, 0,
    0, 0, 0, 0, 0, 0, 0, 0,
    0, 0, 0, 0, 0, 0, 0, 0,
    0, 0, 0, 0, 0, 0, 0, 0,
    0, 0, 0, 0, 0, 0, 0, 0,
    0, 0, 0, 0, 0, 0, -6, 0,
    0, 0, 0, 0, 0, 0, 0, 0,
    0, 0, 0, 0, 0, 0, 0, 0,
    0, 0, 0, 0, 0, 0, 0, 0,
    0, 0, 0, 0, 0, 0, 0, 0,
    0, 0, 0, 0, 0, 0, 0, 0,
    0, 0, 0, 0, 0, -13, 0, 0,
    0, 0, 0, 0, -11, 0, 0, 0,
    0, -13, 0, 0, 0, 0, 0, 0,
    0, 0, 0, 0, 0, 0, 0, 0,
    0, 0, 0, 0, 0, 0, 0, 0,
    0, 0, 0, 0, 0, 0, 0, 0,
    0, 0, 0, 0, 0, 0, 0, 0,
    0, 0, 0, 0, 0, 0, 0, 0,
    0, 0, -6, -3, 0, 0, 0, -4,
    0, 0, 0, 0, 0, 0, 0, 0,
    0, 0, 0, 0, 0, 0, 0, 0,
    0, 0, 0, 0, 0, 0, 0, 0,
    0, 0, 0, 0, 0, 0, 0, 0,
    0, 0, 0, 0, 0, 0, 0, 0,
    0, 0, -4, 0, 0, 0, 0, 0,
    -1, -1, 0, 0, 0, -5, 0, 0,
    0, 0, 0, 0, 0, 0, 0, 0,
    0, 0, 0, 0, 0, 0, -3, 0,
    0, 0, 0, 0, 0, 0, 0, 0,
    0, 0, 0, 0, 0, 0, 0, 0,
    0, 0, 0, 0, 0, 0, 0, 0,
    0, 0, -24, -18, 0, -2, -4, -2,
    0, -18, -2, 0, 0, 0, 0, 0,
    0, 0, 0, 0, 0, 0, 0, 0,
    0, 0, 0, 0, 0, 0, 0, 0,
    0, 0, 0, 0, 0, 0, 0, 0,
    0, 0, 0, 0, 0, 0, 0, 0,
    0, 0, 0, 0, 0, 0, -4, 0,
    0, 0, 0, 0, 0, 0, 0, 0,
    0, -4, 0, 0, 0, 0, 0, 0,
    0, 0, 0, 0, 0, 0, 0, 0,
    0, 0, -4, 0, 0, 0, 0, 0,
    0, 0, 0, 0, 0, 0, 0, 0,
    0, 0, 0, 0, 0, 0, 0, 0,
    0, 0, 0, 0, -4, 0, -3, 0,
    0, 0, 0, 0, 0, 0, 0, -7,
    0, 0, 0, 0, 0, 0, 0, 0,
    0, 0, 0, 0, 0, 0, 0, 0,
    -4, 0, 0, 0, 0, 0, 0, 0,
    0, 0, 0, 0, 0, 0, 0, 0,
    0, 0, 0, 0, 0, 0, 0, 0,
    -5, -26, -4, 0, 0, -4, 0, 0,
    0, 0, 0, 0, 0, 0, 0, 0,
    -10, 0, 0, -3, 0, 0, -25, -4,
    -17, -8, 0, -26, 0, -1, 0, 0,
    0, 0, -8, 0, 0, 0, 0, 0,
    -8, 0, -5, -2, 0, 0, 0, 0,
    0, 0, 0, 0, 0, 0, 0, 0,
    -2, 0, 0, 0, -1, 0, 0, 0,
    0, 0, 0, 0, 0, 0, 0, -2,
    0, 0, 0, 0, -5, 0, -4, 0,
    -5, -5, 0, 0, 0, 0, 0, 0,
    0, 0, 0, 0, 0, 0, 0, 0,
    0, 0, 0, 0, 0, 0, 0, 0,
    0, 0, 9, 9, 0, 0, 0, 0,
    0, 0, 0, 0, 0, 0, 0, 0,
    0, 0, 0, 0, 0, -2, 0, 0,
    0, 0, -5, 0, -2, 0, -3, -6,
    -2, 0, 0, 0, 0, 0, 0, 0,
    0, 0, 0, 0, 0, 0, 0, 0,
    0, 0, 0, 0, 0, 0, 0, 0,
    0, 0, 0, -2, -4, 0, -7, 0,
    -8, 0, 0, 0, 0, 0, 0, 0,
    0, 0, 0, -3, -8, 0, 0, 0,
    -10, 0, -5, -2, -8, -10, -5, 0,
    0, 0, 0, 0, 0, 0, 0, 0,
    0, 0, 0, 0, 0, 0, 0, 0,
    0, 0, 0, 0, 0, 0, 4, 4,
    0, 0, 0, 0, 0, -1, 0, 0,
    0, 0, 0, 0, 0, 0, 0, 0,
    0, 0, 0, 0, 0, 0, 0, 0,
    0, 0, 0, 0, 0, 0, 0, 0,
    0, 0, 0, 0, 0, 0, 0, 0,
    0, 0, 0, 0, 0, 0, 0, 0,
    0, 0, 0, 0, 15, 15, 0, 0,
    0, 0, -26, -1, -14, 0, 0, 0,
    0, 0, 0, 0, 0, 0, 0, -15,
    0, -2, 0, 0, 0, 0, 0, 0,
    0, 0, 0, 0, 0, -3, 0, -2,
    0, 0, 0, 0, 0, -3, 0, 0,
    0, 0, 0, 0, 0, 0, 0, 0,
    0, 0, 19, 19, 0, -5, 0, 0,
    0, 0, 0, 0, 0, 0, 0, 0,
    0, 0, 0, 0, 0, 0, 0, 0,
    0, 0, -10, 0, -6, -1, 0, -12,
    0, 0, 0, 0, 0, 0, 0, 0,
    0, 0, 0, 0, 0, 0, 0, 0,
    0, 0, 0, 0, 0, 0, 0, 0,
    0, 0, 0, 0, 0, 0, 0, 0,
    0, 0, 0, 0, 0, 0, 0, 0,
    0, 0, 0, 0, 0, 0, 0, 0,
    0, 0, 0, 0, 0, 0, 0, 0,
    0, 0, 0, 0, 0, 0, 0, 0,
    0, 0, 0, 0, 0, 0, 0, 0,
    0, 0, 0, 0, 0, 0, 11, 11,
    0, 0, 0, 0, -21, -17, -18, 0,
    0, 0, 0, 0, 0, 0, 0, 0,
    0, -12, 0, -6, -11, 0, 0, 0,
    0, 0, 0, 0, 0, 4, 0, -11,
    0, -11, 0, 0, 0, 0, -11, 0,
    0, -11, 0, 0, 0, 0, 0, 0,
    0, 0, 0, 0, 7, 7, 0, 0,
    0, 0, 0, -14, 0, 0, 0, 0,
    0, 0, 0, 0, 0, 0, 0, 0,
    0, -11, 0, -2, 0, 0, 0, 0,
    0, 0, 0, 0, 0, 0, 0, -6,
    -9, 0, 0, 0, 0, -4, -9, -4,
    -10, -6, 0, 0, 0, 0, 0, 0,
    0, 0, 12, 12, -10, -37, -3, 0,
    0, -14, 0, 0, 0, 0, 0, 0,
    0, 0, 0, 0, 0, 0, 0, -8,
    0, 0, -32, -6, -26, -9, 0, -42,
    0, -16, 0, 0, 0, -1, -16, 0,
    0, 0, 0, 0, -16, -1, -12, -4,
    0, 0, 0, 0, 0, 0, 0, 0,
    0, 0, 0, 0, -2, 0, -37, -11,
    -27, 0, 0, 0, 0, 0, 0, 0,
    0, 0, 0, -19, -1, 0, -17, 0,
    -1, 0, -2, 0, -7, -2, -7, 0,
    0, -4, 0, -5, 0, 0, 0, 0,
    0, -4, 0, 0, 0, 0, 0, 0,
    0, 0, 0, 0, 0, 0, 12, 12,
    0, 0, -2, 0, 0, 0, 0, 0,
    0, 0, 0, 0, 0, 0, 0, 0,
    0, 0, 0, 0, 0, 0, -4, 0,
    -4, 0, 0, -6, 0, 0, 0, 0,
    0, 0, 0, 0, 0, 0, 0, 0,
    0, 0, 0, 0, 0, 0, 0, 0,
    0, 0, 0, 0, 11, 11, 0, 0,
    -1, 0, 0, 0, -3, 0, 0, 0,
    0, 0, 0, 0, 0, 0, 0, 0,
    -1, 0, 0, 0, -9, 0, -4, 0,
    -4, -7, 0, 0, 0, 0, 0, 0,
    0, 0, 0, 0, 0, 0, 0, 0,
    0, 0, 0, 0, 0, 0, 0, 0,
    0, 0, 0, 0, -10, 0, 0, 0,
    -34, -28, -29, 0, 0, 0, 0, 0,
    0, 0, 0, 0, 0, -25, 0, -10,
    -31, -5, 0, 0, 0, 0, 0, 0,
    0, 5, 0, -31, 0, -34, -18, -4,
    -4, 0, -25, -29, -18, -26, -24, -25,
    -28, -27, 0, 0, 0, -10, -4, -6,
    19, 20, 0, 0, 0, 0, -5, 0,
    -6, 0, 0, 0, 0, 0, 0, 0,
    0, 0, 0, -4, 0, 0, 0, 0,
    0, 0, 0, 0, 0, 0, 0, 0,
    0, 0, 0, 0, 0, 0, 0, 0,
    0, 0, 0, 0, 0, 0, 0, 0,
    0, 0, 0, 0, 0, 0, 11, 11,
    -5, 0, 0, 0, -25, -15, -23, 0,
    0, 0, 0, 0, 0, 0, 0, 0,
    0, -17, 0, -5, 0, -3, 0, 0,
    0, 0, 0, 0, 0, 5, 0, -12,
    0, -12, -3, 0, 0, 0, -3, -11,
    -3, -4, -5, -5, -9, -2, 0, 0,
    0, 0, 0, 0, 20, 20, -2, 0,
    0, 0, -14, -5, -12, 0, 0, 0,
    0, 0, 0, 0, 0, 0, 0, -8,
    0, -2, 0, 0, 0, 0, 0, 0,
    0, 0, 0, 0, 0, -3, 0, -4,
    -1, 0, 0, 0, 0, 0, -1, 0,
    0, 0, 0, 0, 0, 0, 0, 0,
    0, 0, 18, 18, 0, 0, 0, 0,
    0, -15, 0, 0, 0, 0, 0, 0,
    0, 0, 0, 0, 0, 0, 0, -8,
    -3, -3, 0, 0, 0, 0, 0, 0,
    0, 0, 0, -2, 0, -6, -7, 0,
    0, 0, 0, -3, -7, -4, -7, -4,
    0, 0, 0, 0, 0, 0, 0, 0,
    11, 11, -4, 0, 0, 0, -37, -32,
    -29, 0, 0, 0, 0, 0, 0, 0,
    0, 0, 0, -26, 0, -10, -33, -7,
    0, 0, 0, 0, 0, 0, 0, 0,
    0, -29, 0, -31, -16, 0, 0, 0,
    -25, -28, -16, -26, -22, -23, -25, -25,
    0, 0, 0, 0, 0, 0, 15, 15,
    0, 0, 0, 0, 0, -15, 0, 0,
    0, 0, 0, 0, 0, 0, 0, 0,
    0, 0, 0, -5, 0, -1, 0, 0,
    0, 0, 0, 0, 0, 0, 0, 0,
    0, -4, -6, 0, 0, 0, 0, 0,
    -6, -2, -4, -2, 0, 0, 0, 0,
    0, 0, 0, 0, 12, 12, 0, 0,
    0, 0, 0, 0, 0, -4, -10, 0,
    0, -9, -4, 0, -4, -3, 0, 0,
    0, 0, 0, 0, 0, 0, 0, 0,
    0, 0, 0, 0, 0, 0, 0, -3,
    0, 0, 12, 0, 0, 0, 0, 0,
    -1, -1, -1, 0, 0, 0, 0, 0,
    0, 0, 26, 26, 0, 0, 0, 0,
    0, 0, 0, 0, 0, 0, 0, 0,
    0, 0, 0, 0, 0, 0, 0, -8,
    -3, -3, -29, -6, -23, -12, 0, -29,
    0, 0, 0, -3, 0, -6, -21, 0,
    24, 0, 0, -2, -21, -7, -8, -4,
    0, 0, 0, 0, 0, 0, 0, 0,
    0, 0, 0, -9, -5, 0, 0, -3,
    0, 0, 0, 0, 0, 0, 0, 0,
    0, 0, -6, 0, 0, 0, 0, 0,
    0, 0, 0, 0, 0, 0, 0, -8,
    0, 0, 0, -4, -12, 0, 0, 0,
    0, -1, -12, -5, -10, -2, 0, 0,
    0, 0, 0, 0, 0, 0, 0, 0,
    0, -10, -6, 0, -2, 0, -6, 0,
    0, 0, 0, 0, 0, 0, 0, 0,
    0, 0, 0, 0, 0, 0, 0, 0,
    0, 0, 0, 0, 0, -6, -3, 0,
    0, 0, -6, 0, 0, 0, 0, 0,
    -6, 0, -6, -2, -11, -5, 0, 0,
    0, 0, 0, 0, 0, 0, 0, 0,
    0, 0, 0, 0, 0, 0, 0, 0,
    0, 0, 0, 0, 0, 0, 0, 0,
    0, 0, 0, 0, 0, 0, 0, 0,
    0, 0, 0, 0, 0, 0, 0, 0,
    0, 0, 0, 0, 0, 0, 0, 0,
    0, 0, 0, 0, 0, 0, 0, 0,
    0, 0, 10, 10, 0, 4, 0, 0,
    -22, -5, -12, 0, 0, 0, 0, 0,
    0, 0, 0, 0, 0, 0, 0, 0,
    0, 0, 0, 0, 0, 0, 0, 0,
    0, 7, 0, -3, 0, -7, -40, -9,
    -9, -9, 0, -2, -5, 0, 0, 0,
    0, 0, 0, 0, 0, 0, 0, 0,
    13, 13, 0, -8, -2, 0, 0, 0,
    0, 0, 0, 0, 0, 0, 0, 0,
    0, 0, 0, 0, 0, 0, 0, 0,
    0, 0, 0, 0, 0, 0, 0, -7,
    -1, 0, 0, 0, -5, 0, 0, 0,
    0, 0, -5, -3, -5, -1, 0, 0,
    0, 0, 0, 0, 0, 0, 0, 0,
    0, 0, 0, 0, 0, 0, 0, 0,
    0, 0, 0, 0, 0, 0, 0, 0,
    0, 0, 0, 0, 0, 0, 0, 0,
    0, 0, 0, 0, 0, 8, 0, 0,
    0, 0, 0, 0, 0, 0, 0, 0,
    0, 0, 0, 0, 0, 0, 0, 0,
    0, 0, 0, 0, 15, 15, 0, 0,
    0, 0, 0, -12, 0, 0, 0, 0,
    0, 0, 0, 0, 0, 0, 0, 0,
    0, 0, 0, 0, 0, 0, 0, 0,
    0, 0, 0, 0, 0, -4, 0, -10,
    0, 0, 0, 0, 0, -5, 0, 0,
    0, 0, 0, 0, 0, 0, 0, 0,
    0, 0, 0, 0, 0, 0, 0, 0,
    -25, -6, -12, 0, 0, 0, 0, 0,
    0, 0, 0, 0, 0, 0, 0, 0,
    0, 0, 0, 0, 0, 0, 0, 0,
    0, 0, 0, -5, 0, -6, 0, 0,
    0, 0, 0, -4, 0, 0, 0, 0,
    0, 0, 0, 0, 0, 0, 0, 0,
    0, 0, 0, -4, -2, 0, 0, 0,
    -2, 0, 0, 0, 0, 0, 0, 0,
    0, 0, 0, 0, 0, 0, 0, 0,
    0, 0, 0, 0, 0, 0, 0, -2,
    0, -1, 0, 0, -4, 0, 0, 0,
    0, 0, -4, 0, -7, -1, -2, 0,
    0, 0, 0, 0, 0, 0, 0, 0,
    0, 2, 0, 0, 0, -6, 0, 0,
    0, 0, 0, 0, 0, 0, 0, 0,
    0, 0, 0, 0, 0, 0, 0, 0,
    0, 0, 0, 0, 0, 0, 0, 0,
    0, -6, -10, 0, 0, 0, 0, 0,
    -47, 0, 0, 0, 0, 0, 0, 0,
    0, 0, 0, 0, 0, 0, 0, 0,
    -6, 0, -14, -5, -8, 0, 0, 0,
    0, 0, 0, 0, 0, 0, 0, 0,
    0, 0, 0, 0, 0, 0, 0, 0,
    0, 0, 0, 0, -1, -5, 0, -6,
    0, 0, 0, 0, 0, -5, 0, 0,
    0, 0, 0, 0, 0, 0, 0, 0,
    0, 0, 0, 0, 0, 0, -4, 0,
    -9, -3, -4, 0, 0, 0, 0, 0,
    0, 0, 0, 0, 0, 0, 0, 0,
    0, 0, 0, 0, 0, 0, 0, 0,
    0, 0, -1, -1, 0, -2, 0, 0,
    0, 0, 0, -1, 0, 0, 0, 0,
    0, 0, 0, 0, 0, 0, 0, 0,
    0, 0, 0, 0, 0, 0, 0, -13,
    0, 0, 0, 0, 0, 0, 0, 0,
    0, 0, 0, 0, 0, 0, 0, 0,
    0, 0, 0, 0, 0, 0, 0, 0,
    -1, -4, 0, -11, 0, 0, 0, 0,
    0, -4, 0, 0, 0, 0, 0, 0,
    0, 0, 0, 0, 0, 0, 0, 0,
    0, 0, 0, 0, 0, -8, 0, 0,
    0, 0, 0, 0, 0, 0, 0, 0,
    0, 0, 0, 0, 0, 0, 0, 0,
    0, 0, 0, 0, 0, 0, 0, 0,
    0, -5, 0, 0, 0, 0, 0, 0,
    0, 0, 0, 0, 0, 0, 0, 0,
    0, 0, 0, 0, 0, 0, -10, 0,
    0, 0, 0, 0, 0, 0, 0, 0,
    0, 0, 0, 0, 0, 0, 0, 0,
    0, 0, 0, 0, 0, 0, 0, 0,
    0, 0, 0, 0, 0, 0, 0, 0,
    0, 0, 0, 0, 0, 0, 0, 0,
    0, 0, 0, 0, 0, 0, 0, 0,
    0, 0, 0, 0, 0, 0, 0, 0,
    0, 0, 0, 0, 0, 0, 0, 0,
    0, 0, 0, 0, 0, 0, 0, 0,
    0, 0, 0, 0, 0, 0, 0, 0,
    0, 0, 0, 0, 0, 0, 0, 0,
    0, 0, 0, 0, 0, 0, 0, 0,
    0, 0, 0, 0, 45, 0, 0, 0,
    0, 0, 0, 0, 0, 0, 0, 0,
    0, 0, 0, 0, 0, 0, 0, 0,
    0, 0, 0, -9, 0, 0, 0, 0,
    -19, 0, -7, -1, -17, -16, -14, 0,
    0, 0, 0, 0, 0, 0, 0, 0,
    0, 0, 0, 0, 0, 0, 0, 0,
    0, 0, 0, 0, 0, 0, 0, 0,
    0, 0, 0, 0, 0, 0, 0, 0,
    0, 0, 0, 0, 0, 0, 0, 0,
    0, 0, 0, 0, 0, 0, 0, 0,
    0, 0, 0, 0, 0, 0, 0, 0,
    0, 0, -9, 0, 0, 0, 0, 0,
    -9, 0, -10, -6, 0, 0, 0, 0,
    0, 0, 0, 0, 0, 0, 0, 25,
    24, 17, 0, 0, 0, 0, 0, 0,
    0, 0, 0, 0, 0, 0, 24, 0,
    0, 0, 0, 0, 0, 0, 0, 0,
    0, 0, 0, 33, 26, 0, 10, 0,
    0, 13, 13, 10, 0, 0, 0, 0,
    0, 0, 0, 0, 0, 24, 0, 0,
    13, 13, 45, 45
};


/*Collect the kern class' data in one place*/
static const lv_font_fmt_txt_kern_classes_t kern_classes =
{
    .class_pair_values   = kern_class_values,
    .left_class_mapping  = kern_left_class_mapping,
    .right_class_mapping = kern_right_class_mapping,
    .left_class_cnt      = 58,
    .right_class_cnt     = 54,
};

/*--------------------
 *  ALL CUSTOM DATA
 *--------------------*/

#if LVGL_VERSION_MAJOR == 8
/*Store all the custom data of the font*/
static  lv_font_fmt_txt_glyph_cache_t cache;
#endif

#if LVGL_VERSION_MAJOR >= 8
static const lv_font_fmt_txt_dsc_t font_dsc = {
#else
static lv_font_fmt_txt_dsc_t font_dsc = {
#endif
    .glyph_bitmap = glyph_bitmap,
    .glyph_dsc = glyph_dsc,
    .cmaps = cmaps,
    .kern_dsc = &kern_classes,
    .kern_scale = 16,
    .cmap_num = 3,
    .bpp = 4,
    .kern_classes = 1,
    .bitmap_format = 0,
#if LVGL_VERSION_MAJOR == 8
    .cache = &cache
#endif
};



/*-----------------
 *  PUBLIC FONT
 *----------------*/

/*Initialize a public general font descriptor*/
#if LVGL_VERSION_MAJOR >= 8
const lv_font_t fonte_22 = {
#else
lv_font_t fonte_22 = {
#endif
    .get_glyph_dsc = lv_font_get_glyph_dsc_fmt_txt,    /*Function pointer to get glyph's data*/
    .get_glyph_bitmap = lv_font_get_bitmap_fmt_txt,    /*Function pointer to get glyph's bitmap*/
    .line_height = 26,          /*The maximum line height required by the font*/
    .base_line = 5,             /*Baseline measured from the bottom of the line*/
#if !(LVGL_VERSION_MAJOR == 6 && LVGL_VERSION_MINOR == 0)
    .subpx = LV_FONT_SUBPX_NONE,
#endif
#if LV_VERSION_CHECK(7, 4, 0) || LVGL_VERSION_MAJOR >= 8
    .underline_position = -2,
    .underline_thickness = 1,
#endif
    .dsc = &font_dsc,          /*The custom font data. Will be accessed by `get_glyph_bitmap/dsc` */
#if LV_VERSION_CHECK(8, 2, 0) || LVGL_VERSION_MAJOR >= 9
    .fallback = NULL,
#endif
    .user_data = NULL,
};



#endif /*#if FONTE_22*/

